index,airline,flight,source_city,departure_time,stops,arrival_time,destination_city,class,duration,days_left,price
0,SpiceJet,SG-8709,Delhi,Evening,zero,Night,Mumbai,Economy,2.17,1,5953
1,SpiceJet,SG-8157,Delhi,Early_Morning,zero,Morning,Mumbai,Economy,2.33,1,5953
28,SpiceJet,SG-8169,Delhi,Evening,zero,Night,Mumbai,Economy,2.33,1,10260
38,SpiceJet,SG-2976,Delhi,Evening,one,Night,Mumbai,Economy,4.5,1,12123
39,SpiceJet,SG-2976,Delhi,Evening,one,Morning,Mumbai,Economy,15.25,1,12123
45,SpiceJet,SG-339,Delhi,Evening,one,Afternoon,Mumbai,Economy,19.58,1,12230
80,SpiceJet,SG-3002,Delhi,Early_Morning,one,Morning,Mumbai,Economy,4.25,1,15720
118,SpiceJet,SG-8803,Delhi,Early_Morning,zero,Morning,Mumbai,Economy,2.25,2,5953
119,SpiceJet,SG-8169,Delhi,Evening,zero,Night,Mumbai,Economy,2.33,2,5953
138,SpiceJet,SG-8157,Delhi,Early_Morning,zero,Morning,Mumbai,Economy,2.33,2,5955
160,SpiceJet,SG-2976,Delhi,Evening,one,Night,Mumbai,Economy,4.5,2,8869
161,SpiceJet,SG-2976,Delhi,Evening,one,Morning,Mumbai,Economy,15.25,2,9183
194,SpiceJet,SG-2277,Delhi,Afternoon,one,Evening,Mumbai,Economy,25.75,2,12850
227,SpiceJet,SG-3002,Delhi,Early_Morning,one,Morning,Mumbai,Economy,4.25,2,15720
251,SpiceJet,SG-8803,Delhi,Early_Morning,zero,Morning,Mumbai,Economy,2.25,3,5953
252,SpiceJet,SG-8157,Delhi,Early_Morning,zero,Morning,Mumbai,Economy,2.33,3,5953
253,SpiceJet,SG-8169,Delhi,Evening,zero,Night,Mumbai,Economy,2.33,3,5953
274,SpiceJet,SG-8709,Delhi,Evening,zero,Night,Mumbai,Economy,2.17,3,6060
275,SpiceJet,SG-8483,Delhi,Evening,one,Early_Morning,Mumbai,Economy,13.25,3,6270
294,SpiceJet,SG-2976,Delhi,Evening,one,Morning,Mumbai,Economy,15.25,3,10759
306,SpiceJet,SG-2976,Delhi,Evening,one,Night,Mumbai,Economy,4.5,3,11809
311,SpiceJet,SG-2277,Delhi,Afternoon,one,Evening,Mumbai,Economy,25.75,3,12010
331,SpiceJet,SG-3002,Delhi,Early_Morning,one,Morning,Mumbai,Economy,4.25,3,13200
398,SpiceJet,SG-8709,Delhi,Evening,zero,Night,Mumbai,Economy,2.17,4,5953
399,SpiceJet,SG-1089,Delhi,Early_Morning,zero,Morning,Mumbai,Economy,2.25,4,5953
400,SpiceJet,SG-1061,Delhi,Early_Morning,zero,Morning,Mumbai,Economy,2.33,4,5953
401,SpiceJet,SG-8157,Delhi,Early_Morning,zero,Morning,Mumbai,Economy,2.33,4,5953
402,SpiceJet,SG-1063,Delhi,Evening,zero,Night,Mumbai,Economy,2.33,4,5953
403,SpiceJet,SG-8169,Delhi,Evening,zero,Night,Mumbai,Economy,2.33,4,5953
423,SpiceJet,SG-8803,Delhi,Early_Morning,zero,Morning,Mumbai,Economy,2.25,4,5955
444,SpiceJet,SG-2976,Delhi,Evening,one,Night,Mumbai,Economy,4.5,4,5955
448,SpiceJet,SG-2976,Delhi,Evening,one,Morning,Mumbai,Economy,15.25,4,5955
449,SpiceJet,SG-2277,Delhi,Afternoon,one,Evening,Mumbai,Economy,25.75,4,5955
452,SpiceJet,SG-8483,Delhi,Evening,one,Early_Morning,Mumbai,Economy,13.25,4,6270
520,SpiceJet,SG-339,Delhi,Afternoon,one,Afternoon,Mumbai,Economy,21.08,4,12228
540,SpiceJet,SG-3002,Delhi,Early_Morning,one,Morning,Mumbai,Economy,4.25,4,13200
563,SpiceJet,SG-1091,Delhi,Evening,zero,Night,Mumbai,Economy,2.17,5,5953
564,SpiceJet,SG-8709,Delhi,Evening,zero,Night,Mumbai,Economy,2.17,5,5953
565,SpiceJet,SG-1089,Delhi,Early_Morning,zero,Morning,Mumbai,Economy,2.25,5,5953
566,SpiceJet,SG-8803,Delhi,Early_Morning,zero,Morning,Mumbai,Economy,2.25,5,5953
567,SpiceJet,SG-1061,Delhi,Early_Morning,zero,Morning,Mumbai,Economy,2.33,5,5953
568,SpiceJet,SG-8157,Delhi,Early_Morning,zero,Morning,Mumbai,Economy,2.33,5,5953
569,SpiceJet,SG-1063,Delhi,Evening,zero,Night,Mumbai,Economy,2.33,5,5953
570,SpiceJet,SG-8169,Delhi,Evening,zero,Night,Mumbai,Economy,2.33,5,5953
619,SpiceJet,SG-2976,Delhi,Evening,one,Night,Mumbai,Economy,4.5,5,5955
620,SpiceJet,SG-2976,Delhi,Evening,one,Morning,Mumbai,Economy,15.25,5,5955
621,SpiceJet,SG-8339,Delhi,Morning,one,Afternoon,Mumbai,Economy,24.67,5,5955
622,SpiceJet,SG-2277,Delhi,Afternoon,one,Evening,Mumbai,Economy,25.75,5,5955
624,SpiceJet,SG-8483,Delhi,Evening,one,Early_Morning,Mumbai,Economy,13.25,5,6270
665,SpiceJet,SG-3002,Delhi,Early_Morning,one,Morning,Mumbai,Economy,4.25,5,10260
738,SpiceJet,SG-1091,Delhi,Evening,zero,Night,Mumbai,Economy,2.17,6,5953
739,SpiceJet,SG-8709,Delhi,Evening,zero,Night,Mumbai,Economy,2.17,6,5953
740,SpiceJet,SG-1089,Delhi,Early_Morning,zero,Morning,Mumbai,Economy,2.25,6,5953
741,SpiceJet,SG-8803,Delhi,Early_Morning,zero,Morning,Mumbai,Economy,2.25,6,5953
742,SpiceJet,SG-1061,Delhi,Early_Morning,zero,Morning,Mumbai,Economy,2.33,6,5953
743,SpiceJet,SG-8157,Delhi,Early_Morning,zero,Morning,Mumbai,Economy,2.33,6,5953
744,SpiceJet,SG-1063,Delhi,Evening,zero,Night,Mumbai,Economy,2.33,6,5953
745,SpiceJet,SG-8169,Delhi,Evening,zero,Night,Mumbai,Economy,2.33,6,5953
799,SpiceJet,SG-2976,Delhi,Evening,one,Night,Mumbai,Economy,4.5,6,6060
800,SpiceJet,SG-2277,Delhi,Afternoon,one,Evening,Mumbai,Economy,25.75,6,6060
802,SpiceJet,SG-8483,Delhi,Evening,one,Early_Morning,Mumbai,Economy,13.25,6,6270
844,SpiceJet,SG-2976,Delhi,Evening,one,Morning,Mumbai,Economy,15.25,6,11281
877,SpiceJet,SG-3002,Delhi,Early_Morning,one,Morning,Mumbai,Economy,4.25,6,12360
898,SpiceJet,SG-339,Delhi,Afternoon,one,Afternoon,Mumbai,Economy,21.08,6,14328
919,SpiceJet,SG-8709,Delhi,Evening,zero,Night,Mumbai,Economy,2.17,7,5953
920,SpiceJet,SG-1089,Delhi,Early_Morning,zero,Morning,Mumbai,Economy,2.25,7,5953
921,SpiceJet,SG-8803,Delhi,Early_Morning,zero,Morning,Mumbai,Economy,2.25,7,5953
922,SpiceJet,SG-1061,Delhi,Early_Morning,zero,Morning,Mumbai,Economy,2.33,7,5953
923,SpiceJet,SG-8157,Delhi,Early_Morning,zero,Morning,Mumbai,Economy,2.33,7,5953
924,SpiceJet,SG-1063,Delhi,Evening,zero,Night,Mumbai,Economy,2.33,7,5953
925,SpiceJet,SG-8169,Delhi,Evening,zero,Night,Mumbai,Economy,2.33,7,5953
971,SpiceJet,SG-2976,Delhi,Evening,one,Night,Mumbai,Economy,4.5,7,5955
974,SpiceJet,SG-2976,Delhi,Evening,one,Morning,Mumbai,Economy,15.25,7,5955
975,SpiceJet,SG-8483,Delhi,Evening,one,Early_Morning,Mumbai,Economy,13.25,7,6060
1049,SpiceJet,SG-2277,Delhi,Afternoon,one,Evening,Mumbai,Economy,25.75,7,12010
1092,SpiceJet,SG-3002,Delhi,Early_Morning,one,Morning,Mumbai,Economy,4.25,7,15720
1104,SpiceJet,SG-1091,Delhi,Evening,zero,Night,Mumbai,Economy,2.17,8,5953
1105,SpiceJet,SG-8709,Delhi,Evening,zero,Night,Mumbai,Economy,2.17,8,5953
1106,SpiceJet,SG-1089,Delhi,Early_Morning,zero,Morning,Mumbai,Economy,2.25,8,5953
1107,SpiceJet,SG-8803,Delhi,Early_Morning,zero,Morning,Mumbai,Economy,2.25,8,5953
1108,SpiceJet,SG-1061,Delhi,Early_Morning,zero,Morning,Mumbai,Economy,2.33,8,5953
1109,SpiceJet,SG-8157,Delhi,Early_Morning,zero,Morning,Mumbai,Economy,2.33,8,5953
1110,SpiceJet,SG-1063,Delhi,Evening,zero,Night,Mumbai,Economy,2.33,8,5953
1111,SpiceJet,SG-8169,Delhi,Evening,zero,Night,Mumbai,Economy,2.33,8,5953
1150,SpiceJet,SG-2976,Delhi,Evening,one,Night,Mumbai,Economy,4.5,8,5955
1155,SpiceJet,SG-8483,Delhi,Evening,one,Early_Morning,Mumbai,Economy,13.25,8,6060
1200,SpiceJet,SG-3002,Delhi,Early_Morning,one,Morning,Mumbai,Economy,4.25,8,10260
1243,SpiceJet,SG-2976,Delhi,Evening,one,Morning,Mumbai,Economy,15.25,8,12857
1281,SpiceJet,SG-2277,Delhi,Afternoon,one,Evening,Mumbai,Economy,25.75,8,19464
1286,SpiceJet,SG-1089,Delhi,Early_Morning,zero,Morning,Mumbai,Economy,2.25,9,5955
1287,SpiceJet,SG-8803,Delhi,Early_Morning,zero,Morning,Mumbai,Economy,2.25,9,5955
1288,SpiceJet,SG-1061,Delhi,Early_Morning,zero,Morning,Mumbai,Economy,2.33,9,5955
1289,SpiceJet,SG-8157,Delhi,Early_Morning,zero,Morning,Mumbai,Economy,2.33,9,5955
1290,SpiceJet,SG-1063,Delhi,Evening,zero,Night,Mumbai,Economy,2.33,9,5955
1291,SpiceJet,SG-8169,Delhi,Evening,zero,Night,Mumbai,Economy,2.33,9,5955
1331,SpiceJet,SG-8709,Delhi,Evening,zero,Night,Mumbai,Economy,2.17,9,6060
1332,SpiceJet,SG-8483,Delhi,Evening,one,Early_Morning,Mumbai,Economy,13.25,9,6060
1368,SpiceJet,SG-2976,Delhi,Evening,one,Night,Mumbai,Economy,4.5,9,10233
1369,SpiceJet,SG-2976,Delhi,Evening,one,Morning,Mumbai,Economy,15.25,9,10233
1412,SpiceJet,SG-3002,Delhi,Early_Morning,one,Morning,Mumbai,Economy,4.25,9,13200
1431,SpiceJet,SG-2277,Delhi,Afternoon,one,Evening,Mumbai,Economy,25.75,9,15771
1462,SpiceJet,SG-1089,Delhi,Early_Morning,zero,Morning,Mumbai,Economy,2.25,10,5953
1463,SpiceJet,SG-8803,Delhi,Early_Morning,zero,Morning,Mumbai,Economy,2.25,10,5953
1464,SpiceJet,SG-1061,Delhi,Early_Morning,zero,Morning,Mumbai,Economy,2.33,10,5953
1465,SpiceJet,SG-8157,Delhi,Early_Morning,zero,Morning,Mumbai,Economy,2.33,10,5953
1493,SpiceJet,SG-8709,Delhi,Evening,zero,Night,Mumbai,Economy,2.17,10,6270
1494,SpiceJet,SG-8483,Delhi,Evening,one,Early_Morning,Mumbai,Economy,13.25,10,6270
1500,SpiceJet,SG-8169,Delhi,Evening,zero,Night,Mumbai,Economy,2.33,10,6480
1545,SpiceJet,SG-2976,Delhi,Evening,one,Morning,Mumbai,Economy,15.25,10,10651
1549,SpiceJet,SG-2277,Delhi,Afternoon,one,Evening,Mumbai,Economy,25.75,10,11047
1556,SpiceJet,SG-3002,Delhi,Early_Morning,one,Morning,Mumbai,Economy,4.25,10,11624
1575,SpiceJet,SG-2976,Delhi,Evening,one,Night,Mumbai,Economy,4.5,10,11911
1644,SpiceJet,SG-8709,Delhi,Evening,zero,Night,Mumbai,Economy,2.17,11,5953
1645,SpiceJet,SG-1089,Delhi,Early_Morning,zero,Morning,Mumbai,Economy,2.25,11,5953
1646,SpiceJet,SG-8803,Delhi,Early_Morning,zero,Morning,Mumbai,Economy,2.25,11,5953
1647,SpiceJet,SG-1061,Delhi,Early_Morning,zero,Morning,Mumbai,Economy,2.33,11,5953
1648,SpiceJet,SG-8157,Delhi,Early_Morning,zero,Morning,Mumbai,Economy,2.33,11,5953
1649,SpiceJet,SG-8169,Delhi,Evening,zero,Night,Mumbai,Economy,2.33,11,5953
1717,SpiceJet,SG-2976,Delhi,Evening,one,Night,Mumbai,Economy,4.5,11,5955
1721,SpiceJet,SG-2976,Delhi,Evening,one,Morning,Mumbai,Economy,15.25,11,5955
1722,SpiceJet,SG-2277,Delhi,Afternoon,one,Evening,Mumbai,Economy,25.75,11,5955
1723,SpiceJet,SG-8483,Delhi,Evening,one,Early_Morning,Mumbai,Economy,13.25,11,6060
1786,SpiceJet,SG-339,Delhi,Afternoon,one,Afternoon,Mumbai,Economy,21.08,11,11598
1852,SpiceJet,SG-3002,Delhi,Early_Morning,one,Morning,Mumbai,Economy,4.25,11,15720
1858,SpiceJet,SG-1091,Delhi,Evening,zero,Night,Mumbai,Economy,2.17,12,5955
1859,SpiceJet,SG-8709,Delhi,Evening,zero,Night,Mumbai,Economy,2.17,12,5955
1860,SpiceJet,SG-1089,Delhi,Early_Morning,zero,Morning,Mumbai,Economy,2.25,12,5955
1861,SpiceJet,SG-8803,Delhi,Early_Morning,zero,Morning,Mumbai,Economy,2.25,12,5955
1862,SpiceJet,SG-1061,Delhi,Early_Morning,zero,Morning,Mumbai,Economy,2.33,12,5955
1863,SpiceJet,SG-8157,Delhi,Early_Morning,zero,Morning,Mumbai,Economy,2.33,12,5955
1864,SpiceJet,SG-1063,Delhi,Evening,zero,Night,Mumbai,Economy,2.33,12,5955
1865,SpiceJet,SG-8169,Delhi,Evening,zero,Night,Mumbai,Economy,2.33,12,5955
1935,SpiceJet,SG-3002,Delhi,Early_Morning,one,Morning,Mumbai,Economy,4.25,12,5955
1937,SpiceJet,SG-2976,Delhi,Evening,one,Night,Mumbai,Economy,4.5,12,5955
1944,SpiceJet,SG-2976,Delhi,Evening,one,Morning,Mumbai,Economy,15.25,12,5955
1945,SpiceJet,SG-8483,Delhi,Evening,one,Early_Morning,Mumbai,Economy,13.25,12,6060
1946,SpiceJet,SG-2277,Delhi,Afternoon,one,Evening,Mumbai,Economy,25.75,12,6060
2077,SpiceJet,SG-8709,Delhi,Evening,zero,Night,Mumbai,Economy,2.17,13,5953
2078,SpiceJet,SG-1089,Delhi,Early_Morning,zero,Morning,Mumbai,Economy,2.25,13,5953
2079,SpiceJet,SG-1061,Delhi,Early_Morning,zero,Morning,Mumbai,Economy,2.33,13,5953
2080,SpiceJet,SG-8157,Delhi,Early_Morning,zero,Morning,Mumbai,Economy,2.33,13,5953
2081,SpiceJet,SG-1063,Delhi,Evening,zero,Night,Mumbai,Economy,2.33,13,5953
2082,SpiceJet,SG-8169,Delhi,Evening,zero,Night,Mumbai,Economy,2.33,13,5953
2115,SpiceJet,SG-8803,Delhi,Early_Morning,zero,Morning,Mumbai,Economy,2.25,13,5955
2136,SpiceJet,SG-3002,Delhi,Early_Morning,one,Morning,Mumbai,Economy,4.25,13,5951
2158,SpiceJet,SG-2976,Delhi,Evening,one,Night,Mumbai,Economy,4.5,13,5955
2163,SpiceJet,SG-2976,Delhi,Evening,one,Morning,Mumbai,Economy,15.25,13,5955
2164,SpiceJet,SG-339,Delhi,Afternoon,one,Afternoon,Mumbai,Economy,21.08,13,5955
2165,SpiceJet,SG-8483,Delhi,Evening,one,Early_Morning,Mumbai,Economy,13.25,13,6060
2166,SpiceJet,SG-2277,Delhi,Afternoon,one,Evening,Mumbai,Economy,25.75,13,6060
2297,SpiceJet,SG-1091,Delhi,Evening,zero,Night,Mumbai,Economy,2.17,14,5955
2298,SpiceJet,SG-8709,Delhi,Evening,zero,Night,Mumbai,Economy,2.17,14,5955
2299,SpiceJet,SG-1089,Delhi,Early_Morning,zero,Morning,Mumbai,Economy,2.25,14,5955
2300,SpiceJet,SG-8803,Delhi,Early_Morning,zero,Morning,Mumbai,Economy,2.25,14,5955
2301,SpiceJet,SG-1061,Delhi,Early_Morning,zero,Morning,Mumbai,Economy,2.33,14,5955
2302,SpiceJet,SG-8157,Delhi,Early_Morning,zero,Morning,Mumbai,Economy,2.33,14,5955
2303,SpiceJet,SG-1063,Delhi,Evening,zero,Night,Mumbai,Economy,2.33,14,5955
2304,SpiceJet,SG-8169,Delhi,Evening,zero,Night,Mumbai,Economy,2.33,14,5955
2306,SpiceJet,SG-2976,Delhi,Evening,one,Morning,Mumbai,Economy,15.25,14,5955
2377,SpiceJet,SG-2976,Delhi,Evening,one,Night,Mumbai,Economy,4.5,14,5955
2384,SpiceJet,SG-8483,Delhi,Evening,one,Early_Morning,Mumbai,Economy,13.25,14,5955
2385,SpiceJet,SG-2277,Delhi,Afternoon,one,Evening,Mumbai,Economy,25.75,14,5955
2389,SpiceJet,SG-3002,Delhi,Early_Morning,one,Morning,Mumbai,Economy,4.25,14,6270
2547,SpiceJet,SG-1091,Delhi,Evening,zero,Night,Mumbai,Economy,2.17,15,2621
2548,SpiceJet,SG-8709,Delhi,Evening,zero,Night,Mumbai,Economy,2.17,15,2621
2549,SpiceJet,SG-1089,Delhi,Early_Morning,zero,Morning,Mumbai,Economy,2.25,15,2621
2550,SpiceJet,SG-8803,Delhi,Early_Morning,zero,Morning,Mumbai,Economy,2.25,15,2621
2551,SpiceJet,SG-1061,Delhi,Early_Morning,zero,Morning,Mumbai,Economy,2.33,15,2621
2552,SpiceJet,SG-8157,Delhi,Early_Morning,zero,Morning,Mumbai,Economy,2.33,15,2621
2553,SpiceJet,SG-1063,Delhi,Evening,zero,Night,Mumbai,Economy,2.33,15,2621
2554,SpiceJet,SG-8169,Delhi,Evening,zero,Night,Mumbai,Economy,2.33,15,2621
2555,SpiceJet,SG-3002,Delhi,Early_Morning,one,Morning,Mumbai,Economy,4.25,15,2621
2566,SpiceJet,SG-2976,Delhi,Evening,one,Night,Mumbai,Economy,4.5,15,3024
2568,SpiceJet,SG-8483,Delhi,Evening,one,Early_Morning,Mumbai,Economy,13.25,15,3519
2569,SpiceJet,SG-2277,Delhi,Afternoon,one,Evening,Mumbai,Economy,25.75,15,3519
2575,SpiceJet,SG-2976,Delhi,Evening,one,Morning,Mumbai,Economy,15.25,15,4053
2667,SpiceJet,SG-339,Delhi,Afternoon,one,Afternoon,Mumbai,Economy,21.08,15,6049
2758,SpiceJet,SG-8709,Delhi,Evening,zero,Night,Mumbai,Economy,2.17,16,2621
2759,SpiceJet,SG-1089,Delhi,Early_Morning,zero,Morning,Mumbai,Economy,2.25,16,2621
2760,SpiceJet,SG-8803,Delhi,Early_Morning,zero,Morning,Mumbai,Economy,2.25,16,2621
2761,SpiceJet,SG-1061,Delhi,Early_Morning,zero,Morning,Mumbai,Economy,2.33,16,2621
2762,SpiceJet,SG-8157,Delhi,Early_Morning,zero,Morning,Mumbai,Economy,2.33,16,2621
2763,SpiceJet,SG-1063,Delhi,Evening,zero,Night,Mumbai,Economy,2.33,16,2621
2764,SpiceJet,SG-8169,Delhi,Evening,zero,Night,Mumbai,Economy,2.33,16,2621
2777,SpiceJet,SG-3002,Delhi,Early_Morning,one,Morning,Mumbai,Economy,4.25,16,2937
2783,SpiceJet,SG-8483,Delhi,Evening,one,Early_Morning,Mumbai,Economy,13.25,16,3519
2784,SpiceJet,SG-2277,Delhi,Afternoon,one,Evening,Mumbai,Economy,25.75,16,3519
2790,SpiceJet,SG-2976,Delhi,Evening,one,Morning,Mumbai,Economy,15.25,16,3791
2799,SpiceJet,SG-2976,Delhi,Evening,one,Night,Mumbai,Economy,4.5,16,4683
2961,SpiceJet,SG-8709,Delhi,Evening,zero,Night,Mumbai,Economy,2.17,17,2621
2962,SpiceJet,SG-1089,Delhi,Early_Morning,zero,Morning,Mumbai,Economy,2.25,17,2621
2963,SpiceJet,SG-8803,Delhi,Early_Morning,zero,Morning,Mumbai,Economy,2.25,17,2621
2964,SpiceJet,SG-1061,Delhi,Early_Morning,zero,Morning,Mumbai,Economy,2.33,17,2621
2965,SpiceJet,SG-8157,Delhi,Early_Morning,zero,Morning,Mumbai,Economy,2.33,17,2621
2966,SpiceJet,SG-1063,Delhi,Evening,zero,Night,Mumbai,Economy,2.33,17,2621
2967,SpiceJet,SG-8169,Delhi,Evening,zero,Night,Mumbai,Economy,2.33,17,2621
2981,SpiceJet,SG-3002,Delhi,Early_Morning,one,Morning,Mumbai,Economy,4.25,17,3251
2984,SpiceJet,SG-8483,Delhi,Evening,one,Early_Morning,Mumbai,Economy,13.25,17,3519
2985,SpiceJet,SG-2277,Delhi,Afternoon,one,Evening,Mumbai,Economy,25.75,17,3519
2991,SpiceJet,SG-2976,Delhi,Evening,one,Morning,Mumbai,Economy,15.25,17,3791
3047,SpiceJet,SG-2976,Delhi,Evening,one,Night,Mumbai,Economy,4.5,17,5523
3187,SpiceJet,SG-1091,Delhi,Evening,zero,Night,Mumbai,Economy,2.17,18,2621
3188,SpiceJet,SG-8709,Delhi,Evening,zero,Night,Mumbai,Economy,2.17,18,2621
3189,SpiceJet,SG-1089,Delhi,Early_Morning,zero,Morning,Mumbai,Economy,2.25,18,2621
3190,SpiceJet,SG-8803,Delhi,Early_Morning,zero,Morning,Mumbai,Economy,2.25,18,2621
3191,SpiceJet,SG-1061,Delhi,Early_Morning,zero,Morning,Mumbai,Economy,2.33,18,2621
3192,SpiceJet,SG-8157,Delhi,Early_Morning,zero,Morning,Mumbai,Economy,2.33,18,2621
3193,SpiceJet,SG-1063,Delhi,Evening,zero,Night,Mumbai,Economy,2.33,18,2621
3194,SpiceJet,SG-8169,Delhi,Evening,zero,Night,Mumbai,Economy,2.33,18,2621
3195,SpiceJet,SG-3002,Delhi,Early_Morning,one,Morning,Mumbai,Economy,4.25,18,2621
3206,SpiceJet,SG-2976,Delhi,Evening,one,Night,Mumbai,Economy,4.5,18,3024
3212,SpiceJet,SG-8483,Delhi,Evening,one,Early_Morning,Mumbai,Economy,13.25,18,3519
3213,SpiceJet,SG-2976,Delhi,Evening,one,Morning,Mumbai,Economy,15.25,18,3519
3220,SpiceJet,SG-2277,Delhi,Afternoon,one,Evening,Mumbai,Economy,25.75,18,3835
3342,SpiceJet,SG-339,Delhi,Afternoon,one,Afternoon,Mumbai,Economy,21.08,18,8016
3409,SpiceJet,SG-8709,Delhi,Evening,zero,Night,Mumbai,Economy,2.17,19,2621
3410,SpiceJet,SG-8803,Delhi,Early_Morning,zero,Morning,Mumbai,Economy,2.25,19,2621
3411,SpiceJet,SG-8157,Delhi,Early_Morning,zero,Morning,Mumbai,Economy,2.33,19,2621
3412,SpiceJet,SG-8169,Delhi,Evening,zero,Night,Mumbai,Economy,2.33,19,2621
3413,SpiceJet,SG-3002,Delhi,Early_Morning,one,Morning,Mumbai,Economy,4.25,19,2621
3428,SpiceJet,SG-2976,Delhi,Evening,one,Night,Mumbai,Economy,4.5,19,3519
3429,SpiceJet,SG-8483,Delhi,Evening,one,Early_Morning,Mumbai,Economy,13.25,19,3519
3430,SpiceJet,SG-2976,Delhi,Evening,one,Morning,Mumbai,Economy,15.25,19,3519
3431,SpiceJet,SG-339,Delhi,Afternoon,one,Afternoon,Mumbai,Economy,21.08,19,3519
3432,SpiceJet,SG-2277,Delhi,Afternoon,one,Evening,Mumbai,Economy,25.75,19,3519
3625,SpiceJet,SG-8709,Delhi,Evening,zero,Night,Mumbai,Economy,2.17,20,2621
3626,SpiceJet,SG-8803,Delhi,Early_Morning,zero,Morning,Mumbai,Economy,2.25,20,2621
3627,SpiceJet,SG-8157,Delhi,Early_Morning,zero,Morning,Mumbai,Economy,2.33,20,2621
3628,SpiceJet,SG-8169,Delhi,Evening,zero,Night,Mumbai,Economy,2.33,20,2621
3629,SpiceJet,SG-3002,Delhi,Early_Morning,one,Morning,Mumbai,Economy,4.25,20,2621
3647,SpiceJet,SG-2976,Delhi,Evening,one,Night,Mumbai,Economy,4.5,20,3519
3648,SpiceJet,SG-8483,Delhi,Evening,one,Early_Morning,Mumbai,Economy,13.25,20,3519
3649,SpiceJet,SG-2976,Delhi,Evening,one,Morning,Mumbai,Economy,15.25,20,3519
3650,SpiceJet,SG-339,Delhi,Afternoon,one,Afternoon,Mumbai,Economy,21.08,20,3519
3651,SpiceJet,SG-9974,Delhi,Afternoon,one,Afternoon,Mumbai,Economy,23.08,20,3519
3652,SpiceJet,SG-2277,Delhi,Afternoon,one,Evening,Mumbai,Economy,25.75,20,3519
3846,SpiceJet,SG-8709,Delhi,Evening,zero,Night,Mumbai,Economy,2.17,21,2621
3847,SpiceJet,SG-8803,Delhi,Early_Morning,zero,Morning,Mumbai,Economy,2.25,21,2621
3848,SpiceJet,SG-8157,Delhi,Early_Morning,zero,Morning,Mumbai,Economy,2.33,21,2621
3849,SpiceJet,SG-8169,Delhi,Evening,zero,Night,Mumbai,Economy,2.33,21,2621
3850,SpiceJet,SG-3002,Delhi,Early_Morning,one,Morning,Mumbai,Economy,4.25,21,2621
3870,SpiceJet,SG-8483,Delhi,Evening,one,Early_Morning,Mumbai,Economy,13.25,21,3519
3871,SpiceJet,SG-339,Delhi,Afternoon,one,Afternoon,Mumbai,Economy,21.08,21,3519
3872,SpiceJet,SG-2277,Delhi,Afternoon,one,Evening,Mumbai,Economy,25.75,21,3519
3880,SpiceJet,SG-2976,Delhi,Evening,one,Night,Mumbai,Economy,4.5,21,3835
3881,SpiceJet,SG-2976,Delhi,Evening,one,Morning,Mumbai,Economy,15.25,21,3835
4056,SpiceJet,SG-8709,Delhi,Evening,zero,Night,Mumbai,Economy,2.17,22,2621
4057,SpiceJet,SG-8803,Delhi,Early_Morning,zero,Morning,Mumbai,Economy,2.25,22,2621
4058,SpiceJet,SG-8157,Delhi,Early_Morning,zero,Morning,Mumbai,Economy,2.33,22,2621
4059,SpiceJet,SG-8169,Delhi,Evening,zero,Night,Mumbai,Economy,2.33,22,2621
4060,SpiceJet,SG-3002,Delhi,Early_Morning,one,Morning,Mumbai,Economy,4.25,22,2621
4076,SpiceJet,SG-2976,Delhi,Evening,one,Night,Mumbai,Economy,4.5,22,3519
4077,SpiceJet,SG-8483,Delhi,Evening,one,Early_Morning,Mumbai,Economy,13.25,22,3519
4078,SpiceJet,SG-2976,Delhi,Evening,one,Morning,Mumbai,Economy,15.25,22,3519
4079,SpiceJet,SG-339,Delhi,Afternoon,one,Afternoon,Mumbai,Economy,21.08,22,3519
4080,SpiceJet,SG-2277,Delhi,Afternoon,one,Evening,Mumbai,Economy,25.75,22,3519
4272,SpiceJet,SG-8709,Delhi,Evening,zero,Night,Mumbai,Economy,2.17,23,2621
4273,SpiceJet,SG-8803,Delhi,Early_Morning,zero,Morning,Mumbai,Economy,2.25,23,2621
4274,SpiceJet,SG-8157,Delhi,Early_Morning,zero,Morning,Mumbai,Economy,2.33,23,2621
4275,SpiceJet,SG-8169,Delhi,Evening,zero,Night,Mumbai,Economy,2.33,23,2621
4276,SpiceJet,SG-3002,Delhi,Early_Morning,one,Morning,Mumbai,Economy,4.25,23,2621
4293,SpiceJet,SG-2976,Delhi,Evening,one,Night,Mumbai,Economy,4.5,23,3519
4294,SpiceJet,SG-8483,Delhi,Evening,one,Early_Morning,Mumbai,Economy,13.25,23,3519
4295,SpiceJet,SG-2976,Delhi,Evening,one,Morning,Mumbai,Economy,15.25,23,3519
4296,SpiceJet,SG-2277,Delhi,Afternoon,one,Evening,Mumbai,Economy,25.75,23,3519
4316,SpiceJet,SG-339,Delhi,Afternoon,one,Afternoon,Mumbai,Economy,21.08,23,4149
4489,SpiceJet,SG-8709,Delhi,Evening,zero,Night,Mumbai,Economy,2.17,24,2621
4490,SpiceJet,SG-8803,Delhi,Early_Morning,zero,Morning,Mumbai,Economy,2.25,24,2621
4491,SpiceJet,SG-8157,Delhi,Early_Morning,zero,Morning,Mumbai,Economy,2.33,24,2621
4492,SpiceJet,SG-8169,Delhi,Evening,zero,Night,Mumbai,Economy,2.33,24,2621
4493,SpiceJet,SG-3002,Delhi,Early_Morning,one,Morning,Mumbai,Economy,4.25,24,2621
4508,SpiceJet,SG-8483,Delhi,Evening,one,Early_Morning,Mumbai,Economy,13.25,24,3519
4509,SpiceJet,SG-2976,Delhi,Evening,one,Morning,Mumbai,Economy,15.25,24,3519
4510,SpiceJet,SG-2277,Delhi,Afternoon,one,Evening,Mumbai,Economy,25.75,24,3519
4521,SpiceJet,SG-339,Delhi,Afternoon,one,Afternoon,Mumbai,Economy,21.08,24,3835
4584,SpiceJet,SG-2976,Delhi,Evening,one,Night,Mumbai,Economy,4.5,24,5613
4717,SpiceJet,SG-8709,Delhi,Evening,zero,Night,Mumbai,Economy,2.17,25,2621
4718,SpiceJet,SG-8803,Delhi,Early_Morning,zero,Morning,Mumbai,Economy,2.25,25,2621
4719,SpiceJet,SG-8157,Delhi,Early_Morning,zero,Morning,Mumbai,Economy,2.33,25,2621
4720,SpiceJet,SG-8169,Delhi,Evening,zero,Night,Mumbai,Economy,2.33,25,2621
4721,SpiceJet,SG-3002,Delhi,Early_Morning,one,Morning,Mumbai,Economy,4.25,25,2621
4742,SpiceJet,SG-2976,Delhi,Evening,one,Night,Mumbai,Economy,4.5,25,3519
4743,SpiceJet,SG-8483,Delhi,Evening,one,Early_Morning,Mumbai,Economy,13.25,25,3519
4744,SpiceJet,SG-2976,Delhi,Evening,one,Morning,Mumbai,Economy,15.25,25,3519
4745,SpiceJet,SG-339,Delhi,Afternoon,one,Afternoon,Mumbai,Economy,21.08,25,3519
4746,SpiceJet,SG-2277,Delhi,Afternoon,one,Evening,Mumbai,Economy,25.75,25,3519
4930,SpiceJet,SG-8709,Delhi,Evening,zero,Night,Mumbai,Economy,2.17,26,2621
4931,SpiceJet,SG-8803,Delhi,Early_Morning,zero,Morning,Mumbai,Economy,2.25,26,2621
4932,SpiceJet,SG-8157,Delhi,Early_Morning,zero,Morning,Mumbai,Economy,2.33,26,2621
4933,SpiceJet,SG-8169,Delhi,Evening,zero,Night,Mumbai,Economy,2.33,26,2621
4934,SpiceJet,SG-3002,Delhi,Early_Morning,one,Morning,Mumbai,Economy,4.25,26,2621
4958,SpiceJet,SG-2976,Delhi,Evening,one,Night,Mumbai,Economy,4.5,26,3519
4959,SpiceJet,SG-8483,Delhi,Evening,one,Early_Morning,Mumbai,Economy,13.25,26,3519
4960,SpiceJet,SG-2976,Delhi,Evening,one,Morning,Mumbai,Economy,15.25,26,3519
4961,SpiceJet,SG-339,Delhi,Afternoon,one,Afternoon,Mumbai,Economy,21.08,26,3519
4962,SpiceJet,SG-2277,Delhi,Afternoon,one,Evening,Mumbai,Economy,25.75,26,3519
5143,SpiceJet,SG-8709,Delhi,Evening,zero,Night,Mumbai,Economy,2.17,27,2621
5144,SpiceJet,SG-8803,Delhi,Early_Morning,zero,Morning,Mumbai,Economy,2.25,27,2621
5145,SpiceJet,SG-8157,Delhi,Early_Morning,zero,Morning,Mumbai,Economy,2.33,27,2621
5146,SpiceJet,SG-8169,Delhi,Evening,zero,Night,Mumbai,Economy,2.33,27,2621
5147,SpiceJet,SG-3002,Delhi,Early_Morning,one,Morning,Mumbai,Economy,4.25,27,2621
5166,SpiceJet,SG-2976,Delhi,Evening,one,Night,Mumbai,Economy,4.5,27,3519
5167,SpiceJet,SG-8483,Delhi,Evening,one,Early_Morning,Mumbai,Economy,13.25,27,3519
5168,SpiceJet,SG-2976,Delhi,Evening,one,Morning,Mumbai,Economy,15.25,27,3519
5169,SpiceJet,SG-339,Delhi,Afternoon,one,Afternoon,Mumbai,Economy,21.08,27,3519
5170,SpiceJet,SG-2277,Delhi,Afternoon,one,Evening,Mumbai,Economy,25.75,27,3519
5364,SpiceJet,SG-8709,Delhi,Evening,zero,Night,Mumbai,Economy,2.17,28,2621
5365,SpiceJet,SG-8803,Delhi,Early_Morning,zero,Morning,Mumbai,Economy,2.25,28,2621
5366,SpiceJet,SG-8157,Delhi,Early_Morning,zero,Morning,Mumbai,Economy,2.33,28,2621
5367,SpiceJet,SG-8169,Delhi,Evening,zero,Night,Mumbai,Economy,2.33,28,2621
5368,SpiceJet,SG-3002,Delhi,Early_Morning,one,Morning,Mumbai,Economy,4.25,28,2621
5392,SpiceJet,SG-2976,Delhi,Evening,one,Night,Mumbai,Economy,4.5,28,3519
5393,SpiceJet,SG-8483,Delhi,Evening,one,Early_Morning,Mumbai,Economy,13.25,28,3519
5394,SpiceJet,SG-2976,Delhi,Evening,one,Morning,Mumbai,Economy,15.25,28,3519
5395,SpiceJet,SG-339,Delhi,Afternoon,one,Afternoon,Mumbai,Economy,21.08,28,3519
5396,SpiceJet,SG-2277,Delhi,Afternoon,one,Evening,Mumbai,Economy,25.75,28,3519
5578,SpiceJet,SG-8709,Delhi,Evening,zero,Night,Mumbai,Economy,2.17,29,2621
5579,SpiceJet,SG-8803,Delhi,Early_Morning,zero,Morning,Mumbai,Economy,2.25,29,2621
5580,SpiceJet,SG-8157,Delhi,Early_Morning,zero,Morning,Mumbai,Economy,2.33,29,2621
5581,SpiceJet,SG-8169,Delhi,Evening,zero,Night,Mumbai,Economy,2.33,29,2621
5582,SpiceJet,SG-3002,Delhi,Early_Morning,one,Morning,Mumbai,Economy,4.25,29,2621
5599,SpiceJet,SG-2976,Delhi,Evening,one,Morning,Mumbai,Economy,15.25,29,3105
5607,SpiceJet,SG-2976,Delhi,Evening,one,Night,Mumbai,Economy,4.5,29,3519
5608,SpiceJet,SG-8483,Delhi,Evening,one,Early_Morning,Mumbai,Economy,13.25,29,3519
5609,SpiceJet,SG-339,Delhi,Afternoon,one,Afternoon,Mumbai,Economy,21.08,29,3519
5610,SpiceJet,SG-2277,Delhi,Afternoon,one,Evening,Mumbai,Economy,25.75,29,3519
5802,SpiceJet,SG-8803,Delhi,Early_Morning,zero,Morning,Mumbai,Economy,2.25,30,2456
5803,SpiceJet,SG-8157,Delhi,Early_Morning,zero,Morning,Mumbai,Economy,2.33,30,2456
5813,SpiceJet,SG-8709,Delhi,Evening,zero,Night,Mumbai,Economy,2.17,30,2621
5814,SpiceJet,SG-8169,Delhi,Evening,zero,Night,Mumbai,Economy,2.33,30,2621
5828,SpiceJet,SG-2976,Delhi,Evening,one,Night,Mumbai,Economy,4.5,30,3371
5829,SpiceJet,SG-2976,Delhi,Evening,one,Morning,Mumbai,Economy,15.25,30,3371
5845,SpiceJet,SG-339,Delhi,Afternoon,one,Afternoon,Mumbai,Economy,21.08,30,3977
5857,SpiceJet,SG-3002,Delhi,Early_Morning,one,Morning,Mumbai,Economy,4.25,30,4197
5867,SpiceJet,SG-2277,Delhi,Afternoon,one,Evening,Mumbai,Economy,25.75,30,4581
5905,SpiceJet,SG-8483,Delhi,Evening,one,Early_Morning,Mumbai,Economy,13.25,30,5761
6013,SpiceJet,SG-8803,Delhi,Early_Morning,zero,Morning,Mumbai,Economy,2.25,31,2456
6014,SpiceJet,SG-8157,Delhi,Early_Morning,zero,Morning,Mumbai,Economy,2.33,31,2456
6015,SpiceJet,SG-8169,Delhi,Evening,zero,Night,Mumbai,Economy,2.33,31,2456
6027,SpiceJet,SG-8709,Delhi,Evening,zero,Night,Mumbai,Economy,2.17,31,2621
6042,SpiceJet,SG-2976,Delhi,Evening,one,Night,Mumbai,Economy,4.5,31,3371
6043,SpiceJet,SG-2976,Delhi,Evening,one,Morning,Mumbai,Economy,15.25,31,3371
6060,SpiceJet,SG-339,Delhi,Afternoon,one,Afternoon,Mumbai,Economy,21.08,31,3977
6068,SpiceJet,SG-3002,Delhi,Early_Morning,one,Morning,Mumbai,Economy,4.25,31,4197
6074,SpiceJet,SG-2277,Delhi,Afternoon,one,Evening,Mumbai,Economy,25.75,31,4581
6121,SpiceJet,SG-8483,Delhi,Evening,one,Early_Morning,Mumbai,Economy,13.25,31,5761
6239,SpiceJet,SG-8709,Delhi,Evening,zero,Night,Mumbai,Economy,2.17,32,2456
6240,SpiceJet,SG-8169,Delhi,Evening,zero,Night,Mumbai,Economy,2.33,32,2456
6250,SpiceJet,SG-8803,Delhi,Early_Morning,zero,Morning,Mumbai,Economy,2.25,32,2621
6251,SpiceJet,SG-8157,Delhi,Early_Morning,zero,Morning,Mumbai,Economy,2.33,32,2621
6269,SpiceJet,SG-2976,Delhi,Evening,one,Night,Mumbai,Economy,4.5,32,3371
6270,SpiceJet,SG-2976,Delhi,Evening,one,Morning,Mumbai,Economy,15.25,32,3371
6295,SpiceJet,SG-339,Delhi,Afternoon,one,Afternoon,Mumbai,Economy,21.08,32,3977
6300,SpiceJet,SG-3002,Delhi,Early_Morning,one,Morning,Mumbai,Economy,4.25,32,4197
6308,SpiceJet,SG-2277,Delhi,Afternoon,one,Evening,Mumbai,Economy,25.75,32,4581
6344,SpiceJet,SG-8483,Delhi,Evening,one,Early_Morning,Mumbai,Economy,13.25,32,5761
6448,SpiceJet,SG-8709,Delhi,Evening,zero,Night,Mumbai,Economy,2.17,33,2456
6449,SpiceJet,SG-8803,Delhi,Early_Morning,zero,Morning,Mumbai,Economy,2.25,33,2456
6450,SpiceJet,SG-8157,Delhi,Early_Morning,zero,Morning,Mumbai,Economy,2.33,33,2456
6451,SpiceJet,SG-8169,Delhi,Evening,zero,Night,Mumbai,Economy,2.33,33,2456
6477,SpiceJet,SG-2976,Delhi,Evening,one,Night,Mumbai,Economy,4.5,33,3371
6478,SpiceJet,SG-2976,Delhi,Evening,one,Morning,Mumbai,Economy,15.25,33,3371
6500,SpiceJet,SG-339,Delhi,Afternoon,one,Afternoon,Mumbai,Economy,21.08,33,3977
6506,SpiceJet,SG-3002,Delhi,Early_Morning,one,Morning,Mumbai,Economy,4.25,33,4197
6513,SpiceJet,SG-2277,Delhi,Afternoon,one,Evening,Mumbai,Economy,25.75,33,4581
6554,SpiceJet,SG-8483,Delhi,Evening,one,Early_Morning,Mumbai,Economy,13.25,33,5761
6654,SpiceJet,SG-8709,Delhi,Evening,zero,Night,Mumbai,Economy,2.17,34,2456
6655,SpiceJet,SG-8157,Delhi,Early_Morning,zero,Morning,Mumbai,Economy,2.33,34,2456
6656,SpiceJet,SG-8169,Delhi,Evening,zero,Night,Mumbai,Economy,2.33,34,2456
6665,SpiceJet,SG-8803,Delhi,Early_Morning,zero,Morning,Mumbai,Economy,2.25,34,2621
6681,SpiceJet,SG-2976,Delhi,Evening,one,Night,Mumbai,Economy,4.5,34,3371
6682,SpiceJet,SG-2976,Delhi,Evening,one,Morning,Mumbai,Economy,15.25,34,3371
6714,SpiceJet,SG-339,Delhi,Afternoon,one,Afternoon,Mumbai,Economy,21.08,34,3977
6721,SpiceJet,SG-3002,Delhi,Early_Morning,one,Morning,Mumbai,Economy,4.25,34,4407
6723,SpiceJet,SG-2277,Delhi,Afternoon,one,Evening,Mumbai,Economy,25.75,34,4581
6764,SpiceJet,SG-8483,Delhi,Evening,one,Early_Morning,Mumbai,Economy,13.25,34,5761
6852,SpiceJet,SG-8157,Delhi,Early_Morning,zero,Morning,Mumbai,Economy,2.33,35,2456
6853,SpiceJet,SG-8169,Delhi,Evening,zero,Night,Mumbai,Economy,2.33,35,2456
6867,SpiceJet,SG-8709,Delhi,Evening,zero,Night,Mumbai,Economy,2.17,35,2621
6868,SpiceJet,SG-8803,Delhi,Early_Morning,zero,Morning,Mumbai,Economy,2.25,35,2621
6887,SpiceJet,SG-2976,Delhi,Evening,one,Night,Mumbai,Economy,4.5,35,3371
6888,SpiceJet,SG-2976,Delhi,Evening,one,Morning,Mumbai,Economy,15.25,35,3371
6907,SpiceJet,SG-339,Delhi,Afternoon,one,Afternoon,Mumbai,Economy,21.08,35,3977
6917,SpiceJet,SG-3002,Delhi,Early_Morning,one,Morning,Mumbai,Economy,4.25,35,4197
6927,SpiceJet,SG-2277,Delhi,Afternoon,one,Evening,Mumbai,Economy,25.75,35,4581
6968,SpiceJet,SG-8483,Delhi,Evening,one,Early_Morning,Mumbai,Economy,13.25,35,5761
7068,SpiceJet,SG-8709,Delhi,Evening,zero,Night,Mumbai,Economy,2.17,36,2456
7069,SpiceJet,SG-8157,Delhi,Early_Morning,zero,Morning,Mumbai,Economy,2.33,36,2456
7080,SpiceJet,SG-8803,Delhi,Early_Morning,zero,Morning,Mumbai,Economy,2.25,36,2621
7081,SpiceJet,SG-8169,Delhi,Evening,zero,Night,Mumbai,Economy,2.33,36,2621
7100,SpiceJet,SG-2976,Delhi,Evening,one,Night,Mumbai,Economy,4.5,36,3371
7101,SpiceJet,SG-2976,Delhi,Evening,one,Morning,Mumbai,Economy,15.25,36,3371
7130,SpiceJet,SG-339,Delhi,Afternoon,one,Afternoon,Mumbai,Economy,21.08,36,3977
7140,SpiceJet,SG-3002,Delhi,Early_Morning,one,Morning,Mumbai,Economy,4.25,36,4197
7146,SpiceJet,SG-2277,Delhi,Afternoon,one,Evening,Mumbai,Economy,25.75,36,4581
7191,SpiceJet,SG-8483,Delhi,Evening,one,Early_Morning,Mumbai,Economy,13.25,36,5761
7285,SpiceJet,SG-8709,Delhi,Evening,zero,Night,Mumbai,Economy,2.17,37,2456
7286,SpiceJet,SG-8157,Delhi,Early_Morning,zero,Morning,Mumbai,Economy,2.33,37,2456
7299,SpiceJet,SG-8803,Delhi,Early_Morning,zero,Morning,Mumbai,Economy,2.25,37,2621
7300,SpiceJet,SG-8169,Delhi,Evening,zero,Night,Mumbai,Economy,2.33,37,2621
7316,SpiceJet,SG-2976,Delhi,Evening,one,Night,Mumbai,Economy,4.5,37,3371
7317,SpiceJet,SG-2976,Delhi,Evening,one,Morning,Mumbai,Economy,15.25,37,3371
7346,SpiceJet,SG-339,Delhi,Afternoon,one,Afternoon,Mumbai,Economy,21.08,37,3977
7352,SpiceJet,SG-3002,Delhi,Early_Morning,one,Morning,Mumbai,Economy,4.25,37,4197
7359,SpiceJet,SG-2277,Delhi,Afternoon,one,Evening,Mumbai,Economy,25.75,37,4581
7402,SpiceJet,SG-8483,Delhi,Evening,one,Early_Morning,Mumbai,Economy,13.25,37,5761
7490,SpiceJet,SG-8157,Delhi,Early_Morning,zero,Morning,Mumbai,Economy,2.33,38,2456
7500,SpiceJet,SG-8709,Delhi,Evening,zero,Night,Mumbai,Economy,2.17,38,2621
7501,SpiceJet,SG-8803,Delhi,Early_Morning,zero,Morning,Mumbai,Economy,2.25,38,2621
7502,SpiceJet,SG-8169,Delhi,Evening,zero,Night,Mumbai,Economy,2.33,38,2621
7522,SpiceJet,SG-2976,Delhi,Evening,one,Morning,Mumbai,Economy,15.25,38,3533
7534,SpiceJet,SG-339,Delhi,Afternoon,one,Afternoon,Mumbai,Economy,21.08,38,3977
7555,SpiceJet,SG-2976,Delhi,Evening,one,Night,Mumbai,Economy,4.5,38,4342
7558,SpiceJet,SG-3002,Delhi,Early_Morning,one,Morning,Mumbai,Economy,4.25,38,4407
7572,SpiceJet,SG-2277,Delhi,Afternoon,one,Evening,Mumbai,Economy,25.75,38,4843
7610,SpiceJet,SG-8483,Delhi,Evening,one,Early_Morning,Mumbai,Economy,13.25,38,5761
7735,SpiceJet,SG-8157,Delhi,Early_Morning,zero,Morning,Mumbai,Economy,2.33,39,2456
7745,SpiceJet,SG-8709,Delhi,Evening,zero,Night,Mumbai,Economy,2.17,39,2621
7746,SpiceJet,SG-8803,Delhi,Early_Morning,zero,Morning,Mumbai,Economy,2.25,39,2621
7747,SpiceJet,SG-8169,Delhi,Evening,zero,Night,Mumbai,Economy,2.33,39,2621
7767,SpiceJet,SG-2976,Delhi,Evening,one,Night,Mumbai,Economy,4.5,39,3371
7768,SpiceJet,SG-2976,Delhi,Evening,one,Morning,Mumbai,Economy,15.25,39,3371
7793,SpiceJet,SG-339,Delhi,Afternoon,one,Afternoon,Mumbai,Economy,21.08,39,3977
7800,SpiceJet,SG-3002,Delhi,Early_Morning,one,Morning,Mumbai,Economy,4.25,39,4197
7809,SpiceJet,SG-2277,Delhi,Afternoon,one,Evening,Mumbai,Economy,25.75,39,4581
7845,SpiceJet,SG-8483,Delhi,Evening,one,Early_Morning,Mumbai,Economy,13.25,39,5761
7949,SpiceJet,SG-8709,Delhi,Evening,zero,Night,Mumbai,Economy,2.17,40,2456
7950,SpiceJet,SG-8169,Delhi,Evening,zero,Night,Mumbai,Economy,2.33,40,2456
7963,SpiceJet,SG-8803,Delhi,Early_Morning,zero,Morning,Mumbai,Economy,2.25,40,2621
7964,SpiceJet,SG-8157,Delhi,Early_Morning,zero,Morning,Mumbai,Economy,2.33,40,2621
7981,SpiceJet,SG-2976,Delhi,Evening,one,Night,Mumbai,Economy,4.5,40,3371
7982,SpiceJet,SG-2976,Delhi,Evening,one,Morning,Mumbai,Economy,15.25,40,3371
8003,SpiceJet,SG-339,Delhi,Afternoon,one,Afternoon,Mumbai,Economy,21.08,40,3977
8010,SpiceJet,SG-3002,Delhi,Early_Morning,one,Morning,Mumbai,Economy,4.25,40,4197
8016,SpiceJet,SG-2277,Delhi,Afternoon,one,Evening,Mumbai,Economy,25.75,40,4581
8059,SpiceJet,SG-8483,Delhi,Evening,one,Early_Morning,Mumbai,Economy,13.25,40,5761
8164,SpiceJet,SG-8709,Delhi,Evening,zero,Night,Mumbai,Economy,2.17,41,2456
8165,SpiceJet,SG-8803,Delhi,Early_Morning,zero,Morning,Mumbai,Economy,2.25,41,2456
8166,SpiceJet,SG-8169,Delhi,Evening,zero,Night,Mumbai,Economy,2.33,41,2456
8175,SpiceJet,SG-8157,Delhi,Early_Morning,zero,Morning,Mumbai,Economy,2.33,41,2621
8188,SpiceJet,SG-2976,Delhi,Evening,one,Night,Mumbai,Economy,4.5,41,3371
8189,SpiceJet,SG-2976,Delhi,Evening,one,Morning,Mumbai,Economy,15.25,41,3371
8219,SpiceJet,SG-339,Delhi,Afternoon,one,Afternoon,Mumbai,Economy,21.08,41,3977
8231,SpiceJet,SG-2277,Delhi,Afternoon,one,Evening,Mumbai,Economy,25.75,41,4581
8248,SpiceJet,SG-3002,Delhi,Early_Morning,one,Morning,Mumbai,Economy,4.25,41,4931
8275,SpiceJet,SG-8483,Delhi,Evening,one,Early_Morning,Mumbai,Economy,13.25,41,5761
8378,SpiceJet,SG-8709,Delhi,Evening,zero,Night,Mumbai,Economy,2.17,42,2456
8379,SpiceJet,SG-8803,Delhi,Early_Morning,zero,Morning,Mumbai,Economy,2.25,42,2456
8380,SpiceJet,SG-8169,Delhi,Evening,zero,Night,Mumbai,Economy,2.33,42,2456
8391,SpiceJet,SG-8157,Delhi,Early_Morning,zero,Morning,Mumbai,Economy,2.33,42,2621
8408,SpiceJet,SG-2976,Delhi,Evening,one,Night,Mumbai,Economy,4.5,42,3371
8409,SpiceJet,SG-2976,Delhi,Evening,one,Morning,Mumbai,Economy,15.25,42,3371
8429,SpiceJet,SG-339,Delhi,Afternoon,one,Afternoon,Mumbai,Economy,21.08,42,3977
8438,SpiceJet,SG-3002,Delhi,Early_Morning,one,Morning,Mumbai,Economy,4.25,42,4197
8443,SpiceJet,SG-2277,Delhi,Afternoon,one,Evening,Mumbai,Economy,25.75,42,4581
8485,SpiceJet,SG-8483,Delhi,Evening,one,Early_Morning,Mumbai,Economy,13.25,42,5761
8591,SpiceJet,SG-8709,Delhi,Evening,zero,Night,Mumbai,Economy,2.17,43,2456
8592,SpiceJet,SG-8803,Delhi,Early_Morning,zero,Morning,Mumbai,Economy,2.25,43,2456
8593,SpiceJet,SG-8169,Delhi,Evening,zero,Night,Mumbai,Economy,2.33,43,2456
8603,SpiceJet,SG-8157,Delhi,Early_Morning,zero,Morning,Mumbai,Economy,2.33,43,2621
8619,SpiceJet,SG-2976,Delhi,Evening,one,Night,Mumbai,Economy,4.5,43,3371
8620,SpiceJet,SG-2976,Delhi,Evening,one,Morning,Mumbai,Economy,15.25,43,3371
8641,SpiceJet,SG-339,Delhi,Afternoon,one,Afternoon,Mumbai,Economy,21.08,43,3977
8648,SpiceJet,SG-3002,Delhi,Early_Morning,one,Morning,Mumbai,Economy,4.25,43,4197
8656,SpiceJet,SG-2277,Delhi,Afternoon,one,Evening,Mumbai,Economy,25.75,43,4581
8696,SpiceJet,SG-8483,Delhi,Evening,one,Early_Morning,Mumbai,Economy,13.25,43,5761
8808,SpiceJet,SG-8709,Delhi,Evening,zero,Night,Mumbai,Economy,2.17,44,2456
8809,SpiceJet,SG-8803,Delhi,Early_Morning,zero,Morning,Mumbai,Economy,2.25,44,2456
8810,SpiceJet,SG-8157,Delhi,Early_Morning,zero,Morning,Mumbai,Economy,2.33,44,2456
8811,SpiceJet,SG-8169,Delhi,Evening,zero,Night,Mumbai,Economy,2.33,44,2456
8842,SpiceJet,SG-2976,Delhi,Evening,one,Night,Mumbai,Economy,4.5,44,3371
8843,SpiceJet,SG-2976,Delhi,Evening,one,Morning,Mumbai,Economy,14.42,44,3371
8870,SpiceJet,SG-3002,Delhi,Early_Morning,one,Morning,Mumbai,Economy,4.25,44,4197
8916,SpiceJet,SG-8483,Delhi,Evening,one,Morning,Mumbai,Economy,16.33,44,5761
9001,SpiceJet,SG-8723,Delhi,Morning,zero,Morning,Mumbai,Economy,2.17,45,2456
9002,SpiceJet,SG-8701,Delhi,Early_Morning,zero,Morning,Mumbai,Economy,2.25,45,2456
9003,SpiceJet,SG-8709,Delhi,Evening,zero,Night,Mumbai,Economy,2.33,45,2456
9004,SpiceJet,SG-8169,Delhi,Evening,zero,Night,Mumbai,Economy,2.33,45,2456
9086,SpiceJet,SG-2643,Delhi,Early_Morning,one,Evening,Mumbai,Economy,12.92,45,5046
9106,SpiceJet,SG-8483,Delhi,Evening,one,Morning,Mumbai,Economy,16.5,45,5761
9215,SpiceJet,SG-8723,Delhi,Morning,zero,Morning,Mumbai,Economy,2.17,46,2456
9216,SpiceJet,SG-8701,Delhi,Early_Morning,zero,Morning,Mumbai,Economy,2.25,46,2456
9217,SpiceJet,SG-8709,Delhi,Evening,zero,Night,Mumbai,Economy,2.33,46,2456
9218,SpiceJet,SG-8169,Delhi,Evening,zero,Night,Mumbai,Economy,2.33,46,2456
9312,SpiceJet,SG-2643,Delhi,Early_Morning,one,Evening,Mumbai,Economy,12.92,46,5253
9321,SpiceJet,SG-8483,Delhi,Evening,one,Morning,Mumbai,Economy,16.5,46,5761
9377,SpiceJet,SG-8723,Delhi,Morning,zero,Morning,Mumbai,Economy,2.17,47,2281
9378,SpiceJet,SG-8701,Delhi,Early_Morning,zero,Morning,Mumbai,Economy,2.25,47,2281
9379,SpiceJet,SG-8709,Delhi,Evening,zero,Night,Mumbai,Economy,2.33,47,2281
9380,SpiceJet,SG-8169,Delhi,Evening,zero,Night,Mumbai,Economy,2.33,47,2281
9519,SpiceJet,SG-8483,Delhi,Evening,one,Morning,Mumbai,Economy,16.5,47,5352
9574,SpiceJet,SG-2643,Delhi,Early_Morning,one,Evening,Mumbai,Economy,12.92,47,7651
9628,SpiceJet,SG-8723,Delhi,Morning,zero,Morning,Mumbai,Economy,2.17,48,2456
9629,SpiceJet,SG-8701,Delhi,Early_Morning,zero,Morning,Mumbai,Economy,2.25,48,2456
9630,SpiceJet,SG-8709,Delhi,Evening,zero,Night,Mumbai,Economy,2.33,48,2456
9631,SpiceJet,SG-8169,Delhi,Evening,zero,Night,Mumbai,Economy,2.33,48,2456
9725,SpiceJet,SG-2643,Delhi,Early_Morning,one,Evening,Mumbai,Economy,12.92,48,5253
9733,SpiceJet,SG-8483,Delhi,Evening,one,Morning,Mumbai,Economy,16.5,48,5761
9826,SpiceJet,SG-8723,Delhi,Morning,zero,Morning,Mumbai,Economy,2.17,49,2456
9827,SpiceJet,SG-8701,Delhi,Early_Morning,zero,Morning,Mumbai,Economy,2.25,49,2456
9828,SpiceJet,SG-8709,Delhi,Evening,zero,Night,Mumbai,Economy,2.33,49,2456
9829,SpiceJet,SG-8169,Delhi,Evening,zero,Night,Mumbai,Economy,2.33,49,2456
9927,SpiceJet,SG-2643,Delhi,Early_Morning,one,Evening,Mumbai,Economy,12.92,49,5253
9937,SpiceJet,SG-8483,Delhi,Evening,one,Morning,Mumbai,Economy,16.5,49,5761
9982,SpiceJet,SG-191,Delhi,Early_Morning,zero,Morning,Bangalore,Economy,2.5,1,7425
10004,SpiceJet,SG-8185,Delhi,Morning,one,Evening,Bangalore,Economy,7.33,1,7425
10005,SpiceJet,SG-8946,Delhi,Morning,one,Afternoon,Bangalore,Economy,25.67,1,7425
10069,SpiceJet,SG-3002,Delhi,Early_Morning,one,Night,Bangalore,Economy,15.0,1,17701
10075,SpiceJet,SG-143,Delhi,Evening,zero,Night,Bangalore,Economy,2.75,1,18660
10102,SpiceJet,SG-143,Delhi,Evening,zero,Night,Bangalore,Economy,2.75,2,7425
10117,SpiceJet,SG-8938,Delhi,Evening,one,Evening,Bangalore,Economy,23.08,2,7425
10172,SpiceJet,SG-8721,Delhi,Early_Morning,one,Night,Bangalore,Economy,13.92,2,13831
10174,SpiceJet,SG-8946,Delhi,Morning,one,Afternoon,Bangalore,Economy,25.67,2,14354
10206,SpiceJet,SG-8645,Delhi,Evening,one,Morning,Bangalore,Economy,16.67,2,19449
10210,SpiceJet,SG-8171,Delhi,Morning,one,Morning,Bangalore,Economy,21.0,2,20499
10218,SpiceJet,SG-8411,Delhi,Evening,one,Morning,Bangalore,Economy,13.5,2,24489
10222,SpiceJet,SG-191,Delhi,Early_Morning,zero,Morning,Bangalore,Economy,2.5,3,7425
10238,SpiceJet,SG-8207,Delhi,Evening,one,Morning,Bangalore,Economy,14.75,3,7425
10239,SpiceJet,SG-8946,Delhi,Morning,one,Afternoon,Bangalore,Economy,25.67,3,7425
10241,SpiceJet,SG-143,Delhi,Evening,zero,Night,Bangalore,Economy,2.75,3,8054
10289,SpiceJet,SG-3002,Delhi,Early_Morning,one,Night,Bangalore,Economy,15.0,3,10929
10293,SpiceJet,SG-8938,Delhi,Evening,one,Evening,Bangalore,Economy,23.08,3,11101
10367,SpiceJet,SG-8185,Delhi,Morning,one,Evening,Bangalore,Economy,7.33,3,18871
10368,SpiceJet,SG-8411,Delhi,Evening,one,Morning,Bangalore,Economy,13.5,3,18871
10370,SpiceJet,SG-8645,Delhi,Evening,one,Morning,Bangalore,Economy,16.67,3,19185
10379,SpiceJet,SG-8721,Delhi,Early_Morning,one,Night,Bangalore,Economy,13.92,3,22125
10380,SpiceJet,SG-8171,Delhi,Morning,one,Morning,Bangalore,Economy,21.0,3,23071
10387,SpiceJet,SG-5007,Delhi,Evening,zero,Night,Bangalore,Economy,2.75,4,7425
10388,SpiceJet,SG-143,Delhi,Evening,zero,Night,Bangalore,Economy,2.75,4,7425
10389,SpiceJet,SG-6001,Delhi,Night,zero,Late_Night,Bangalore,Economy,2.75,4,7425
10390,SpiceJet,SG-534,Delhi,Night,zero,Late_Night,Bangalore,Economy,2.75,4,7425
10401,SpiceJet,SG-191,Delhi,Early_Morning,zero,Morning,Bangalore,Economy,2.5,4,7425
10438,SpiceJet,SG-8185,Delhi,Morning,one,Evening,Bangalore,Economy,7.33,4,7425
10439,SpiceJet,SG-8411,Delhi,Evening,one,Morning,Bangalore,Economy,13.5,4,7425
10440,SpiceJet,SG-8721,Delhi,Early_Morning,one,Night,Bangalore,Economy,13.92,4,7425
10441,SpiceJet,SG-8207,Delhi,Evening,one,Morning,Bangalore,Economy,14.75,4,7425
10442,SpiceJet,SG-8645,Delhi,Evening,one,Morning,Bangalore,Economy,16.67,4,7425
10443,SpiceJet,SG-8938,Delhi,Evening,one,Evening,Bangalore,Economy,23.08,4,7425
10444,SpiceJet,SG-8946,Delhi,Morning,one,Afternoon,Bangalore,Economy,25.67,4,7425
10527,SpiceJet,SG-8171,Delhi,Morning,one,Morning,Bangalore,Economy,21.0,4,11835
10553,SpiceJet,SG-3002,Delhi,Early_Morning,one,Night,Bangalore,Economy,15.0,4,14603
10564,SpiceJet,SG-5012,Delhi,Early_Morning,zero,Early_Morning,Bangalore,Economy,2.5,5,7425
10565,SpiceJet,SG-191,Delhi,Early_Morning,zero,Morning,Bangalore,Economy,2.5,5,7425
10566,SpiceJet,SG-143,Delhi,Evening,zero,Night,Bangalore,Economy,2.75,5,7425
10611,SpiceJet,SG-8185,Delhi,Morning,one,Evening,Bangalore,Economy,7.33,5,7425
10612,SpiceJet,SG-8411,Delhi,Evening,one,Morning,Bangalore,Economy,13.5,5,7425
10613,SpiceJet,SG-8721,Delhi,Early_Morning,one,Night,Bangalore,Economy,13.92,5,7425
10614,SpiceJet,SG-8207,Delhi,Evening,one,Morning,Bangalore,Economy,14.75,5,7425
10615,SpiceJet,SG-8645,Delhi,Evening,one,Morning,Bangalore,Economy,16.67,5,7425
10616,SpiceJet,SG-8938,Delhi,Evening,one,Evening,Bangalore,Economy,23.08,5,7425
10617,SpiceJet,SG-8941,Delhi,Afternoon,one,Morning,Bangalore,Economy,20.25,5,7740
10729,SpiceJet,SG-8171,Delhi,Morning,one,Morning,Bangalore,Economy,21.0,5,12571
10732,SpiceJet,SG-3002,Delhi,Early_Morning,one,Night,Bangalore,Economy,15.0,5,13869
10737,SpiceJet,SG-5012,Delhi,Early_Morning,zero,Early_Morning,Bangalore,Economy,2.5,6,7425
10738,SpiceJet,SG-191,Delhi,Early_Morning,zero,Morning,Bangalore,Economy,2.5,6,7425
10739,SpiceJet,SG-5007,Delhi,Evening,zero,Night,Bangalore,Economy,2.75,6,7425
10740,SpiceJet,SG-143,Delhi,Evening,zero,Night,Bangalore,Economy,2.75,6,7425
10741,SpiceJet,SG-6001,Delhi,Night,zero,Late_Night,Bangalore,Economy,2.75,6,7425
10742,SpiceJet,SG-534,Delhi,Night,zero,Late_Night,Bangalore,Economy,2.75,6,7425
10792,SpiceJet,SG-8185,Delhi,Morning,one,Evening,Bangalore,Economy,7.33,6,7425
10793,SpiceJet,SG-8721,Delhi,Early_Morning,one,Night,Bangalore,Economy,13.92,6,7425
10794,SpiceJet,SG-8207,Delhi,Evening,one,Morning,Bangalore,Economy,14.75,6,7425
10795,SpiceJet,SG-8938,Delhi,Evening,one,Evening,Bangalore,Economy,23.08,6,7425
10796,SpiceJet,SG-8946,Delhi,Morning,one,Afternoon,Bangalore,Economy,25.67,6,7425
10797,SpiceJet,SG-8411,Delhi,Evening,one,Morning,Bangalore,Economy,13.5,6,7530
10878,SpiceJet,SG-3002,Delhi,Early_Morning,one,Night,Bangalore,Economy,15.0,6,11349
10880,SpiceJet,SG-8645,Delhi,Evening,one,Morning,Bangalore,Economy,16.67,6,12151
10911,SpiceJet,SG-8171,Delhi,Morning,one,Morning,Bangalore,Economy,21.0,6,16245
10918,SpiceJet,SG-191,Delhi,Early_Morning,zero,Morning,Bangalore,Economy,2.5,7,7425
10967,SpiceJet,SG-8185,Delhi,Morning,one,Evening,Bangalore,Economy,7.33,7,7425
10968,SpiceJet,SG-8721,Delhi,Early_Morning,one,Night,Bangalore,Economy,13.92,7,7425
10969,SpiceJet,SG-8207,Delhi,Evening,one,Morning,Bangalore,Economy,14.75,7,7425
10970,SpiceJet,SG-8938,Delhi,Evening,one,Evening,Bangalore,Economy,23.08,7,7425
10971,SpiceJet,SG-8946,Delhi,Morning,one,Afternoon,Bangalore,Economy,25.67,7,7425
10972,SpiceJet,SG-143,Delhi,Evening,zero,Night,Bangalore,Economy,2.75,7,7530
10973,SpiceJet,SG-8941,Delhi,Afternoon,one,Morning,Bangalore,Economy,20.25,7,7740
11064,SpiceJet,SG-8411,Delhi,Evening,one,Morning,Bangalore,Economy,13.5,7,12571
11084,SpiceJet,SG-8645,Delhi,Evening,one,Morning,Bangalore,Economy,16.67,7,14671
11090,SpiceJet,SG-3002,Delhi,Early_Morning,one,Night,Bangalore,Economy,15.0,7,17439
11091,SpiceJet,SG-8171,Delhi,Morning,one,Morning,Bangalore,Economy,21.0,7,18031
11096,SpiceJet,SG-5012,Delhi,Early_Morning,zero,Early_Morning,Bangalore,Economy,2.5,8,7425
11097,SpiceJet,SG-191,Delhi,Early_Morning,zero,Morning,Bangalore,Economy,2.5,8,7425
11098,SpiceJet,SG-5007,Delhi,Evening,zero,Night,Bangalore,Economy,2.75,8,7425
11099,SpiceJet,SG-143,Delhi,Evening,zero,Night,Bangalore,Economy,2.75,8,7425
11100,SpiceJet,SG-6001,Delhi,Night,zero,Late_Night,Bangalore,Economy,2.75,8,7425
11101,SpiceJet,SG-534,Delhi,Night,zero,Late_Night,Bangalore,Economy,2.75,8,7425
11156,SpiceJet,SG-8721,Delhi,Early_Morning,one,Night,Bangalore,Economy,13.92,8,7425
11157,SpiceJet,SG-8207,Delhi,Evening,one,Morning,Bangalore,Economy,14.75,8,7425
11158,SpiceJet,SG-8946,Delhi,Morning,one,Afternoon,Bangalore,Economy,25.67,8,7425
11159,SpiceJet,SG-8185,Delhi,Morning,one,Evening,Bangalore,Economy,7.33,8,7530
11264,SpiceJet,SG-3002,Delhi,Early_Morning,one,Night,Bangalore,Economy,15.0,8,12713
11290,SpiceJet,SG-5012,Delhi,Early_Morning,zero,Early_Morning,Bangalore,Economy,2.5,9,7425
11291,SpiceJet,SG-191,Delhi,Early_Morning,zero,Morning,Bangalore,Economy,2.5,9,7425
11304,SpiceJet,SG-143,Delhi,Evening,zero,Night,Bangalore,Economy,2.75,9,7425
11329,SpiceJet,SG-8207,Delhi,Evening,one,Morning,Bangalore,Economy,14.75,9,7425
11330,SpiceJet,SG-8946,Delhi,Morning,one,Afternoon,Bangalore,Economy,25.67,9,7425
11387,SpiceJet,SG-8411,Delhi,Evening,one,Morning,Bangalore,Economy,13.5,9,11835
11389,SpiceJet,SG-8938,Delhi,Evening,one,Evening,Bangalore,Economy,23.08,9,11415
11406,SpiceJet,SG-3002,Delhi,Early_Morning,one,Night,Bangalore,Economy,15.0,9,12189
11411,SpiceJet,SG-8721,Delhi,Early_Morning,one,Night,Bangalore,Economy,13.92,9,12675
11430,SpiceJet,SG-8645,Delhi,Evening,one,Morning,Bangalore,Economy,16.67,9,14671
11442,SpiceJet,SG-8171,Delhi,Morning,one,Morning,Bangalore,Economy,21.0,9,18031
11443,SpiceJet,SG-8910,Delhi,Morning,one,Morning,Bangalore,Economy,23.92,9,18031
11454,SpiceJet,SG-5012,Delhi,Early_Morning,zero,Early_Morning,Bangalore,Economy,2.5,10,7425
11455,SpiceJet,SG-191,Delhi,Early_Morning,zero,Morning,Bangalore,Economy,2.5,10,7425
11484,SpiceJet,SG-8946,Delhi,Morning,one,Afternoon,Bangalore,Economy,25.67,10,7425
11485,SpiceJet,SG-8207,Delhi,Evening,one,Morning,Bangalore,Economy,14.75,10,7530
11486,SpiceJet,SG-3002,Delhi,Early_Morning,one,Night,Bangalore,Economy,15.0,10,7530
11487,SpiceJet,SG-8941,Delhi,Afternoon,one,Morning,Bangalore,Economy,20.25,10,7530
11488,SpiceJet,SG-8411,Delhi,Evening,one,Morning,Bangalore,Economy,13.5,10,7740
11489,SpiceJet,SG-8645,Delhi,Evening,one,Morning,Bangalore,Economy,16.67,10,7740
11491,SpiceJet,SG-143,Delhi,Evening,zero,Night,Bangalore,Economy,2.75,10,8054
11591,SpiceJet,SG-8185,Delhi,Morning,one,Evening,Bangalore,Economy,7.33,10,12151
11597,SpiceJet,SG-8938,Delhi,Evening,one,Evening,Bangalore,Economy,23.08,10,12465
11598,SpiceJet,SG-8171,Delhi,Morning,one,Morning,Bangalore,Economy,21.0,10,13095
11618,SpiceJet,SG-8721,Delhi,Early_Morning,one,Night,Bangalore,Economy,13.92,10,14355
11649,SpiceJet,SG-143,Delhi,Evening,zero,Night,Bangalore,Economy,2.75,11,7425
11650,SpiceJet,SG-6001,Delhi,Night,zero,Late_Night,Bangalore,Economy,2.75,11,7425
11651,SpiceJet,SG-534,Delhi,Night,zero,Late_Night,Bangalore,Economy,2.75,11,7425
11665,SpiceJet,SG-191,Delhi,Early_Morning,zero,Morning,Bangalore,Economy,2.5,11,7425
11729,SpiceJet,SG-8411,Delhi,Evening,one,Morning,Bangalore,Economy,13.5,11,7425
11730,SpiceJet,SG-8721,Delhi,Early_Morning,one,Night,Bangalore,Economy,13.92,11,7425
11731,SpiceJet,SG-8207,Delhi,Evening,one,Morning,Bangalore,Economy,14.75,11,7425
11732,SpiceJet,SG-3002,Delhi,Early_Morning,one,Night,Bangalore,Economy,15.0,11,7425
11733,SpiceJet,SG-8946,Delhi,Morning,one,Afternoon,Bangalore,Economy,25.67,11,7425
11734,SpiceJet,SG-8185,Delhi,Morning,one,Evening,Bangalore,Economy,7.33,11,7530
11735,SpiceJet,SG-8938,Delhi,Evening,one,Evening,Bangalore,Economy,23.08,11,7530
11841,SpiceJet,SG-8645,Delhi,Evening,one,Morning,Bangalore,Economy,16.67,11,11835
11855,SpiceJet,SG-8171,Delhi,Morning,one,Morning,Bangalore,Economy,21.0,11,14671
11865,SpiceJet,SG-5012,Delhi,Early_Morning,zero,Early_Morning,Bangalore,Economy,2.5,12,7425
11866,SpiceJet,SG-191,Delhi,Early_Morning,zero,Morning,Bangalore,Economy,2.5,12,7425
11867,SpiceJet,SG-143,Delhi,Evening,zero,Night,Bangalore,Economy,2.75,12,7425
11943,SpiceJet,SG-8185,Delhi,Morning,one,Evening,Bangalore,Economy,7.33,12,7425
11944,SpiceJet,SG-8721,Delhi,Early_Morning,one,Night,Bangalore,Economy,13.92,12,7425
11945,SpiceJet,SG-8207,Delhi,Evening,one,Morning,Bangalore,Economy,14.75,12,7425
11946,SpiceJet,SG-3002,Delhi,Early_Morning,one,Night,Bangalore,Economy,15.0,12,7425
11947,SpiceJet,SG-8938,Delhi,Evening,one,Evening,Bangalore,Economy,23.08,12,7425
11948,SpiceJet,SG-8946,Delhi,Morning,one,Afternoon,Bangalore,Economy,25.67,12,7425
11949,SpiceJet,SG-8941,Delhi,Afternoon,one,Morning,Bangalore,Economy,20.25,12,7530
11952,SpiceJet,SG-8645,Delhi,Evening,one,Morning,Bangalore,Economy,16.67,12,7740
12052,SpiceJet,SG-8411,Delhi,Evening,one,Morning,Bangalore,Economy,13.5,12,12571
12073,SpiceJet,SG-8171,Delhi,Morning,one,Morning,Bangalore,Economy,21.0,12,13515
12079,SpiceJet,SG-5012,Delhi,Early_Morning,zero,Early_Morning,Bangalore,Economy,2.5,13,7425
12080,SpiceJet,SG-191,Delhi,Early_Morning,zero,Morning,Bangalore,Economy,2.5,13,7425
12081,SpiceJet,SG-5007,Delhi,Evening,zero,Night,Bangalore,Economy,2.75,13,7425
12082,SpiceJet,SG-143,Delhi,Evening,zero,Night,Bangalore,Economy,2.75,13,7425
12083,SpiceJet,SG-6001,Delhi,Night,zero,Late_Night,Bangalore,Economy,2.75,13,7425
12084,SpiceJet,SG-534,Delhi,Night,zero,Late_Night,Bangalore,Economy,2.75,13,7425
12157,SpiceJet,SG-8185,Delhi,Morning,one,Evening,Bangalore,Economy,7.33,13,7425
12158,SpiceJet,SG-8721,Delhi,Early_Morning,one,Night,Bangalore,Economy,13.92,13,7425
12159,SpiceJet,SG-8207,Delhi,Evening,one,Morning,Bangalore,Economy,14.75,13,7425
12160,SpiceJet,SG-3002,Delhi,Early_Morning,one,Night,Bangalore,Economy,15.0,13,7425
12161,SpiceJet,SG-8938,Delhi,Evening,one,Evening,Bangalore,Economy,23.08,13,7425
12162,SpiceJet,SG-8946,Delhi,Morning,one,Afternoon,Bangalore,Economy,25.67,13,7425
12259,SpiceJet,SG-8411,Delhi,Evening,one,Morning,Bangalore,Economy,13.5,13,12571
12271,SpiceJet,SG-8645,Delhi,Evening,one,Morning,Bangalore,Economy,16.67,13,13515
12277,SpiceJet,SG-8171,Delhi,Morning,one,Morning,Bangalore,Economy,21.0,13,14671
12291,SpiceJet,SG-5012,Delhi,Early_Morning,zero,Early_Morning,Bangalore,Economy,2.5,14,7425
12292,SpiceJet,SG-191,Delhi,Early_Morning,zero,Morning,Bangalore,Economy,2.5,14,7425
12293,SpiceJet,SG-143,Delhi,Evening,zero,Night,Bangalore,Economy,2.75,14,7425
12306,SpiceJet,SG-8938,Delhi,Evening,one,Evening,Bangalore,Economy,23.08,14,7425
12372,SpiceJet,SG-8185,Delhi,Morning,one,Evening,Bangalore,Economy,7.33,14,7425
12373,SpiceJet,SG-8721,Delhi,Early_Morning,one,Night,Bangalore,Economy,13.92,14,7425
12374,SpiceJet,SG-8207,Delhi,Evening,one,Morning,Bangalore,Economy,14.75,14,7425
12375,SpiceJet,SG-3002,Delhi,Early_Morning,one,Night,Bangalore,Economy,15.0,14,7425
12376,SpiceJet,SG-8946,Delhi,Morning,one,Afternoon,Bangalore,Economy,25.67,14,7425
12378,SpiceJet,SG-8941,Delhi,Afternoon,one,Morning,Bangalore,Economy,20.25,14,7530
12472,SpiceJet,SG-8411,Delhi,Evening,one,Morning,Bangalore,Economy,13.5,14,11529
12479,SpiceJet,SG-8645,Delhi,Evening,one,Morning,Bangalore,Economy,16.67,14,12685
12485,SpiceJet,SG-8171,Delhi,Morning,one,Morning,Bangalore,Economy,21.0,14,14259
12512,SpiceJet,SG-8207,Delhi,Evening,one,Morning,Bangalore,Economy,14.75,15,3133
12518,SpiceJet,SG-8185,Delhi,Morning,one,Evening,Bangalore,Economy,7.33,15,3330
12604,SpiceJet,SG-5012,Delhi,Early_Morning,zero,Early_Morning,Bangalore,Economy,2.5,15,4721
12605,SpiceJet,SG-191,Delhi,Early_Morning,zero,Morning,Bangalore,Economy,2.5,15,4721
12606,SpiceJet,SG-5007,Delhi,Evening,zero,Night,Bangalore,Economy,2.75,15,4721
12607,SpiceJet,SG-143,Delhi,Evening,zero,Night,Bangalore,Economy,2.75,15,4721
12608,SpiceJet,SG-6001,Delhi,Night,zero,Late_Night,Bangalore,Economy,2.75,15,4721
12609,SpiceJet,SG-534,Delhi,Night,zero,Late_Night,Bangalore,Economy,2.75,15,4721
12649,SpiceJet,SG-8721,Delhi,Early_Morning,one,Night,Bangalore,Economy,13.92,15,5168
12657,SpiceJet,SG-3002,Delhi,Early_Morning,one,Night,Bangalore,Economy,15.0,15,5619
12658,SpiceJet,SG-8946,Delhi,Morning,one,Afternoon,Bangalore,Economy,25.67,15,5619
12716,SpiceJet,SG-8207,Delhi,Evening,one,Morning,Bangalore,Economy,14.75,16,3133
12720,SpiceJet,SG-8938,Delhi,Evening,one,Evening,Bangalore,Economy,23.08,16,3330
12802,SpiceJet,SG-5012,Delhi,Early_Morning,zero,Early_Morning,Bangalore,Economy,2.5,16,4721
12803,SpiceJet,SG-191,Delhi,Early_Morning,zero,Morning,Bangalore,Economy,2.5,16,4721
12804,SpiceJet,SG-5007,Delhi,Evening,zero,Night,Bangalore,Economy,2.75,16,4721
12805,SpiceJet,SG-143,Delhi,Evening,zero,Night,Bangalore,Economy,2.75,16,4721
12839,SpiceJet,SG-8721,Delhi,Early_Morning,one,Night,Bangalore,Economy,13.92,16,5168
12853,SpiceJet,SG-3002,Delhi,Early_Morning,one,Night,Bangalore,Economy,15.0,16,5619
12854,SpiceJet,SG-8946,Delhi,Morning,one,Afternoon,Bangalore,Economy,25.67,16,5619
12855,SpiceJet,SG-8411,Delhi,Evening,one,Morning,Bangalore,Economy,13.5,16,5640
12856,SpiceJet,SG-8645,Delhi,Evening,one,Morning,Bangalore,Economy,16.67,16,5640
12896,SpiceJet,SG-8171,Delhi,Morning,one,Morning,Bangalore,Economy,21.0,16,14076
12897,SpiceJet,SG-8910,Delhi,Morning,one,Morning,Bangalore,Economy,23.92,16,14076
12914,SpiceJet,SG-8207,Delhi,Evening,one,Morning,Bangalore,Economy,14.75,17,3133
12916,SpiceJet,SG-8185,Delhi,Morning,one,Evening,Bangalore,Economy,7.33,17,3330
12917,SpiceJet,SG-8938,Delhi,Evening,one,Evening,Bangalore,Economy,23.08,17,3330
12993,SpiceJet,SG-5012,Delhi,Early_Morning,zero,Early_Morning,Bangalore,Economy,2.5,17,4721
12994,SpiceJet,SG-191,Delhi,Early_Morning,zero,Morning,Bangalore,Economy,2.5,17,4721
12995,SpiceJet,SG-143,Delhi,Evening,zero,Night,Bangalore,Economy,2.75,17,4721
13049,SpiceJet,SG-8721,Delhi,Early_Morning,one,Night,Bangalore,Economy,13.92,17,5168
13065,SpiceJet,SG-3002,Delhi,Early_Morning,one,Night,Bangalore,Economy,15.0,17,5619
13066,SpiceJet,SG-8941,Delhi,Afternoon,one,Morning,Bangalore,Economy,20.25,17,5619
13067,SpiceJet,SG-8946,Delhi,Morning,one,Afternoon,Bangalore,Economy,25.67,17,5619
13112,SpiceJet,SG-8411,Delhi,Evening,one,Morning,Bangalore,Economy,13.5,17,10146
13113,SpiceJet,SG-8645,Delhi,Evening,one,Morning,Bangalore,Economy,16.67,17,10146
13114,SpiceJet,SG-8171,Delhi,Morning,one,Morning,Bangalore,Economy,21.0,17,10146
13162,SpiceJet,SG-8185,Delhi,Morning,one,Evening,Bangalore,Economy,7.33,18,3330
13179,SpiceJet,SG-8207,Delhi,Evening,one,Morning,Bangalore,Economy,14.75,18,3737
13180,SpiceJet,SG-8938,Delhi,Evening,one,Evening,Bangalore,Economy,23.08,18,3754
13260,SpiceJet,SG-5012,Delhi,Early_Morning,zero,Early_Morning,Bangalore,Economy,2.5,18,4721
13261,SpiceJet,SG-191,Delhi,Early_Morning,zero,Morning,Bangalore,Economy,2.5,18,4721
13262,SpiceJet,SG-5007,Delhi,Evening,zero,Night,Bangalore,Economy,2.75,18,4721
13263,SpiceJet,SG-143,Delhi,Evening,zero,Night,Bangalore,Economy,2.75,18,4721
13264,SpiceJet,SG-6001,Delhi,Night,zero,Late_Night,Bangalore,Economy,2.75,18,4721
13265,SpiceJet,SG-534,Delhi,Night,zero,Late_Night,Bangalore,Economy,2.75,18,4721
13303,SpiceJet,SG-8721,Delhi,Early_Morning,one,Night,Bangalore,Economy,13.92,18,5168
13317,SpiceJet,SG-8411,Delhi,Evening,one,Morning,Bangalore,Economy,13.5,18,5619
13318,SpiceJet,SG-3002,Delhi,Early_Morning,one,Night,Bangalore,Economy,15.0,18,5619
13319,SpiceJet,SG-8645,Delhi,Evening,one,Morning,Bangalore,Economy,16.67,18,5619
13320,SpiceJet,SG-8941,Delhi,Afternoon,one,Morning,Bangalore,Economy,20.25,18,5619
13321,SpiceJet,SG-8946,Delhi,Morning,one,Afternoon,Bangalore,Economy,25.67,18,5619
13325,SpiceJet,SG-8171,Delhi,Morning,one,Morning,Bangalore,Economy,21.0,18,6155
13404,SpiceJet,SG-8207,Delhi,Evening,one,Morning,Bangalore,Economy,14.75,19,3737
13409,SpiceJet,SG-8185,Delhi,Morning,one,Evening,Bangalore,Economy,7.33,19,4301
13410,SpiceJet,SG-8938,Delhi,Evening,one,Evening,Bangalore,Economy,23.08,19,4301
13487,SpiceJet,SG-191,Delhi,Early_Morning,zero,Morning,Bangalore,Economy,2.5,19,4721
13488,SpiceJet,SG-143,Delhi,Evening,zero,Night,Bangalore,Economy,2.75,19,4721
13489,SpiceJet,SG-534,Delhi,Night,zero,Late_Night,Bangalore,Economy,2.75,19,4721
13536,SpiceJet,SG-8411,Delhi,Evening,one,Morning,Bangalore,Economy,13.5,19,5619
13537,SpiceJet,SG-8721,Delhi,Early_Morning,one,Night,Bangalore,Economy,13.92,19,5619
13538,SpiceJet,SG-3002,Delhi,Early_Morning,one,Night,Bangalore,Economy,15.0,19,5619
13539,SpiceJet,SG-8645,Delhi,Evening,one,Morning,Bangalore,Economy,16.67,19,5619
13540,SpiceJet,SG-339,Delhi,Afternoon,one,Morning,Bangalore,Economy,19.83,19,5619
13541,SpiceJet,SG-8946,Delhi,Morning,one,Afternoon,Bangalore,Economy,25.67,19,5619
13552,SpiceJet,SG-8171,Delhi,Morning,one,Morning,Bangalore,Economy,21.0,19,6566
13626,SpiceJet,SG-8207,Delhi,Evening,one,Morning,Bangalore,Economy,14.75,20,3737
13630,SpiceJet,SG-8938,Delhi,Evening,one,Evening,Bangalore,Economy,23.08,20,3877
13635,SpiceJet,SG-8185,Delhi,Morning,one,Evening,Bangalore,Economy,7.33,20,4301
13704,SpiceJet,SG-191,Delhi,Early_Morning,zero,Morning,Bangalore,Economy,2.5,20,4721
13705,SpiceJet,SG-143,Delhi,Evening,zero,Night,Bangalore,Economy,2.75,20,4721
13706,SpiceJet,SG-534,Delhi,Night,zero,Late_Night,Bangalore,Economy,2.75,20,4721
13749,SpiceJet,SG-8411,Delhi,Evening,one,Morning,Bangalore,Economy,13.5,20,5619
13750,SpiceJet,SG-8721,Delhi,Early_Morning,one,Night,Bangalore,Economy,13.92,20,5619
13751,SpiceJet,SG-3002,Delhi,Early_Morning,one,Night,Bangalore,Economy,15.0,20,5619
13752,SpiceJet,SG-8941,Delhi,Afternoon,one,Morning,Bangalore,Economy,20.25,20,5619
13753,SpiceJet,SG-8946,Delhi,Morning,one,Afternoon,Bangalore,Economy,25.67,20,5619
13764,SpiceJet,SG-8645,Delhi,Evening,one,Morning,Bangalore,Economy,16.67,20,6566
13783,SpiceJet,SG-8171,Delhi,Morning,one,Morning,Bangalore,Economy,21.0,20,12491
13824,SpiceJet,SG-8185,Delhi,Morning,one,Evening,Bangalore,Economy,7.33,21,3330
13840,SpiceJet,SG-8207,Delhi,Evening,one,Morning,Bangalore,Economy,14.75,21,3737
13841,SpiceJet,SG-8938,Delhi,Evening,one,Evening,Bangalore,Economy,23.08,21,3877
13914,SpiceJet,SG-191,Delhi,Early_Morning,zero,Morning,Bangalore,Economy,2.5,21,4721
13915,SpiceJet,SG-143,Delhi,Evening,zero,Night,Bangalore,Economy,2.75,21,4721
13916,SpiceJet,SG-534,Delhi,Night,zero,Late_Night,Bangalore,Economy,2.75,21,4721
13974,SpiceJet,SG-8411,Delhi,Evening,one,Morning,Bangalore,Economy,13.5,21,5619
13975,SpiceJet,SG-8721,Delhi,Early_Morning,one,Night,Bangalore,Economy,13.92,21,5619
13976,SpiceJet,SG-3002,Delhi,Early_Morning,one,Night,Bangalore,Economy,15.0,21,5619
13977,SpiceJet,SG-8645,Delhi,Evening,one,Morning,Bangalore,Economy,16.67,21,5619
13978,SpiceJet,SG-339,Delhi,Afternoon,one,Morning,Bangalore,Economy,19.83,21,5619
13979,SpiceJet,SG-8946,Delhi,Morning,one,Afternoon,Bangalore,Economy,25.67,21,5619
14000,SpiceJet,SG-8171,Delhi,Morning,one,Morning,Bangalore,Economy,21.0,21,10077
14044,SpiceJet,SG-8185,Delhi,Morning,one,Evening,Bangalore,Economy,7.33,22,3330
14070,SpiceJet,SG-8207,Delhi,Evening,one,Morning,Bangalore,Economy,14.75,22,3737
14142,SpiceJet,SG-191,Delhi,Early_Morning,zero,Morning,Bangalore,Economy,2.5,22,4721
14143,SpiceJet,SG-143,Delhi,Evening,zero,Night,Bangalore,Economy,2.75,22,4721
14144,SpiceJet,SG-534,Delhi,Night,zero,Late_Night,Bangalore,Economy,2.75,22,4721
14194,SpiceJet,SG-8721,Delhi,Early_Morning,one,Night,Bangalore,Economy,13.92,22,5619
14195,SpiceJet,SG-3002,Delhi,Early_Morning,one,Night,Bangalore,Economy,15.0,22,5619
14196,SpiceJet,SG-8941,Delhi,Afternoon,one,Morning,Bangalore,Economy,20.25,22,5619
14197,SpiceJet,SG-8946,Delhi,Morning,one,Afternoon,Bangalore,Economy,25.67,22,5619
14267,SpiceJet,SG-8207,Delhi,Evening,one,Morning,Bangalore,Economy,14.75,23,3737
14274,SpiceJet,SG-8938,Delhi,Evening,one,Evening,Bangalore,Economy,23.08,23,4301
14346,SpiceJet,SG-191,Delhi,Early_Morning,zero,Morning,Bangalore,Economy,2.5,23,4721
14347,SpiceJet,SG-143,Delhi,Evening,zero,Night,Bangalore,Economy,2.75,23,4721
14348,SpiceJet,SG-534,Delhi,Night,zero,Late_Night,Bangalore,Economy,2.75,23,4721
14402,SpiceJet,SG-8411,Delhi,Evening,one,Morning,Bangalore,Economy,13.5,23,5619
14403,SpiceJet,SG-8721,Delhi,Early_Morning,one,Night,Bangalore,Economy,13.92,23,5619
14404,SpiceJet,SG-3002,Delhi,Early_Morning,one,Night,Bangalore,Economy,15.0,23,5619
14405,SpiceJet,SG-8645,Delhi,Evening,one,Morning,Bangalore,Economy,16.67,23,5619
14406,SpiceJet,SG-339,Delhi,Afternoon,one,Morning,Bangalore,Economy,19.83,23,5619
14407,SpiceJet,SG-8946,Delhi,Morning,one,Afternoon,Bangalore,Economy,25.67,23,5619
14426,SpiceJet,SG-8171,Delhi,Morning,one,Morning,Bangalore,Economy,21.0,23,8817
14428,SpiceJet,SG-8910,Delhi,Morning,one,Morning,Bangalore,Economy,23.92,23,10077
14474,SpiceJet,SG-8207,Delhi,Evening,one,Morning,Bangalore,Economy,14.75,24,3737
14478,SpiceJet,SG-8185,Delhi,Morning,one,Evening,Bangalore,Economy,7.33,24,4301
14479,SpiceJet,SG-8938,Delhi,Evening,one,Evening,Bangalore,Economy,23.08,24,4301
14561,SpiceJet,SG-191,Delhi,Early_Morning,zero,Morning,Bangalore,Economy,2.5,24,4721
14562,SpiceJet,SG-143,Delhi,Evening,zero,Night,Bangalore,Economy,2.75,24,4721
14563,SpiceJet,SG-534,Delhi,Night,zero,Late_Night,Bangalore,Economy,2.75,24,4721
14630,SpiceJet,SG-8411,Delhi,Evening,one,Morning,Bangalore,Economy,13.5,24,5619
14631,SpiceJet,SG-8721,Delhi,Early_Morning,one,Night,Bangalore,Economy,13.92,24,5619
14632,SpiceJet,SG-3002,Delhi,Early_Morning,one,Night,Bangalore,Economy,15.0,24,5619
14633,SpiceJet,SG-8645,Delhi,Evening,one,Morning,Bangalore,Economy,16.67,24,5619
14634,SpiceJet,SG-339,Delhi,Afternoon,one,Morning,Bangalore,Economy,19.83,24,5619
14635,SpiceJet,SG-8946,Delhi,Morning,one,Afternoon,Bangalore,Economy,25.67,24,5619
14638,SpiceJet,SG-8171,Delhi,Morning,one,Morning,Bangalore,Economy,21.0,24,5936
14721,SpiceJet,SG-8207,Delhi,Evening,one,Morning,Bangalore,Economy,14.75,25,3737
14722,SpiceJet,SG-8938,Delhi,Evening,one,Evening,Bangalore,Economy,23.08,25,3754
14730,SpiceJet,SG-8185,Delhi,Morning,one,Evening,Bangalore,Economy,7.33,25,4301
14807,SpiceJet,SG-191,Delhi,Early_Morning,zero,Morning,Bangalore,Economy,2.5,25,4721
14808,SpiceJet,SG-143,Delhi,Evening,zero,Night,Bangalore,Economy,2.75,25,4721
14809,SpiceJet,SG-534,Delhi,Night,zero,Late_Night,Bangalore,Economy,2.75,25,4721
14856,SpiceJet,SG-8411,Delhi,Evening,one,Morning,Bangalore,Economy,13.5,25,5619
14857,SpiceJet,SG-8721,Delhi,Early_Morning,one,Night,Bangalore,Economy,13.92,25,5619
14858,SpiceJet,SG-3002,Delhi,Early_Morning,one,Night,Bangalore,Economy,15.0,25,5619
14859,SpiceJet,SG-8645,Delhi,Evening,one,Morning,Bangalore,Economy,16.67,25,5619
14860,SpiceJet,SG-8941,Delhi,Afternoon,one,Morning,Bangalore,Economy,20.25,25,5619
14861,SpiceJet,SG-8946,Delhi,Morning,one,Afternoon,Bangalore,Economy,25.67,25,5619
14880,SpiceJet,SG-8171,Delhi,Morning,one,Morning,Bangalore,Economy,21.0,25,8291
14955,SpiceJet,SG-8207,Delhi,Evening,one,Morning,Bangalore,Economy,14.75,26,3737
14956,SpiceJet,SG-8185,Delhi,Morning,one,Evening,Bangalore,Economy,7.33,26,3754
14965,SpiceJet,SG-8938,Delhi,Evening,one,Evening,Bangalore,Economy,23.08,26,4301
15039,SpiceJet,SG-191,Delhi,Early_Morning,zero,Morning,Bangalore,Economy,2.5,26,4721
15040,SpiceJet,SG-143,Delhi,Evening,zero,Night,Bangalore,Economy,2.75,26,4721
15041,SpiceJet,SG-534,Delhi,Night,zero,Late_Night,Bangalore,Economy,2.75,26,4721
15088,SpiceJet,SG-8411,Delhi,Evening,one,Morning,Bangalore,Economy,13.5,26,5619
15089,SpiceJet,SG-8721,Delhi,Early_Morning,one,Night,Bangalore,Economy,13.92,26,5619
15090,SpiceJet,SG-3002,Delhi,Early_Morning,one,Night,Bangalore,Economy,15.0,26,5619
15091,SpiceJet,SG-8645,Delhi,Evening,one,Morning,Bangalore,Economy,16.67,26,5619
15092,SpiceJet,SG-339,Delhi,Afternoon,one,Morning,Bangalore,Economy,19.83,26,5619
15093,SpiceJet,SG-8946,Delhi,Morning,one,Afternoon,Bangalore,Economy,25.67,26,5619
15095,SpiceJet,SG-8171,Delhi,Morning,one,Morning,Bangalore,Economy,21.0,26,5936
15178,SpiceJet,SG-8207,Delhi,Evening,one,Morning,Bangalore,Economy,14.75,27,3737
15179,SpiceJet,SG-8185,Delhi,Morning,one,Evening,Bangalore,Economy,7.33,27,3754
15180,SpiceJet,SG-8938,Delhi,Evening,one,Evening,Bangalore,Economy,23.08,27,3877
15252,SpiceJet,SG-143,Delhi,Evening,zero,Night,Bangalore,Economy,2.75,27,4721
15253,SpiceJet,SG-534,Delhi,Night,zero,Late_Night,Bangalore,Economy,2.75,27,4721
15299,SpiceJet,SG-8411,Delhi,Evening,one,Morning,Bangalore,Economy,13.5,27,5619
15300,SpiceJet,SG-8721,Delhi,Early_Morning,one,Night,Bangalore,Economy,13.92,27,5619
15301,SpiceJet,SG-3002,Delhi,Early_Morning,one,Night,Bangalore,Economy,15.0,27,5619
15302,SpiceJet,SG-8645,Delhi,Evening,one,Morning,Bangalore,Economy,16.67,27,5619
15303,SpiceJet,SG-8941,Delhi,Afternoon,one,Morning,Bangalore,Economy,20.25,27,5619
15304,SpiceJet,SG-8946,Delhi,Morning,one,Afternoon,Bangalore,Economy,25.67,27,5619
15321,SpiceJet,SG-8171,Delhi,Morning,one,Morning,Bangalore,Economy,21.0,27,10077
15366,SpiceJet,SG-8185,Delhi,Morning,one,Evening,Bangalore,Economy,7.33,28,3330
15367,SpiceJet,SG-8938,Delhi,Evening,one,Evening,Bangalore,Economy,23.08,28,3330
15392,SpiceJet,SG-8207,Delhi,Evening,one,Morning,Bangalore,Economy,14.75,28,3737
15465,SpiceJet,SG-191,Delhi,Early_Morning,zero,Morning,Bangalore,Economy,2.5,28,4721
15466,SpiceJet,SG-143,Delhi,Evening,zero,Night,Bangalore,Economy,2.75,28,4721
15467,SpiceJet,SG-534,Delhi,Night,zero,Late_Night,Bangalore,Economy,2.75,28,4721
15515,SpiceJet,SG-8411,Delhi,Evening,one,Morning,Bangalore,Economy,13.5,28,5619
15516,SpiceJet,SG-8721,Delhi,Early_Morning,one,Night,Bangalore,Economy,13.92,28,5619
15517,SpiceJet,SG-3002,Delhi,Early_Morning,one,Night,Bangalore,Economy,15.0,28,5619
15518,SpiceJet,SG-8645,Delhi,Evening,one,Morning,Bangalore,Economy,16.67,28,5619
15519,SpiceJet,SG-339,Delhi,Afternoon,one,Morning,Bangalore,Economy,19.83,28,5619
15520,SpiceJet,SG-8946,Delhi,Morning,one,Afternoon,Bangalore,Economy,25.67,28,5619
15536,SpiceJet,SG-8171,Delhi,Morning,one,Morning,Bangalore,Economy,21.0,28,8817
15574,SpiceJet,SG-8207,Delhi,Evening,one,Morning,Bangalore,Economy,14.75,29,3185
15606,SpiceJet,SG-8185,Delhi,Morning,one,Evening,Bangalore,Economy,7.33,29,3877
15682,SpiceJet,SG-191,Delhi,Early_Morning,zero,Morning,Bangalore,Economy,2.5,29,4721
15683,SpiceJet,SG-143,Delhi,Evening,zero,Night,Bangalore,Economy,2.75,29,4721
15684,SpiceJet,SG-534,Delhi,Night,zero,Late_Night,Bangalore,Economy,2.75,29,4721
15733,SpiceJet,SG-8721,Delhi,Early_Morning,one,Night,Bangalore,Economy,13.92,29,5619
15734,SpiceJet,SG-3002,Delhi,Early_Morning,one,Night,Bangalore,Economy,15.0,29,5619
15735,SpiceJet,SG-8941,Delhi,Afternoon,one,Morning,Bangalore,Economy,20.25,29,5619
15736,SpiceJet,SG-8946,Delhi,Morning,one,Afternoon,Bangalore,Economy,25.67,29,5619
15806,SpiceJet,SG-8938,Delhi,Evening,one,Evening,Bangalore,Economy,23.08,30,3569
15818,SpiceJet,SG-8207,Delhi,Evening,one,Morning,Bangalore,Economy,14.75,30,3663
15911,SpiceJet,SG-191,Delhi,Early_Morning,zero,Morning,Bangalore,Economy,2.5,30,4500
15912,SpiceJet,SG-143,Delhi,Evening,zero,Night,Bangalore,Economy,2.75,30,4500
15913,SpiceJet,SG-534,Delhi,Night,zero,Late_Night,Bangalore,Economy,2.75,30,4500
15950,SpiceJet,SG-8721,Delhi,Early_Morning,one,Night,Bangalore,Economy,13.92,30,5610
15956,SpiceJet,SG-8645,Delhi,Evening,one,Morning,Bangalore,Economy,16.67,30,6427
15960,SpiceJet,SG-8411,Delhi,Evening,one,Morning,Bangalore,Economy,13.5,30,6427
15963,SpiceJet,SG-339,Delhi,Afternoon,one,Morning,Bangalore,Economy,19.83,30,7685
15964,SpiceJet,SG-8171,Delhi,Morning,one,Morning,Bangalore,Economy,21.0,30,7897
15966,SpiceJet,SG-3002,Delhi,Early_Morning,one,Night,Bangalore,Economy,15.0,30,8081
15970,SpiceJet,SG-8910,Delhi,Morning,one,Morning,Bangalore,Economy,23.92,30,8947
15972,SpiceJet,SG-8946,Delhi,Morning,one,Afternoon,Bangalore,Economy,25.67,30,9788
16003,SpiceJet,SG-8185,Delhi,Morning,one,Evening,Bangalore,Economy,7.33,31,3569
16005,SpiceJet,SG-8938,Delhi,Evening,one,Evening,Bangalore,Economy,23.08,31,3569
16023,SpiceJet,SG-8207,Delhi,Evening,one,Morning,Bangalore,Economy,14.75,31,3663
16143,SpiceJet,SG-191,Delhi,Early_Morning,zero,Morning,Bangalore,Economy,2.5,31,4500
16145,SpiceJet,SG-143,Delhi,Evening,zero,Night,Bangalore,Economy,2.75,31,4500
16146,SpiceJet,SG-534,Delhi,Night,zero,Late_Night,Bangalore,Economy,2.75,31,4500
16177,SpiceJet,SG-8721,Delhi,Early_Morning,one,Night,Bangalore,Economy,13.92,31,5610
16184,SpiceJet,SG-8645,Delhi,Evening,one,Morning,Bangalore,Economy,16.67,31,6427
16185,SpiceJet,SG-8171,Delhi,Morning,one,Morning,Bangalore,Economy,21.0,31,6427
16189,SpiceJet,SG-8411,Delhi,Evening,one,Morning,Bangalore,Economy,13.5,31,6427
16198,SpiceJet,SG-339,Delhi,Afternoon,one,Morning,Bangalore,Economy,19.83,31,7685
16201,SpiceJet,SG-3002,Delhi,Early_Morning,one,Night,Bangalore,Economy,15.0,31,8081
16204,SpiceJet,SG-8946,Delhi,Morning,one,Afternoon,Bangalore,Economy,25.67,31,9788
16249,SpiceJet,SG-8185,Delhi,Morning,one,Evening,Bangalore,Economy,7.33,32,3569
16250,SpiceJet,SG-8938,Delhi,Evening,one,Evening,Bangalore,Economy,23.08,32,3569
16259,SpiceJet,SG-8207,Delhi,Evening,one,Morning,Bangalore,Economy,14.75,32,3663
16366,SpiceJet,SG-191,Delhi,Early_Morning,zero,Morning,Bangalore,Economy,2.5,32,4500
16368,SpiceJet,SG-143,Delhi,Evening,zero,Night,Bangalore,Economy,2.75,32,4500
16369,SpiceJet,SG-534,Delhi,Night,zero,Late_Night,Bangalore,Economy,2.75,32,4500
16398,SpiceJet,SG-8721,Delhi,Early_Morning,one,Night,Bangalore,Economy,13.92,32,5610
16404,SpiceJet,SG-8645,Delhi,Evening,one,Morning,Bangalore,Economy,16.67,32,6427
16405,SpiceJet,SG-8171,Delhi,Morning,one,Morning,Bangalore,Economy,21.0,32,6427
16411,SpiceJet,SG-8411,Delhi,Evening,one,Morning,Bangalore,Economy,13.5,32,6427
16425,SpiceJet,SG-3002,Delhi,Early_Morning,one,Night,Bangalore,Economy,15.0,32,8081
16426,SpiceJet,SG-8946,Delhi,Morning,one,Afternoon,Bangalore,Economy,25.67,32,9788
16427,SpiceJet,SG-8941,Delhi,Afternoon,one,Morning,Bangalore,Economy,20.25,32,9867
16466,SpiceJet,SG-8185,Delhi,Morning,one,Evening,Bangalore,Economy,7.33,33,3569
16474,SpiceJet,SG-8938,Delhi,Evening,one,Evening,Bangalore,Economy,23.08,33,3569
16484,SpiceJet,SG-8207,Delhi,Evening,one,Morning,Bangalore,Economy,14.75,33,3663
16590,SpiceJet,SG-191,Delhi,Early_Morning,zero,Morning,Bangalore,Economy,2.5,33,4500
16592,SpiceJet,SG-143,Delhi,Evening,zero,Night,Bangalore,Economy,2.75,33,4500
16593,SpiceJet,SG-534,Delhi,Night,zero,Late_Night,Bangalore,Economy,2.75,33,4500
16629,SpiceJet,SG-8721,Delhi,Early_Morning,one,Night,Bangalore,Economy,13.92,33,6041
16630,SpiceJet,SG-8411,Delhi,Evening,one,Morning,Bangalore,Economy,13.5,33,6427
16631,SpiceJet,SG-8645,Delhi,Evening,one,Morning,Bangalore,Economy,16.67,33,6427
16642,SpiceJet,SG-8171,Delhi,Morning,one,Morning,Bangalore,Economy,21.0,33,7057
16647,SpiceJet,SG-339,Delhi,Afternoon,one,Morning,Bangalore,Economy,19.83,33,7685
16648,SpiceJet,SG-3002,Delhi,Early_Morning,one,Night,Bangalore,Economy,15.0,33,8081
16650,SpiceJet,SG-8946,Delhi,Morning,one,Afternoon,Bangalore,Economy,25.67,33,9788
16690,SpiceJet,SG-8938,Delhi,Evening,one,Evening,Bangalore,Economy,23.08,34,3569
16698,SpiceJet,SG-8207,Delhi,Evening,one,Morning,Bangalore,Economy,14.75,34,3663
16774,SpiceJet,SG-8185,Delhi,Morning,one,Evening,Bangalore,Economy,7.33,34,4152
16798,SpiceJet,SG-191,Delhi,Early_Morning,zero,Morning,Bangalore,Economy,2.5,34,4500
16800,SpiceJet,SG-143,Delhi,Evening,zero,Night,Bangalore,Economy,2.75,34,4500
16801,SpiceJet,SG-534,Delhi,Night,zero,Late_Night,Bangalore,Economy,2.75,34,4500
16840,SpiceJet,SG-8721,Delhi,Early_Morning,one,Night,Bangalore,Economy,13.92,34,6671
16841,SpiceJet,SG-8411,Delhi,Evening,one,Morning,Bangalore,Economy,13.5,34,6741
16851,SpiceJet,SG-8645,Delhi,Evening,one,Morning,Bangalore,Economy,16.67,34,7477
16853,SpiceJet,SG-3002,Delhi,Early_Morning,one,Night,Bangalore,Economy,15.0,34,8081
16857,SpiceJet,SG-8946,Delhi,Morning,one,Afternoon,Bangalore,Economy,25.67,34,9788
16858,SpiceJet,SG-8941,Delhi,Afternoon,one,Morning,Bangalore,Economy,20.25,34,9867
16859,SpiceJet,SG-8171,Delhi,Morning,one,Morning,Bangalore,Economy,21.0,34,10417
16902,SpiceJet,SG-8938,Delhi,Evening,one,Evening,Bangalore,Economy,23.08,35,3569
16908,SpiceJet,SG-8207,Delhi,Evening,one,Morning,Bangalore,Economy,14.75,35,3663
16909,SpiceJet,SG-8185,Delhi,Morning,one,Evening,Bangalore,Economy,7.33,35,4152
17006,SpiceJet,SG-191,Delhi,Early_Morning,zero,Morning,Bangalore,Economy,2.5,35,4500
17008,SpiceJet,SG-143,Delhi,Evening,zero,Night,Bangalore,Economy,2.75,35,4500
17009,SpiceJet,SG-534,Delhi,Night,zero,Late_Night,Bangalore,Economy,2.75,35,4500
17063,SpiceJet,SG-8411,Delhi,Evening,one,Morning,Bangalore,Economy,13.5,35,7477
17065,SpiceJet,SG-8721,Delhi,Early_Morning,one,Night,Bangalore,Economy,13.92,35,7511
17066,SpiceJet,SG-339,Delhi,Afternoon,one,Morning,Bangalore,Economy,19.83,35,7685
17069,SpiceJet,SG-3002,Delhi,Early_Morning,one,Night,Bangalore,Economy,15.0,35,8081
17071,SpiceJet,SG-8645,Delhi,Evening,one,Morning,Bangalore,Economy,16.67,35,8421
17075,SpiceJet,SG-8946,Delhi,Morning,one,Afternoon,Bangalore,Economy,25.67,35,9788
17081,SpiceJet,SG-8171,Delhi,Morning,one,Morning,Bangalore,Economy,21.0,35,12097
17135,SpiceJet,SG-8207,Delhi,Evening,one,Morning,Bangalore,Economy,14.75,36,3663
17136,SpiceJet,SG-8185,Delhi,Morning,one,Evening,Bangalore,Economy,7.33,36,4152
17227,SpiceJet,SG-191,Delhi,Early_Morning,zero,Morning,Bangalore,Economy,2.5,36,4500
17229,SpiceJet,SG-143,Delhi,Evening,zero,Night,Bangalore,Economy,2.75,36,4500
17230,SpiceJet,SG-534,Delhi,Night,zero,Late_Night,Bangalore,Economy,2.75,36,4500
17270,SpiceJet,SG-8721,Delhi,Early_Morning,one,Night,Bangalore,Economy,13.92,36,5831
17289,SpiceJet,SG-3002,Delhi,Early_Morning,one,Night,Bangalore,Economy,15.0,36,8081
17292,SpiceJet,SG-8946,Delhi,Morning,one,Afternoon,Bangalore,Economy,25.67,36,9788
17293,SpiceJet,SG-8941,Delhi,Afternoon,one,Morning,Bangalore,Economy,20.25,36,9867
17350,SpiceJet,SG-8207,Delhi,Evening,one,Morning,Bangalore,Economy,14.75,37,3663
17355,SpiceJet,SG-8938,Delhi,Evening,one,Evening,Bangalore,Economy,23.08,37,4152
17436,SpiceJet,SG-191,Delhi,Early_Morning,zero,Morning,Bangalore,Economy,2.5,37,4500
17438,SpiceJet,SG-143,Delhi,Evening,zero,Night,Bangalore,Economy,2.75,37,4500
17439,SpiceJet,SG-534,Delhi,Night,zero,Late_Night,Bangalore,Economy,2.75,37,4500
17480,SpiceJet,SG-8721,Delhi,Early_Morning,one,Night,Bangalore,Economy,13.92,37,5610
17488,SpiceJet,SG-8645,Delhi,Evening,one,Morning,Bangalore,Economy,16.67,37,6427
17497,SpiceJet,SG-8411,Delhi,Evening,one,Morning,Bangalore,Economy,13.5,37,6427
17501,SpiceJet,SG-8171,Delhi,Morning,one,Morning,Bangalore,Economy,21.0,37,7057
17503,SpiceJet,SG-339,Delhi,Afternoon,one,Morning,Bangalore,Economy,19.83,37,7685
17506,SpiceJet,SG-3002,Delhi,Early_Morning,one,Night,Bangalore,Economy,15.0,37,8081
17510,SpiceJet,SG-8910,Delhi,Morning,one,Morning,Bangalore,Economy,23.92,37,8421
17512,SpiceJet,SG-8946,Delhi,Morning,one,Afternoon,Bangalore,Economy,25.67,37,9788
17547,SpiceJet,SG-8207,Delhi,Evening,one,Morning,Bangalore,Economy,14.75,38,3663
17551,SpiceJet,SG-8185,Delhi,Morning,one,Evening,Bangalore,Economy,7.33,38,4152
17643,SpiceJet,SG-8938,Delhi,Evening,one,Evening,Bangalore,Economy,23.08,38,4468
17652,SpiceJet,SG-191,Delhi,Early_Morning,zero,Morning,Bangalore,Economy,2.5,38,4500
17653,SpiceJet,SG-143,Delhi,Evening,zero,Night,Bangalore,Economy,2.75,38,4500
17654,SpiceJet,SG-534,Delhi,Night,zero,Late_Night,Bangalore,Economy,2.75,38,4500
17714,SpiceJet,SG-8645,Delhi,Evening,one,Morning,Bangalore,Economy,16.67,38,6427
17720,SpiceJet,SG-8411,Delhi,Evening,one,Morning,Bangalore,Economy,13.5,38,6427
17724,SpiceJet,SG-8171,Delhi,Morning,one,Morning,Bangalore,Economy,21.0,38,6741
17729,SpiceJet,SG-8721,Delhi,Early_Morning,one,Night,Bangalore,Economy,13.92,38,7604
17730,SpiceJet,SG-339,Delhi,Afternoon,one,Morning,Bangalore,Economy,19.83,38,7685
17737,SpiceJet,SG-3002,Delhi,Early_Morning,one,Night,Bangalore,Economy,15.0,38,8081
17739,SpiceJet,SG-8946,Delhi,Morning,one,Afternoon,Bangalore,Economy,25.67,38,9788
17775,SpiceJet,SG-8938,Delhi,Evening,one,Evening,Bangalore,Economy,23.08,39,3569
17782,SpiceJet,SG-8207,Delhi,Evening,one,Morning,Bangalore,Economy,14.75,39,3663
17783,SpiceJet,SG-8185,Delhi,Morning,one,Evening,Bangalore,Economy,7.33,39,4152
17896,SpiceJet,SG-191,Delhi,Early_Morning,zero,Morning,Bangalore,Economy,2.5,39,4500
17897,SpiceJet,SG-143,Delhi,Evening,zero,Night,Bangalore,Economy,2.75,39,4500
17898,SpiceJet,SG-534,Delhi,Night,zero,Late_Night,Bangalore,Economy,2.75,39,4500
17934,SpiceJet,SG-8721,Delhi,Early_Morning,one,Night,Bangalore,Economy,13.92,39,5610
17938,SpiceJet,SG-8645,Delhi,Evening,one,Morning,Bangalore,Economy,16.67,39,6427
17939,SpiceJet,SG-8171,Delhi,Morning,one,Morning,Bangalore,Economy,21.0,39,6427
17948,SpiceJet,SG-8411,Delhi,Evening,one,Morning,Bangalore,Economy,13.5,39,6427
17960,SpiceJet,SG-3002,Delhi,Early_Morning,one,Night,Bangalore,Economy,15.0,39,8081
17962,SpiceJet,SG-8946,Delhi,Morning,one,Afternoon,Bangalore,Economy,25.67,39,9788
17963,SpiceJet,SG-8941,Delhi,Afternoon,one,Morning,Bangalore,Economy,20.25,39,9867
18006,SpiceJet,SG-8185,Delhi,Morning,one,Evening,Bangalore,Economy,7.33,40,3569
18019,SpiceJet,SG-8207,Delhi,Evening,one,Morning,Bangalore,Economy,14.75,40,3663
18020,SpiceJet,SG-8938,Delhi,Evening,one,Evening,Bangalore,Economy,23.08,40,4152
18124,SpiceJet,SG-191,Delhi,Early_Morning,zero,Morning,Bangalore,Economy,2.5,40,4500
18126,SpiceJet,SG-143,Delhi,Evening,zero,Night,Bangalore,Economy,2.75,40,4500
18127,SpiceJet,SG-534,Delhi,Night,zero,Late_Night,Bangalore,Economy,2.75,40,4500
18157,SpiceJet,SG-8721,Delhi,Early_Morning,one,Night,Bangalore,Economy,13.92,40,5610
18162,SpiceJet,SG-8645,Delhi,Evening,one,Morning,Bangalore,Economy,16.67,40,6427
18163,SpiceJet,SG-8171,Delhi,Morning,one,Morning,Bangalore,Economy,21.0,40,6427
18174,SpiceJet,SG-8411,Delhi,Evening,one,Morning,Bangalore,Economy,13.5,40,6427
18179,SpiceJet,SG-339,Delhi,Afternoon,one,Morning,Bangalore,Economy,19.83,40,7685
18180,SpiceJet,SG-3002,Delhi,Early_Morning,one,Night,Bangalore,Economy,15.0,40,8081
18184,SpiceJet,SG-8946,Delhi,Morning,one,Afternoon,Bangalore,Economy,25.67,40,9788
18219,SpiceJet,SG-8185,Delhi,Morning,one,Evening,Bangalore,Economy,7.33,41,3569
18224,SpiceJet,SG-8938,Delhi,Evening,one,Evening,Bangalore,Economy,23.08,41,3569
18238,SpiceJet,SG-8207,Delhi,Evening,one,Morning,Bangalore,Economy,14.75,41,3663
18337,SpiceJet,SG-191,Delhi,Early_Morning,zero,Morning,Bangalore,Economy,2.5,41,4500
18339,SpiceJet,SG-143,Delhi,Evening,zero,Night,Bangalore,Economy,2.75,41,4500
18340,SpiceJet,SG-534,Delhi,Night,zero,Late_Night,Bangalore,Economy,2.75,41,4500
18367,SpiceJet,SG-8721,Delhi,Early_Morning,one,Night,Bangalore,Economy,13.92,41,5610
18378,SpiceJet,SG-8645,Delhi,Evening,one,Morning,Bangalore,Economy,16.67,41,6427
18387,SpiceJet,SG-8411,Delhi,Evening,one,Morning,Bangalore,Economy,13.5,41,6427
18394,SpiceJet,SG-8171,Delhi,Morning,one,Morning,Bangalore,Economy,21.0,41,7897
18395,SpiceJet,SG-3002,Delhi,Early_Morning,one,Night,Bangalore,Economy,15.0,41,8609
18396,SpiceJet,SG-8946,Delhi,Morning,one,Afternoon,Bangalore,Economy,25.67,41,9788
18397,SpiceJet,SG-8941,Delhi,Afternoon,one,Morning,Bangalore,Economy,20.25,41,9867
18441,SpiceJet,SG-8185,Delhi,Morning,one,Evening,Bangalore,Economy,7.33,42,3569
18442,SpiceJet,SG-8938,Delhi,Evening,one,Evening,Bangalore,Economy,23.08,42,3569
18450,SpiceJet,SG-8207,Delhi,Evening,one,Morning,Bangalore,Economy,14.75,42,3663
18556,SpiceJet,SG-191,Delhi,Early_Morning,zero,Morning,Bangalore,Economy,2.5,42,4500
18558,SpiceJet,SG-143,Delhi,Evening,zero,Night,Bangalore,Economy,2.75,42,4500
18559,SpiceJet,SG-534,Delhi,Night,zero,Late_Night,Bangalore,Economy,2.75,42,4500
18584,SpiceJet,SG-8721,Delhi,Early_Morning,one,Night,Bangalore,Economy,13.92,42,5610
18601,SpiceJet,SG-8645,Delhi,Evening,one,Morning,Bangalore,Economy,16.67,42,6427
18605,SpiceJet,SG-8411,Delhi,Evening,one,Morning,Bangalore,Economy,13.5,42,6427
18611,SpiceJet,SG-339,Delhi,Afternoon,one,Morning,Bangalore,Economy,19.83,42,7685
18612,SpiceJet,SG-3002,Delhi,Early_Morning,one,Night,Bangalore,Economy,15.0,42,8081
18613,SpiceJet,SG-8171,Delhi,Morning,one,Morning,Bangalore,Economy,21.0,42,8947
18614,SpiceJet,SG-8946,Delhi,Morning,one,Afternoon,Bangalore,Economy,25.67,42,9788
18652,SpiceJet,SG-8185,Delhi,Morning,one,Evening,Bangalore,Economy,7.33,43,3569
18671,SpiceJet,SG-8207,Delhi,Evening,one,Morning,Bangalore,Economy,14.75,43,3663
18777,SpiceJet,SG-191,Delhi,Early_Morning,zero,Morning,Bangalore,Economy,2.5,43,4500
18779,SpiceJet,SG-143,Delhi,Evening,zero,Night,Bangalore,Economy,2.75,43,4500
18780,SpiceJet,SG-534,Delhi,Night,zero,Late_Night,Bangalore,Economy,2.75,43,4500
18809,SpiceJet,SG-8721,Delhi,Early_Morning,one,Night,Bangalore,Economy,13.92,43,5610
18826,SpiceJet,SG-3002,Delhi,Early_Morning,one,Night,Bangalore,Economy,15.0,43,8081
18828,SpiceJet,SG-8946,Delhi,Morning,one,Afternoon,Bangalore,Economy,25.67,43,9788
18829,SpiceJet,SG-8941,Delhi,Afternoon,one,Morning,Bangalore,Economy,20.25,43,9867
18873,SpiceJet,SG-8938,Delhi,Evening,one,Evening,Bangalore,Economy,23.33,44,3569
18925,SpiceJet,SG-8169,Delhi,Evening,one,Night,Bangalore,Economy,26.42,44,4068
18977,SpiceJet,SG-191,Delhi,Early_Morning,zero,Morning,Bangalore,Economy,2.5,44,4500
18979,SpiceJet,SG-143,Delhi,Evening,zero,Night,Bangalore,Economy,2.75,44,4500
18980,SpiceJet,SG-534,Delhi,Night,zero,Late_Night,Bangalore,Economy,2.75,44,4500
19007,SpiceJet,SG-480,Delhi,Evening,one,Afternoon,Bangalore,Economy,20.08,44,5610
19011,SpiceJet,SG-8721,Delhi,Early_Morning,one,Night,Bangalore,Economy,13.92,44,5610
19016,SpiceJet,SG-8645,Delhi,Evening,one,Morning,Bangalore,Economy,17.17,44,6427
19020,SpiceJet,SG-8411,Delhi,Evening,one,Morning,Bangalore,Economy,14.0,44,6427
19021,SpiceJet,SG-8411,Delhi,Evening,one,Night,Bangalore,Economy,26.92,44,6427
19027,SpiceJet,SG-8910,Delhi,Morning,one,Morning,Bangalore,Economy,24.42,44,6741
19029,SpiceJet,SG-8171,Delhi,Morning,one,Morning,Bangalore,Economy,21.5,44,7057
19034,SpiceJet,SG-3002,Delhi,Early_Morning,one,Night,Bangalore,Economy,15.0,44,8081
19125,SpiceJet,SG-8723,Delhi,Morning,one,Night,Bangalore,Economy,13.33,45,4068
19126,SpiceJet,SG-8701,Delhi,Early_Morning,one,Night,Bangalore,Economy,14.83,45,4068
19127,SpiceJet,SG-8723,Delhi,Morning,one,Night,Bangalore,Economy,14.83,45,4068
19128,SpiceJet,SG-8701,Delhi,Early_Morning,one,Night,Bangalore,Economy,16.33,45,4068
19159,SpiceJet,SG-8185,Delhi,Morning,one,Evening,Bangalore,Economy,8.42,45,4152
19200,SpiceJet,SG-8191,Delhi,Early_Morning,zero,Morning,Bangalore,Economy,2.58,45,4500
19207,SpiceJet,SG-8905,Delhi,Night,zero,Night,Bangalore,Economy,2.75,45,4500
19214,SpiceJet,SG-197,Delhi,Evening,zero,Evening,Bangalore,Economy,3.17,45,4500
19239,SpiceJet,SG-8721,Delhi,Early_Morning,one,Afternoon,Bangalore,Economy,5.92,45,5610
19240,SpiceJet,SG-389,Delhi,Evening,one,Afternoon,Bangalore,Economy,18.17,45,5610
19248,SpiceJet,SG-8645,Delhi,Evening,one,Night,Bangalore,Economy,6.08,45,6427
19249,SpiceJet,SG-8171,Delhi,Morning,one,Night,Bangalore,Economy,10.42,45,6427
19250,SpiceJet,SG-8645,Delhi,Evening,one,Morning,Bangalore,Economy,17.17,45,6427
19251,SpiceJet,SG-8171,Delhi,Morning,one,Morning,Bangalore,Economy,21.5,45,6427
19263,SpiceJet,SG-946,Delhi,Morning,one,Evening,Bangalore,Economy,6.58,45,7372
19304,SpiceJet,SG-8938,Delhi,Evening,one,Evening,Bangalore,Economy,24.5,46,3569
19383,SpiceJet,SG-8723,Delhi,Morning,one,Night,Bangalore,Economy,13.33,46,4068
19384,SpiceJet,SG-8701,Delhi,Early_Morning,one,Night,Bangalore,Economy,14.83,46,4068
19385,SpiceJet,SG-8723,Delhi,Morning,one,Night,Bangalore,Economy,14.83,46,4068
19386,SpiceJet,SG-8701,Delhi,Early_Morning,one,Night,Bangalore,Economy,16.33,46,4068
19395,SpiceJet,SG-8185,Delhi,Morning,one,Evening,Bangalore,Economy,8.42,46,4152
19423,SpiceJet,SG-8191,Delhi,Early_Morning,zero,Morning,Bangalore,Economy,2.58,46,4500
19430,SpiceJet,SG-8905,Delhi,Night,zero,Night,Bangalore,Economy,2.75,46,4500
19437,SpiceJet,SG-197,Delhi,Evening,zero,Evening,Bangalore,Economy,3.17,46,4500
19444,SpiceJet,SG-8721,Delhi,Early_Morning,one,Afternoon,Bangalore,Economy,5.92,46,5610
19456,SpiceJet,SG-8645,Delhi,Evening,one,Night,Bangalore,Economy,6.08,46,6427
19457,SpiceJet,SG-8171,Delhi,Morning,one,Night,Bangalore,Economy,10.42,46,6427
19458,SpiceJet,SG-8645,Delhi,Evening,one,Morning,Bangalore,Economy,17.08,46,6427
19459,SpiceJet,SG-8171,Delhi,Morning,one,Morning,Bangalore,Economy,21.42,46,6427
19477,SpiceJet,SG-946,Delhi,Morning,one,Evening,Bangalore,Economy,6.58,46,7792
19520,SpiceJet,SG-8185,Delhi,Morning,one,Evening,Bangalore,Economy,8.42,47,3326
19521,SpiceJet,SG-8938,Delhi,Evening,one,Evening,Bangalore,Economy,24.5,47,3326
19607,SpiceJet,SG-8191,Delhi,Early_Morning,zero,Morning,Bangalore,Economy,2.58,47,4200
19608,SpiceJet,SG-8905,Delhi,Night,zero,Night,Bangalore,Economy,2.75,47,4200
19609,SpiceJet,SG-197,Delhi,Evening,zero,Evening,Bangalore,Economy,3.17,47,4200
19669,SpiceJet,SG-389,Delhi,Evening,one,Afternoon,Bangalore,Economy,18.17,47,5173
19670,SpiceJet,SG-8480,Delhi,Afternoon,one,Afternoon,Bangalore,Economy,22.17,47,5173
19677,SpiceJet,SG-8645,Delhi,Evening,one,Night,Bangalore,Economy,6.08,47,5938
19678,SpiceJet,SG-8171,Delhi,Morning,one,Night,Bangalore,Economy,10.42,47,5938
19679,SpiceJet,SG-8645,Delhi,Evening,one,Morning,Bangalore,Economy,17.17,47,5938
19680,SpiceJet,SG-8171,Delhi,Morning,one,Morning,Bangalore,Economy,21.5,47,5938
19682,SpiceJet,SG-8723,Delhi,Morning,one,Night,Bangalore,Economy,13.33,47,6031
19683,SpiceJet,SG-8701,Delhi,Early_Morning,one,Night,Bangalore,Economy,14.83,47,6031
19684,SpiceJet,SG-8723,Delhi,Morning,one,Night,Bangalore,Economy,14.83,47,6031
19685,SpiceJet,SG-8701,Delhi,Early_Morning,one,Night,Bangalore,Economy,16.33,47,6031
19699,SpiceJet,SG-946,Delhi,Morning,one,Evening,Bangalore,Economy,6.58,47,9508
19740,SpiceJet,SG-8185,Delhi,Morning,one,Evening,Bangalore,Economy,8.42,48,3326
19818,SpiceJet,SG-8191,Delhi,Early_Morning,zero,Morning,Bangalore,Economy,2.58,48,4200
19819,SpiceJet,SG-8905,Delhi,Night,zero,Night,Bangalore,Economy,2.75,48,4200
19820,SpiceJet,SG-197,Delhi,Evening,zero,Evening,Bangalore,Economy,3.17,48,4200
19870,SpiceJet,SG-8721,Delhi,Early_Morning,one,Afternoon,Bangalore,Economy,5.92,48,5173
19871,SpiceJet,SG-389,Delhi,Evening,one,Afternoon,Bangalore,Economy,18.17,48,5173
19879,SpiceJet,SG-8645,Delhi,Evening,one,Night,Bangalore,Economy,6.08,48,5938
19880,SpiceJet,SG-8171,Delhi,Morning,one,Night,Bangalore,Economy,10.42,48,5938
19881,SpiceJet,SG-8645,Delhi,Evening,one,Morning,Bangalore,Economy,17.17,48,5938
19882,SpiceJet,SG-8171,Delhi,Morning,one,Morning,Bangalore,Economy,21.5,48,5938
19886,SpiceJet,SG-8723,Delhi,Morning,one,Night,Bangalore,Economy,13.33,48,6031
19887,SpiceJet,SG-8701,Delhi,Early_Morning,one,Night,Bangalore,Economy,14.83,48,6031
19888,SpiceJet,SG-8723,Delhi,Morning,one,Night,Bangalore,Economy,14.83,48,6031
19889,SpiceJet,SG-8701,Delhi,Early_Morning,one,Night,Bangalore,Economy,16.33,48,6031
19903,SpiceJet,SG-946,Delhi,Morning,one,Evening,Bangalore,Economy,6.58,48,9508
19937,SpiceJet,SG-8185,Delhi,Morning,one,Evening,Bangalore,Economy,8.42,49,3569
19980,SpiceJet,SG-8723,Delhi,Morning,one,Night,Bangalore,Economy,13.33,49,4068
19981,SpiceJet,SG-8701,Delhi,Early_Morning,one,Night,Bangalore,Economy,14.83,49,4068
19982,SpiceJet,SG-8723,Delhi,Morning,one,Night,Bangalore,Economy,14.83,49,4068
19983,SpiceJet,SG-8701,Delhi,Early_Morning,one,Night,Bangalore,Economy,16.33,49,4068
20054,SpiceJet,SG-8191,Delhi,Early_Morning,zero,Morning,Bangalore,Economy,2.58,49,4500
20061,SpiceJet,SG-8905,Delhi,Night,zero,Night,Bangalore,Economy,2.75,49,4500
20068,SpiceJet,SG-197,Delhi,Evening,zero,Evening,Bangalore,Economy,3.17,49,4500
20089,SpiceJet,SG-8721,Delhi,Early_Morning,one,Afternoon,Bangalore,Economy,5.92,49,5610
20090,SpiceJet,SG-389,Delhi,Evening,one,Afternoon,Bangalore,Economy,18.17,49,5610
20111,SpiceJet,SG-8645,Delhi,Evening,one,Night,Bangalore,Economy,6.08,49,6427
20112,SpiceJet,SG-8645,Delhi,Evening,one,Morning,Bangalore,Economy,17.17,49,6427
20118,SpiceJet,SG-8171,Delhi,Morning,one,Night,Bangalore,Economy,10.42,49,6741
20119,SpiceJet,SG-8171,Delhi,Morning,one,Morning,Bangalore,Economy,21.5,49,6741
20123,SpiceJet,SG-946,Delhi,Morning,one,Evening,Bangalore,Economy,6.58,49,7372
20136,SpiceJet,SG-8253,Delhi,Night,zero,Night,Kolkata,Economy,2.17,1,6270
20153,SpiceJet,SG-8903,Delhi,Morning,one,Afternoon,Kolkata,Economy,4.92,1,10784
20158,SpiceJet,SG-8187,Delhi,Afternoon,one,Afternoon,Kolkata,Economy,25.25,1,11624
20210,SpiceJet,SG-8903,Delhi,Morning,one,Evening,Kolkata,Economy,8.0,1,17504
20216,SpiceJet,SG-2976,Delhi,Evening,one,Evening,Kolkata,Economy,24.58,1,19263
20228,SpiceJet,SG-8152,Delhi,Morning,one,Morning,Kolkata,Economy,23.67,1,25995
20230,SpiceJet,SG-8152,Delhi,Morning,one,Night,Kolkata,Economy,11.25,1,26939
20246,SpiceJet,SG-8152,Delhi,Morning,one,Night,Kolkata,Economy,11.25,2,5954
20252,SpiceJet,SG-8106,Delhi,Early_Morning,one,Night,Kolkata,Economy,16.25,2,5954
20255,SpiceJet,SG-8152,Delhi,Morning,one,Morning,Kolkata,Economy,23.67,2,6060
20256,SpiceJet,SG-8187,Delhi,Afternoon,one,Afternoon,Kolkata,Economy,25.17,2,6060
20257,SpiceJet,SG-480,Delhi,Evening,one,Night,Kolkata,Economy,4.25,2,6270
20258,SpiceJet,SG-8903,Delhi,Morning,one,Evening,Kolkata,Economy,8.0,2,6270
20259,SpiceJet,SG-8721,Delhi,Early_Morning,one,Night,Kolkata,Economy,14.08,2,6270
20263,SpiceJet,SG-8263,Delhi,Early_Morning,zero,Morning,Kolkata,Economy,2.08,2,6480
20277,SpiceJet,SG-8253,Delhi,Night,zero,Night,Kolkata,Economy,2.17,2,10260
20285,SpiceJet,SG-8903,Delhi,Morning,one,Afternoon,Kolkata,Economy,4.92,2,11624
20351,SpiceJet,SG-2976,Delhi,Evening,one,Evening,Kolkata,Economy,24.58,2,27769
20362,SpiceJet,SG-480,Delhi,Evening,one,Night,Kolkata,Economy,4.25,3,5954
20369,SpiceJet,SG-8721,Delhi,Early_Morning,one,Night,Kolkata,Economy,14.08,3,5954
20371,SpiceJet,SG-8187,Delhi,Afternoon,one,Afternoon,Kolkata,Economy,25.17,3,5954
20374,SpiceJet,SG-8903,Delhi,Morning,one,Afternoon,Kolkata,Economy,4.92,3,6060
20376,SpiceJet,SG-8253,Delhi,Night,zero,Night,Kolkata,Economy,2.17,3,6270
20398,SpiceJet,SG-2976,Delhi,Evening,one,Night,Kolkata,Economy,26.08,3,11389
20400,SpiceJet,SG-8263,Delhi,Early_Morning,zero,Morning,Kolkata,Economy,2.08,3,11624
20414,SpiceJet,SG-8903,Delhi,Morning,one,Evening,Kolkata,Economy,8.0,3,12360
20468,SpiceJet,SG-8152,Delhi,Morning,one,Night,Kolkata,Economy,11.25,3,18959
20470,SpiceJet,SG-8152,Delhi,Morning,one,Morning,Kolkata,Economy,23.67,3,19275
20493,SpiceJet,SG-8253,Delhi,Night,zero,Night,Kolkata,Economy,2.17,4,5954
20511,SpiceJet,SG-480,Delhi,Evening,one,Night,Kolkata,Economy,4.25,4,5954
20521,SpiceJet,SG-8721,Delhi,Early_Morning,one,Night,Kolkata,Economy,14.08,4,5954
20526,SpiceJet,SG-2976,Delhi,Evening,one,Evening,Kolkata,Economy,24.58,4,5954
20527,SpiceJet,SG-8187,Delhi,Afternoon,one,Afternoon,Kolkata,Economy,25.25,4,5954
20532,SpiceJet,SG-8903,Delhi,Morning,one,Afternoon,Kolkata,Economy,4.92,4,6060
20533,SpiceJet,SG-8263,Delhi,Early_Morning,zero,Morning,Kolkata,Economy,2.08,4,6270
20593,SpiceJet,SG-8152,Delhi,Morning,one,Night,Kolkata,Economy,11.25,4,13079
20596,SpiceJet,SG-8152,Delhi,Morning,one,Morning,Kolkata,Economy,23.67,4,13395
20630,SpiceJet,SG-8903,Delhi,Morning,one,Evening,Kolkata,Economy,8.0,4,16350
20640,SpiceJet,SG-8253,Delhi,Night,zero,Night,Kolkata,Economy,2.17,5,5954
20653,SpiceJet,SG-480,Delhi,Evening,one,Night,Kolkata,Economy,4.25,5,5954
20655,SpiceJet,SG-8903,Delhi,Morning,one,Afternoon,Kolkata,Economy,4.92,5,5954
20664,SpiceJet,SG-8721,Delhi,Early_Morning,one,Night,Kolkata,Economy,14.08,5,5954
20668,SpiceJet,SG-8187,Delhi,Afternoon,one,Afternoon,Kolkata,Economy,25.17,5,5954
20669,SpiceJet,SG-2976,Delhi,Evening,one,Night,Kolkata,Economy,26.08,5,5954
20673,SpiceJet,SG-8152,Delhi,Morning,one,Night,Kolkata,Economy,11.25,5,6270
20674,SpiceJet,SG-8152,Delhi,Morning,one,Morning,Kolkata,Economy,23.67,5,6270
20682,SpiceJet,SG-8263,Delhi,Early_Morning,zero,Morning,Kolkata,Economy,2.08,5,6480
20709,SpiceJet,SG-8903,Delhi,Morning,one,Evening,Kolkata,Economy,8.0,5,10574
20798,SpiceJet,SG-8263,Delhi,Early_Morning,zero,Morning,Kolkata,Economy,2.08,6,5954
20799,SpiceJet,SG-8253,Delhi,Night,zero,Night,Kolkata,Economy,2.17,6,5954
20838,SpiceJet,SG-2976,Delhi,Evening,one,Night,Kolkata,Economy,24.75,6,5954
20839,SpiceJet,SG-8187,Delhi,Afternoon,one,Afternoon,Kolkata,Economy,25.25,6,5954
20845,SpiceJet,SG-8903,Delhi,Morning,one,Afternoon,Kolkata,Economy,4.92,6,6060
20847,SpiceJet,SG-480,Delhi,Evening,one,Night,Kolkata,Economy,4.25,6,6270
20848,SpiceJet,SG-8152,Delhi,Morning,one,Night,Kolkata,Economy,11.25,6,6270
20849,SpiceJet,SG-8721,Delhi,Early_Morning,one,Night,Kolkata,Economy,14.08,6,6270
20850,SpiceJet,SG-8152,Delhi,Morning,one,Morning,Kolkata,Economy,23.67,6,6270
20878,SpiceJet,SG-8903,Delhi,Morning,one,Evening,Kolkata,Economy,8.0,6,10994
20964,SpiceJet,SG-8263,Delhi,Early_Morning,zero,Morning,Kolkata,Economy,2.08,7,5954
20965,SpiceJet,SG-1072,Delhi,Night,zero,Night,Kolkata,Economy,2.17,7,5954
20966,SpiceJet,SG-8253,Delhi,Night,zero,Night,Kolkata,Economy,2.17,7,5954
20982,SpiceJet,SG-480,Delhi,Evening,one,Night,Kolkata,Economy,4.25,7,5954
20984,SpiceJet,SG-8903,Delhi,Morning,one,Afternoon,Kolkata,Economy,4.92,7,5954
20989,SpiceJet,SG-8152,Delhi,Morning,one,Night,Kolkata,Economy,11.25,7,5954
20995,SpiceJet,SG-8721,Delhi,Early_Morning,one,Night,Kolkata,Economy,14.08,7,5954
21000,SpiceJet,SG-8152,Delhi,Morning,one,Morning,Kolkata,Economy,23.67,7,5954
21012,SpiceJet,SG-8187,Delhi,Afternoon,one,Afternoon,Kolkata,Economy,25.17,7,6060
21013,SpiceJet,SG-2976,Delhi,Evening,one,Night,Kolkata,Economy,26.08,7,6060
21014,SpiceJet,SG-8903,Delhi,Morning,one,Evening,Kolkata,Economy,8.0,7,6270
21134,SpiceJet,SG-8253,Delhi,Night,zero,Night,Kolkata,Economy,2.17,8,5954
21160,SpiceJet,SG-8152,Delhi,Morning,one,Morning,Kolkata,Economy,23.67,8,5954
21172,SpiceJet,SG-8903,Delhi,Morning,one,Afternoon,Kolkata,Economy,4.92,8,6060
21173,SpiceJet,SG-8152,Delhi,Morning,one,Night,Kolkata,Economy,11.25,8,6060
21174,SpiceJet,SG-8187,Delhi,Afternoon,one,Afternoon,Kolkata,Economy,25.25,8,6060
21184,SpiceJet,SG-8263,Delhi,Early_Morning,zero,Morning,Kolkata,Economy,2.08,8,7110
21223,SpiceJet,SG-2976,Delhi,Evening,one,Evening,Kolkata,Economy,24.58,8,12649
21236,SpiceJet,SG-8903,Delhi,Morning,one,Evening,Kolkata,Economy,8.0,8,13410
21292,SpiceJet,SG-480,Delhi,Evening,one,Night,Kolkata,Economy,4.25,8,18871
21293,SpiceJet,SG-8721,Delhi,Early_Morning,one,Night,Kolkata,Economy,14.08,8,18871
21298,SpiceJet,SG-8263,Delhi,Early_Morning,zero,Morning,Kolkata,Economy,2.08,9,6270
21299,SpiceJet,SG-8253,Delhi,Night,zero,Night,Kolkata,Economy,2.17,9,6270
21308,SpiceJet,SG-480,Delhi,Evening,one,Night,Kolkata,Economy,4.25,9,5954
21311,SpiceJet,SG-8721,Delhi,Early_Morning,one,Night,Kolkata,Economy,14.08,9,5954
21322,SpiceJet,SG-8903,Delhi,Morning,one,Afternoon,Kolkata,Economy,4.92,9,6060
21323,SpiceJet,SG-8187,Delhi,Afternoon,one,Afternoon,Kolkata,Economy,25.17,9,6060
21350,SpiceJet,SG-8903,Delhi,Morning,one,Evening,Kolkata,Economy,8.0,9,10574
21364,SpiceJet,SG-8152,Delhi,Morning,one,Night,Kolkata,Economy,11.25,9,12765
21365,SpiceJet,SG-8152,Delhi,Morning,one,Morning,Kolkata,Economy,23.67,9,12765
21425,SpiceJet,SG-2976,Delhi,Evening,one,Evening,Kolkata,Economy,24.58,9,15379
21446,SpiceJet,SG-8253,Delhi,Night,zero,Night,Kolkata,Economy,2.17,10,6060
21456,SpiceJet,SG-480,Delhi,Evening,one,Night,Kolkata,Economy,4.25,10,5954
21467,SpiceJet,SG-8721,Delhi,Early_Morning,one,Night,Kolkata,Economy,14.08,10,5954
21471,SpiceJet,SG-8187,Delhi,Afternoon,one,Afternoon,Kolkata,Economy,25.17,10,5954
21477,SpiceJet,SG-8903,Delhi,Morning,one,Afternoon,Kolkata,Economy,4.92,10,6060
21478,SpiceJet,SG-8263,Delhi,Early_Morning,zero,Morning,Kolkata,Economy,2.08,10,6270
21532,SpiceJet,SG-8152,Delhi,Morning,one,Night,Kolkata,Economy,11.25,10,13079
21533,SpiceJet,SG-8152,Delhi,Morning,one,Morning,Kolkata,Economy,23.67,10,13395
21534,SpiceJet,SG-8903,Delhi,Morning,one,Evening,Kolkata,Economy,8.0,10,13410
21563,SpiceJet,SG-2976,Delhi,Evening,one,Night,Kolkata,Economy,26.08,10,14539
21598,SpiceJet,SG-8263,Delhi,Early_Morning,zero,Morning,Kolkata,Economy,2.08,11,5954
21599,SpiceJet,SG-1072,Delhi,Night,zero,Night,Kolkata,Economy,2.17,11,5954
21600,SpiceJet,SG-8253,Delhi,Night,zero,Night,Kolkata,Economy,2.17,11,5954
21632,SpiceJet,SG-480,Delhi,Evening,one,Night,Kolkata,Economy,4.25,11,5954
21634,SpiceJet,SG-8903,Delhi,Morning,one,Afternoon,Kolkata,Economy,4.92,11,5954
21651,SpiceJet,SG-8721,Delhi,Early_Morning,one,Night,Kolkata,Economy,14.08,11,5954
21657,SpiceJet,SG-8187,Delhi,Afternoon,one,Afternoon,Kolkata,Economy,25.25,11,5954
21670,SpiceJet,SG-8152,Delhi,Morning,one,Night,Kolkata,Economy,11.25,11,6270
21671,SpiceJet,SG-8152,Delhi,Morning,one,Morning,Kolkata,Economy,23.67,11,6270
21701,SpiceJet,SG-2976,Delhi,Evening,one,Evening,Kolkata,Economy,24.58,11,10969
21778,SpiceJet,SG-8903,Delhi,Morning,one,Evening,Kolkata,Economy,8.0,11,14040
21790,SpiceJet,SG-1074,Delhi,Early_Morning,zero,Morning,Kolkata,Economy,2.08,12,5954
21791,SpiceJet,SG-8263,Delhi,Early_Morning,zero,Morning,Kolkata,Economy,2.08,12,5954
21792,SpiceJet,SG-1072,Delhi,Night,zero,Night,Kolkata,Economy,2.17,12,5954
21793,SpiceJet,SG-8253,Delhi,Night,zero,Night,Kolkata,Economy,2.17,12,5954
21822,SpiceJet,SG-480,Delhi,Evening,one,Night,Kolkata,Economy,4.25,12,5954
21824,SpiceJet,SG-8903,Delhi,Morning,one,Afternoon,Kolkata,Economy,4.92,12,5954
21835,SpiceJet,SG-8152,Delhi,Morning,one,Night,Kolkata,Economy,11.25,12,5954
21843,SpiceJet,SG-8721,Delhi,Early_Morning,one,Night,Kolkata,Economy,14.08,12,5954
21848,SpiceJet,SG-8152,Delhi,Morning,one,Morning,Kolkata,Economy,23.67,12,5954
21849,SpiceJet,SG-8187,Delhi,Afternoon,one,Afternoon,Kolkata,Economy,25.17,12,5954
21868,SpiceJet,SG-8903,Delhi,Morning,one,Evening,Kolkata,Economy,8.0,12,6060
21869,SpiceJet,SG-2976,Delhi,Evening,one,Night,Kolkata,Economy,26.08,12,6060
21979,SpiceJet,SG-1074,Delhi,Early_Morning,zero,Morning,Kolkata,Economy,2.08,13,5954
21980,SpiceJet,SG-1072,Delhi,Night,zero,Night,Kolkata,Economy,2.17,13,5954
21981,SpiceJet,SG-8253,Delhi,Night,zero,Night,Kolkata,Economy,2.17,13,5954
22013,SpiceJet,SG-480,Delhi,Evening,one,Night,Kolkata,Economy,4.25,13,5954
22015,SpiceJet,SG-8903,Delhi,Morning,one,Afternoon,Kolkata,Economy,4.92,13,5954
22024,SpiceJet,SG-8152,Delhi,Morning,one,Night,Kolkata,Economy,11.25,13,5954
22032,SpiceJet,SG-8721,Delhi,Early_Morning,one,Night,Kolkata,Economy,14.08,13,5954
22039,SpiceJet,SG-8152,Delhi,Morning,one,Morning,Kolkata,Economy,23.67,13,5954
22040,SpiceJet,SG-8187,Delhi,Afternoon,one,Afternoon,Kolkata,Economy,25.25,13,5954
22055,SpiceJet,SG-2976,Delhi,Evening,one,Night,Kolkata,Economy,24.75,13,6060
22056,SpiceJet,SG-8263,Delhi,Early_Morning,zero,Morning,Kolkata,Economy,2.08,13,6270
22057,SpiceJet,SG-8903,Delhi,Morning,one,Evening,Kolkata,Economy,8.0,13,6270
22170,SpiceJet,SG-1074,Delhi,Early_Morning,zero,Morning,Kolkata,Economy,2.08,14,5954
22171,SpiceJet,SG-8263,Delhi,Early_Morning,zero,Morning,Kolkata,Economy,2.08,14,5954
22172,SpiceJet,SG-1072,Delhi,Night,zero,Night,Kolkata,Economy,2.17,14,5954
22173,SpiceJet,SG-8253,Delhi,Night,zero,Night,Kolkata,Economy,2.17,14,5954
22200,SpiceJet,SG-480,Delhi,Evening,one,Night,Kolkata,Economy,4.25,14,5954
22202,SpiceJet,SG-8903,Delhi,Morning,one,Afternoon,Kolkata,Economy,4.92,14,5954
22212,SpiceJet,SG-8152,Delhi,Morning,one,Night,Kolkata,Economy,11.25,14,5954
22220,SpiceJet,SG-8721,Delhi,Early_Morning,one,Night,Kolkata,Economy,14.08,14,5954
22226,SpiceJet,SG-8187,Delhi,Afternoon,one,Afternoon,Kolkata,Economy,25.17,14,5954
22253,SpiceJet,SG-8903,Delhi,Morning,one,Evening,Kolkata,Economy,8.0,14,6060
22254,SpiceJet,SG-8152,Delhi,Morning,one,Morning,Kolkata,Economy,23.67,14,6060
22255,SpiceJet,SG-2976,Delhi,Evening,one,Night,Kolkata,Economy,26.08,14,6060
22378,SpiceJet,SG-480,Delhi,Evening,one,Night,Kolkata,Economy,4.25,15,3884
22379,SpiceJet,SG-8721,Delhi,Early_Morning,one,Night,Kolkata,Economy,14.08,15,3884
22384,SpiceJet,SG-1074,Delhi,Early_Morning,zero,Morning,Kolkata,Economy,2.08,15,4000
22385,SpiceJet,SG-8263,Delhi,Early_Morning,zero,Morning,Kolkata,Economy,2.08,15,4000
22386,SpiceJet,SG-1072,Delhi,Night,zero,Night,Kolkata,Economy,2.17,15,4000
22387,SpiceJet,SG-8253,Delhi,Night,zero,Night,Kolkata,Economy,2.17,15,4000
22390,SpiceJet,SG-2976,Delhi,Evening,one,Evening,Kolkata,Economy,24.58,15,4077
22401,SpiceJet,SG-8152,Delhi,Morning,one,Night,Kolkata,Economy,11.25,15,4898
22402,SpiceJet,SG-8152,Delhi,Morning,one,Morning,Kolkata,Economy,23.67,15,4898
22533,SpiceJet,SG-8903,Delhi,Morning,one,Afternoon,Kolkata,Economy,4.92,15,9510
22534,SpiceJet,SG-8187,Delhi,Afternoon,one,Afternoon,Kolkata,Economy,25.25,15,9510
22544,SpiceJet,SG-8903,Delhi,Morning,one,Evening,Kolkata,Economy,8.0,15,10718
22567,SpiceJet,SG-480,Delhi,Evening,one,Night,Kolkata,Economy,4.25,16,3884
22568,SpiceJet,SG-8721,Delhi,Early_Morning,one,Night,Kolkata,Economy,14.08,16,3884
22575,SpiceJet,SG-1074,Delhi,Early_Morning,zero,Morning,Kolkata,Economy,2.08,16,4000
22576,SpiceJet,SG-8263,Delhi,Early_Morning,zero,Morning,Kolkata,Economy,2.08,16,4000
22577,SpiceJet,SG-1072,Delhi,Night,zero,Night,Kolkata,Economy,2.17,16,4000
22578,SpiceJet,SG-8253,Delhi,Night,zero,Night,Kolkata,Economy,2.17,16,4000
22592,SpiceJet,SG-8152,Delhi,Morning,one,Night,Kolkata,Economy,11.25,16,4898
22593,SpiceJet,SG-8152,Delhi,Morning,one,Morning,Kolkata,Economy,23.67,16,4898
22665,SpiceJet,SG-2976,Delhi,Evening,one,Evening,Kolkata,Economy,24.58,16,6625
22724,SpiceJet,SG-8903,Delhi,Morning,one,Afternoon,Kolkata,Economy,4.92,16,9510
22725,SpiceJet,SG-8187,Delhi,Afternoon,one,Afternoon,Kolkata,Economy,25.17,16,9510
22728,SpiceJet,SG-8903,Delhi,Morning,one,Evening,Kolkata,Economy,8.0,16,9668
22753,SpiceJet,SG-480,Delhi,Evening,one,Night,Kolkata,Economy,4.25,17,3884
22754,SpiceJet,SG-8721,Delhi,Early_Morning,one,Night,Kolkata,Economy,14.08,17,3884
22763,SpiceJet,SG-8263,Delhi,Early_Morning,zero,Morning,Kolkata,Economy,2.08,17,4000
22764,SpiceJet,SG-1072,Delhi,Night,zero,Night,Kolkata,Economy,2.17,17,4000
22765,SpiceJet,SG-8253,Delhi,Night,zero,Night,Kolkata,Economy,2.17,17,4000
22769,SpiceJet,SG-2976,Delhi,Evening,one,Night,Kolkata,Economy,26.08,17,4077
22886,SpiceJet,SG-8152,Delhi,Morning,one,Night,Kolkata,Economy,11.25,17,7320
22887,SpiceJet,SG-8152,Delhi,Morning,one,Morning,Kolkata,Economy,23.67,17,7320
22911,SpiceJet,SG-8903,Delhi,Morning,one,Afternoon,Kolkata,Economy,4.92,17,9510
22913,SpiceJet,SG-8187,Delhi,Afternoon,one,Afternoon,Kolkata,Economy,25.17,17,9668
22917,SpiceJet,SG-8903,Delhi,Morning,one,Evening,Kolkata,Economy,8.0,17,10088
22949,SpiceJet,SG-480,Delhi,Evening,one,Night,Kolkata,Economy,4.25,18,3884
22950,SpiceJet,SG-8721,Delhi,Early_Morning,one,Night,Kolkata,Economy,14.08,18,3884
22961,SpiceJet,SG-1074,Delhi,Early_Morning,zero,Morning,Kolkata,Economy,2.08,18,4000
22962,SpiceJet,SG-8263,Delhi,Early_Morning,zero,Morning,Kolkata,Economy,2.08,18,4000
22963,SpiceJet,SG-1072,Delhi,Night,zero,Night,Kolkata,Economy,2.17,18,4000
22964,SpiceJet,SG-8253,Delhi,Night,zero,Night,Kolkata,Economy,2.17,18,4000
22988,SpiceJet,SG-8152,Delhi,Morning,one,Night,Kolkata,Economy,11.25,18,4898
22989,SpiceJet,SG-8152,Delhi,Morning,one,Morning,Kolkata,Economy,23.67,18,4898
22991,SpiceJet,SG-2976,Delhi,Evening,one,Night,Kolkata,Economy,26.08,18,5214
23104,SpiceJet,SG-8187,Delhi,Afternoon,one,Afternoon,Kolkata,Economy,25.25,18,9510
23113,SpiceJet,SG-8903,Delhi,Morning,one,Afternoon,Kolkata,Economy,4.92,18,9668
23118,SpiceJet,SG-8903,Delhi,Morning,one,Evening,Kolkata,Economy,8.0,18,11452
23159,SpiceJet,SG-8263,Delhi,Early_Morning,zero,Morning,Kolkata,Economy,2.08,19,4000
23160,SpiceJet,SG-8253,Delhi,Night,zero,Night,Kolkata,Economy,2.17,19,4000
23169,SpiceJet,SG-480,Delhi,Evening,one,Night,Kolkata,Economy,4.25,19,4417
23170,SpiceJet,SG-8721,Delhi,Early_Morning,one,Night,Kolkata,Economy,14.08,19,4417
23180,SpiceJet,SG-8152,Delhi,Morning,one,Night,Kolkata,Economy,11.25,19,4898
23181,SpiceJet,SG-8152,Delhi,Morning,one,Morning,Kolkata,Economy,23.67,19,4898
23188,SpiceJet,SG-2976,Delhi,Evening,one,Night,Kolkata,Economy,26.08,19,5214
23297,SpiceJet,SG-8903,Delhi,Morning,one,Afternoon,Kolkata,Economy,4.92,19,9510
23298,SpiceJet,SG-8187,Delhi,Afternoon,one,Afternoon,Kolkata,Economy,25.17,19,9510
23302,SpiceJet,SG-8903,Delhi,Morning,one,Evening,Kolkata,Economy,8.0,19,9668
23344,SpiceJet,SG-8263,Delhi,Early_Morning,zero,Morning,Kolkata,Economy,2.08,20,4000
23345,SpiceJet,SG-8253,Delhi,Night,zero,Night,Kolkata,Economy,2.17,20,4000
23354,SpiceJet,SG-480,Delhi,Evening,one,Night,Kolkata,Economy,4.25,20,4417
23355,SpiceJet,SG-8721,Delhi,Early_Morning,one,Night,Kolkata,Economy,14.08,20,4417
23362,SpiceJet,SG-2976,Delhi,Evening,one,Night,Kolkata,Economy,26.08,20,4587
23369,SpiceJet,SG-8152,Delhi,Morning,one,Night,Kolkata,Economy,11.25,20,4898
23370,SpiceJet,SG-8152,Delhi,Morning,one,Morning,Kolkata,Economy,23.67,20,4898
23481,SpiceJet,SG-8903,Delhi,Morning,one,Afternoon,Kolkata,Economy,4.92,20,9510
23482,SpiceJet,SG-8187,Delhi,Afternoon,one,Afternoon,Kolkata,Economy,25.25,20,9510
23485,SpiceJet,SG-8903,Delhi,Morning,one,Evening,Kolkata,Economy,8.0,20,9668
23534,SpiceJet,SG-8263,Delhi,Early_Morning,zero,Morning,Kolkata,Economy,2.08,21,4000
23535,SpiceJet,SG-8253,Delhi,Night,zero,Night,Kolkata,Economy,2.17,21,4000
23545,SpiceJet,SG-480,Delhi,Evening,one,Night,Kolkata,Economy,4.25,21,4417
23546,SpiceJet,SG-8721,Delhi,Early_Morning,one,Night,Kolkata,Economy,14.08,21,4417
23550,SpiceJet,SG-2976,Delhi,Evening,one,Night,Kolkata,Economy,26.08,21,4691
23557,SpiceJet,SG-8152,Delhi,Morning,one,Night,Kolkata,Economy,11.25,21,4898
23558,SpiceJet,SG-8152,Delhi,Morning,one,Morning,Kolkata,Economy,23.67,21,4898
23674,SpiceJet,SG-8903,Delhi,Morning,one,Afternoon,Kolkata,Economy,4.92,21,9510
23676,SpiceJet,SG-8903,Delhi,Morning,one,Evening,Kolkata,Economy,8.0,21,9510
23677,SpiceJet,SG-8187,Delhi,Afternoon,one,Afternoon,Kolkata,Economy,25.17,21,9510
23728,SpiceJet,SG-8263,Delhi,Early_Morning,zero,Morning,Kolkata,Economy,2.08,22,4000
23729,SpiceJet,SG-8253,Delhi,Night,zero,Night,Kolkata,Economy,2.17,22,4000
23738,SpiceJet,SG-480,Delhi,Evening,one,Night,Kolkata,Economy,4.25,22,4417
23739,SpiceJet,SG-8721,Delhi,Early_Morning,one,Night,Kolkata,Economy,14.08,22,4417
23750,SpiceJet,SG-8152,Delhi,Morning,one,Night,Kolkata,Economy,11.25,22,4898
23751,SpiceJet,SG-8152,Delhi,Morning,one,Morning,Kolkata,Economy,23.67,22,4898
23768,SpiceJet,SG-2976,Delhi,Evening,one,Night,Kolkata,Economy,26.08,22,5948
23859,SpiceJet,SG-8187,Delhi,Afternoon,one,Afternoon,Kolkata,Economy,25.25,22,9510
23861,SpiceJet,SG-8903,Delhi,Morning,one,Afternoon,Kolkata,Economy,4.92,22,9510
23862,SpiceJet,SG-8903,Delhi,Morning,one,Evening,Kolkata,Economy,8.0,22,9668
23905,SpiceJet,SG-8263,Delhi,Early_Morning,zero,Morning,Kolkata,Economy,2.08,23,4000
23906,SpiceJet,SG-8253,Delhi,Night,zero,Night,Kolkata,Economy,2.17,23,4000
23920,SpiceJet,SG-480,Delhi,Evening,one,Night,Kolkata,Economy,4.25,23,4417
23921,SpiceJet,SG-8721,Delhi,Early_Morning,one,Night,Kolkata,Economy,14.08,23,4417
23931,SpiceJet,SG-8152,Delhi,Morning,one,Night,Kolkata,Economy,11.25,23,4898
23932,SpiceJet,SG-8152,Delhi,Morning,one,Morning,Kolkata,Economy,23.67,23,4898
24024,SpiceJet,SG-2976,Delhi,Evening,one,Night,Kolkata,Economy,26.08,23,7557
24040,SpiceJet,SG-8903,Delhi,Morning,one,Afternoon,Kolkata,Economy,4.92,23,9510
24041,SpiceJet,SG-8187,Delhi,Afternoon,one,Afternoon,Kolkata,Economy,25.17,23,9510
24047,SpiceJet,SG-8903,Delhi,Morning,one,Evening,Kolkata,Economy,8.0,23,9510
24093,SpiceJet,SG-8263,Delhi,Early_Morning,zero,Morning,Kolkata,Economy,2.08,24,4000
24094,SpiceJet,SG-8253,Delhi,Night,zero,Night,Kolkata,Economy,2.17,24,4000
24107,SpiceJet,SG-480,Delhi,Evening,one,Night,Kolkata,Economy,4.25,24,4417
24108,SpiceJet,SG-8721,Delhi,Early_Morning,one,Night,Kolkata,Economy,14.08,24,4417
24113,SpiceJet,SG-8152,Delhi,Morning,one,Night,Kolkata,Economy,11.25,24,4898
24114,SpiceJet,SG-8152,Delhi,Morning,one,Morning,Kolkata,Economy,23.67,24,4898
24217,SpiceJet,SG-2976,Delhi,Evening,one,Night,Kolkata,Economy,26.08,24,7557
24230,SpiceJet,SG-8903,Delhi,Morning,one,Afternoon,Kolkata,Economy,4.92,24,9510
24233,SpiceJet,SG-8903,Delhi,Morning,one,Evening,Kolkata,Economy,8.0,24,9510
24234,SpiceJet,SG-8187,Delhi,Afternoon,one,Afternoon,Kolkata,Economy,25.17,24,9510
24284,SpiceJet,SG-8263,Delhi,Early_Morning,zero,Morning,Kolkata,Economy,2.08,25,4000
24285,SpiceJet,SG-8253,Delhi,Night,zero,Night,Kolkata,Economy,2.17,25,4000
24295,SpiceJet,SG-480,Delhi,Evening,one,Night,Kolkata,Economy,4.25,25,4417
24296,SpiceJet,SG-8721,Delhi,Early_Morning,one,Night,Kolkata,Economy,14.08,25,4417
24311,SpiceJet,SG-8152,Delhi,Morning,one,Night,Kolkata,Economy,11.25,25,4898
24312,SpiceJet,SG-8152,Delhi,Morning,one,Morning,Kolkata,Economy,23.67,25,4898
24313,SpiceJet,SG-2976,Delhi,Evening,one,Night,Kolkata,Economy,26.08,25,5214
24421,SpiceJet,SG-8187,Delhi,Afternoon,one,Afternoon,Kolkata,Economy,25.25,25,9510
24428,SpiceJet,SG-8903,Delhi,Morning,one,Afternoon,Kolkata,Economy,4.92,25,9510
24431,SpiceJet,SG-8903,Delhi,Morning,one,Evening,Kolkata,Economy,8.0,25,10718
24479,SpiceJet,SG-8263,Delhi,Early_Morning,zero,Morning,Kolkata,Economy,2.08,26,4000
24480,SpiceJet,SG-8253,Delhi,Night,zero,Night,Kolkata,Economy,2.17,26,4000
24490,SpiceJet,SG-480,Delhi,Evening,one,Night,Kolkata,Economy,4.25,26,4417
24491,SpiceJet,SG-8721,Delhi,Early_Morning,one,Night,Kolkata,Economy,14.08,26,4417
24500,SpiceJet,SG-8152,Delhi,Morning,one,Night,Kolkata,Economy,11.25,26,4898
24501,SpiceJet,SG-8152,Delhi,Morning,one,Morning,Kolkata,Economy,23.67,26,4898
24503,SpiceJet,SG-2976,Delhi,Evening,one,Night,Kolkata,Economy,26.08,26,5214
24611,SpiceJet,SG-8903,Delhi,Morning,one,Afternoon,Kolkata,Economy,4.92,26,9510
24612,SpiceJet,SG-8187,Delhi,Afternoon,one,Afternoon,Kolkata,Economy,25.17,26,9510
24617,SpiceJet,SG-8903,Delhi,Morning,one,Evening,Kolkata,Economy,8.0,26,9510
24650,SpiceJet,SG-8263,Delhi,Early_Morning,zero,Morning,Kolkata,Economy,2.08,27,4000
24651,SpiceJet,SG-8253,Delhi,Night,zero,Night,Kolkata,Economy,2.17,27,4000
24661,SpiceJet,SG-480,Delhi,Evening,one,Night,Kolkata,Economy,4.25,27,4417
24662,SpiceJet,SG-8721,Delhi,Early_Morning,one,Night,Kolkata,Economy,14.08,27,4417
24666,SpiceJet,SG-2976,Delhi,Evening,one,Night,Kolkata,Economy,26.08,27,5214
24668,SpiceJet,SG-8152,Delhi,Morning,one,Night,Kolkata,Economy,11.25,27,5528
24669,SpiceJet,SG-8152,Delhi,Morning,one,Morning,Kolkata,Economy,23.67,27,5528
24714,SpiceJet,SG-8903,Delhi,Morning,one,Afternoon,Kolkata,Economy,4.92,27,9510
24715,SpiceJet,SG-8187,Delhi,Afternoon,one,Afternoon,Kolkata,Economy,25.25,27,9510
24716,SpiceJet,SG-8903,Delhi,Morning,one,Evening,Kolkata,Economy,8.0,27,10402
24762,SpiceJet,SG-8263,Delhi,Early_Morning,zero,Morning,Kolkata,Economy,2.08,28,4000
24763,SpiceJet,SG-8253,Delhi,Night,zero,Night,Kolkata,Economy,2.17,28,4000
24771,SpiceJet,SG-480,Delhi,Evening,one,Night,Kolkata,Economy,4.25,28,4417
24772,SpiceJet,SG-8721,Delhi,Early_Morning,one,Night,Kolkata,Economy,14.08,28,4417
24783,SpiceJet,SG-8152,Delhi,Morning,one,Night,Kolkata,Economy,11.25,28,4898
24784,SpiceJet,SG-8152,Delhi,Morning,one,Morning,Kolkata,Economy,23.67,28,4898
24785,SpiceJet,SG-2976,Delhi,Evening,one,Night,Kolkata,Economy,26.08,28,4898
24899,SpiceJet,SG-8903,Delhi,Morning,one,Afternoon,Kolkata,Economy,4.92,28,9510
24904,SpiceJet,SG-8903,Delhi,Morning,one,Evening,Kolkata,Economy,8.0,28,9510
24905,SpiceJet,SG-8187,Delhi,Afternoon,one,Afternoon,Kolkata,Economy,25.17,28,9510
24953,SpiceJet,SG-8263,Delhi,Early_Morning,zero,Morning,Kolkata,Economy,2.08,29,4000
24954,SpiceJet,SG-8253,Delhi,Night,zero,Night,Kolkata,Economy,2.17,29,4000
24963,SpiceJet,SG-480,Delhi,Evening,one,Night,Kolkata,Economy,4.25,29,4417
24964,SpiceJet,SG-8721,Delhi,Early_Morning,one,Night,Kolkata,Economy,14.08,29,4417
24975,SpiceJet,SG-2976,Delhi,Evening,one,Night,Kolkata,Economy,26.08,29,4791
24977,SpiceJet,SG-8152,Delhi,Morning,one,Night,Kolkata,Economy,11.25,29,4898
24978,SpiceJet,SG-8152,Delhi,Morning,one,Morning,Kolkata,Economy,23.67,29,4898
25081,SpiceJet,SG-8187,Delhi,Afternoon,one,Afternoon,Kolkata,Economy,25.25,29,8050
25088,SpiceJet,SG-8903,Delhi,Morning,one,Afternoon,Kolkata,Economy,4.92,29,9510
25094,SpiceJet,SG-8903,Delhi,Morning,one,Evening,Kolkata,Economy,8.0,29,10088
25118,SpiceJet,SG-8263,Delhi,Early_Morning,zero,Morning,Kolkata,Economy,2.08,30,4000
25119,SpiceJet,SG-8253,Delhi,Night,zero,Night,Kolkata,Economy,2.17,30,4000
25157,SpiceJet,SG-480,Delhi,Evening,one,Night,Kolkata,Economy,4.25,30,4301
25158,SpiceJet,SG-8721,Delhi,Early_Morning,one,Night,Kolkata,Economy,14.08,30,4301
25181,SpiceJet,SG-2976,Delhi,Evening,one,Night,Kolkata,Economy,26.08,30,5267
25209,SpiceJet,SG-8152,Delhi,Morning,one,Night,Kolkata,Economy,11.25,30,6129
25210,SpiceJet,SG-8152,Delhi,Morning,one,Morning,Kolkata,Economy,23.67,30,6129
25258,SpiceJet,SG-8903,Delhi,Morning,one,Afternoon,Kolkata,Economy,4.92,30,8050
25265,SpiceJet,SG-8187,Delhi,Afternoon,one,Afternoon,Kolkata,Economy,25.17,30,8576
25266,SpiceJet,SG-8903,Delhi,Morning,one,Evening,Kolkata,Economy,8.0,30,8786
25304,SpiceJet,SG-8263,Delhi,Early_Morning,zero,Morning,Kolkata,Economy,2.08,31,4000
25305,SpiceJet,SG-8253,Delhi,Night,zero,Night,Kolkata,Economy,2.17,31,4000
25339,SpiceJet,SG-480,Delhi,Evening,one,Night,Kolkata,Economy,4.25,31,4080
25340,SpiceJet,SG-8721,Delhi,Early_Morning,one,Night,Kolkata,Economy,14.08,31,4080
25353,SpiceJet,SG-2976,Delhi,Evening,one,Night,Kolkata,Economy,26.08,31,5057
25387,SpiceJet,SG-8152,Delhi,Morning,one,Morning,Kolkata,Economy,23.67,31,6129
25419,SpiceJet,SG-8152,Delhi,Morning,one,Night,Kolkata,Economy,11.25,31,6653
25450,SpiceJet,SG-8903,Delhi,Morning,one,Afternoon,Kolkata,Economy,4.92,31,8156
25453,SpiceJet,SG-8187,Delhi,Afternoon,one,Afternoon,Kolkata,Economy,25.17,31,8366
25456,SpiceJet,SG-8903,Delhi,Morning,one,Evening,Kolkata,Economy,8.0,31,9100
25495,SpiceJet,SG-8263,Delhi,Early_Morning,zero,Morning,Kolkata,Economy,2.08,32,4000
25496,SpiceJet,SG-8253,Delhi,Night,zero,Night,Kolkata,Economy,2.17,32,4000
25501,SpiceJet,SG-480,Delhi,Evening,one,Night,Kolkata,Economy,4.25,32,4080
25536,SpiceJet,SG-8721,Delhi,Early_Morning,one,Night,Kolkata,Economy,14.08,32,4080
25580,SpiceJet,SG-8152,Delhi,Morning,one,Night,Kolkata,Economy,11.25,32,6129
25581,SpiceJet,SG-8152,Delhi,Morning,one,Morning,Kolkata,Economy,23.67,32,6129
25644,SpiceJet,SG-8903,Delhi,Morning,one,Afternoon,Kolkata,Economy,4.92,32,8050
25645,SpiceJet,SG-8187,Delhi,Afternoon,one,Afternoon,Kolkata,Economy,25.25,32,8050
25647,SpiceJet,SG-8903,Delhi,Morning,one,Evening,Kolkata,Economy,8.0,32,8576
25648,SpiceJet,SG-2976,Delhi,Evening,one,Night,Kolkata,Economy,26.08,32,8627
25682,SpiceJet,SG-8263,Delhi,Early_Morning,zero,Morning,Kolkata,Economy,2.08,33,4000
25715,SpiceJet,SG-8253,Delhi,Night,zero,Night,Kolkata,Economy,2.17,33,4000
25721,SpiceJet,SG-480,Delhi,Evening,one,Night,Kolkata,Economy,4.25,33,4511
25722,SpiceJet,SG-8721,Delhi,Early_Morning,one,Night,Kolkata,Economy,14.08,33,4511
25763,SpiceJet,SG-8152,Delhi,Morning,one,Night,Kolkata,Economy,11.25,33,6129
25764,SpiceJet,SG-8152,Delhi,Morning,one,Morning,Kolkata,Economy,23.67,33,6129
25826,SpiceJet,SG-8187,Delhi,Afternoon,one,Afternoon,Kolkata,Economy,25.17,33,8050
25830,SpiceJet,SG-8903,Delhi,Morning,one,Afternoon,Kolkata,Economy,4.92,33,8366
25832,SpiceJet,SG-8903,Delhi,Morning,one,Evening,Kolkata,Economy,8.0,33,8470
25838,SpiceJet,SG-2976,Delhi,Evening,one,Night,Kolkata,Economy,26.08,33,10203
25864,SpiceJet,SG-8263,Delhi,Early_Morning,zero,Morning,Kolkata,Economy,2.08,34,4000
25893,SpiceJet,SG-8253,Delhi,Night,zero,Night,Kolkata,Economy,2.17,34,4314
25918,SpiceJet,SG-2976,Delhi,Evening,one,Night,Kolkata,Economy,26.08,34,5057
25919,SpiceJet,SG-8721,Delhi,Early_Morning,one,Night,Kolkata,Economy,14.08,34,5141
25929,SpiceJet,SG-480,Delhi,Evening,one,Night,Kolkata,Economy,4.25,34,5561
25933,SpiceJet,SG-8152,Delhi,Morning,one,Night,Kolkata,Economy,11.25,34,6129
25934,SpiceJet,SG-8152,Delhi,Morning,one,Morning,Kolkata,Economy,23.67,34,6129
26012,SpiceJet,SG-8187,Delhi,Afternoon,one,Afternoon,Kolkata,Economy,25.25,34,8050
26014,SpiceJet,SG-8903,Delhi,Morning,one,Afternoon,Kolkata,Economy,4.92,34,8366
26020,SpiceJet,SG-8903,Delhi,Morning,one,Evening,Kolkata,Economy,8.0,34,9836
26063,SpiceJet,SG-8263,Delhi,Early_Morning,zero,Morning,Kolkata,Economy,2.08,35,4000
26079,SpiceJet,SG-8253,Delhi,Night,zero,Night,Kolkata,Economy,2.17,35,4630
26086,SpiceJet,SG-2976,Delhi,Evening,one,Night,Kolkata,Economy,26.08,35,5057
26098,SpiceJet,SG-480,Delhi,Evening,one,Night,Kolkata,Economy,4.25,35,5561
26117,SpiceJet,SG-8721,Delhi,Early_Morning,one,Night,Kolkata,Economy,14.08,35,5981
26150,SpiceJet,SG-8152,Delhi,Morning,one,Night,Kolkata,Economy,11.25,35,6354
26151,SpiceJet,SG-8152,Delhi,Morning,one,Morning,Kolkata,Economy,23.67,35,6354
26200,SpiceJet,SG-8187,Delhi,Afternoon,one,Afternoon,Kolkata,Economy,25.17,35,8050
26203,SpiceJet,SG-8903,Delhi,Morning,one,Afternoon,Kolkata,Economy,4.92,35,8366
26206,SpiceJet,SG-8903,Delhi,Morning,one,Evening,Kolkata,Economy,8.0,35,8470
26238,SpiceJet,SG-8263,Delhi,Early_Morning,zero,Morning,Kolkata,Economy,2.08,36,4000
26245,SpiceJet,SG-480,Delhi,Evening,one,Night,Kolkata,Economy,4.25,36,4080
26264,SpiceJet,SG-8721,Delhi,Early_Morning,one,Night,Kolkata,Economy,14.08,36,4301
26274,SpiceJet,SG-8253,Delhi,Night,zero,Night,Kolkata,Economy,2.17,36,4630
26280,SpiceJet,SG-2976,Delhi,Evening,one,Night,Kolkata,Economy,26.08,36,5057
26315,SpiceJet,SG-8152,Delhi,Morning,one,Night,Kolkata,Economy,11.25,36,6129
26316,SpiceJet,SG-8152,Delhi,Morning,one,Morning,Kolkata,Economy,23.67,36,6129
26389,SpiceJet,SG-8187,Delhi,Afternoon,one,Afternoon,Kolkata,Economy,25.25,36,8050
26392,SpiceJet,SG-8903,Delhi,Morning,one,Afternoon,Kolkata,Economy,4.92,36,9100
26393,SpiceJet,SG-8903,Delhi,Morning,one,Evening,Kolkata,Economy,8.0,36,9206
26419,SpiceJet,SG-8263,Delhi,Early_Morning,zero,Morning,Kolkata,Economy,2.08,37,4000
26420,SpiceJet,SG-8253,Delhi,Night,zero,Night,Kolkata,Economy,2.17,37,4000
26426,SpiceJet,SG-480,Delhi,Evening,one,Night,Kolkata,Economy,4.25,37,4080
26427,SpiceJet,SG-8721,Delhi,Early_Morning,one,Night,Kolkata,Economy,14.08,37,4080
26477,SpiceJet,SG-2976,Delhi,Evening,one,Night,Kolkata,Economy,26.08,37,5057
26506,SpiceJet,SG-8152,Delhi,Morning,one,Night,Kolkata,Economy,11.25,37,6129
26507,SpiceJet,SG-8152,Delhi,Morning,one,Morning,Kolkata,Economy,23.67,37,6129
26568,SpiceJet,SG-8903,Delhi,Morning,one,Afternoon,Kolkata,Economy,4.92,37,8050
26569,SpiceJet,SG-8903,Delhi,Morning,one,Evening,Kolkata,Economy,8.0,37,8576
26582,SpiceJet,SG-8187,Delhi,Afternoon,one,Afternoon,Kolkata,Economy,25.17,37,11620
26592,SpiceJet,SG-8263,Delhi,Early_Morning,zero,Morning,Kolkata,Economy,2.08,38,4000
26593,SpiceJet,SG-8253,Delhi,Night,zero,Night,Kolkata,Economy,2.17,38,4000
26596,SpiceJet,SG-480,Delhi,Evening,one,Night,Kolkata,Economy,4.25,38,4080
26597,SpiceJet,SG-8721,Delhi,Early_Morning,one,Night,Kolkata,Economy,14.08,38,4080
26643,SpiceJet,SG-2976,Delhi,Evening,one,Night,Kolkata,Economy,26.08,38,5057
26678,SpiceJet,SG-8152,Delhi,Morning,one,Night,Kolkata,Economy,11.25,38,6129
26736,SpiceJet,SG-8152,Delhi,Morning,one,Morning,Kolkata,Economy,23.67,38,7179
26761,SpiceJet,SG-8903,Delhi,Morning,one,Afternoon,Kolkata,Economy,4.92,38,11620
26763,SpiceJet,SG-8903,Delhi,Morning,one,Evening,Kolkata,Economy,8.0,38,14980
26767,SpiceJet,SG-8187,Delhi,Afternoon,one,Afternoon,Kolkata,Economy,25.17,38,18026
26795,SpiceJet,SG-8263,Delhi,Early_Morning,zero,Morning,Kolkata,Economy,2.08,39,4000
26796,SpiceJet,SG-8253,Delhi,Night,zero,Night,Kolkata,Economy,2.17,39,4000
26802,SpiceJet,SG-480,Delhi,Evening,one,Night,Kolkata,Economy,4.25,39,4080
26803,SpiceJet,SG-8721,Delhi,Early_Morning,one,Night,Kolkata,Economy,14.08,39,4080
26851,SpiceJet,SG-2976,Delhi,Evening,one,Night,Kolkata,Economy,26.08,39,5057
26881,SpiceJet,SG-8152,Delhi,Morning,one,Night,Kolkata,Economy,11.25,39,6129
26882,SpiceJet,SG-8152,Delhi,Morning,one,Morning,Kolkata,Economy,23.67,39,6129
26958,SpiceJet,SG-8903,Delhi,Morning,one,Afternoon,Kolkata,Economy,4.92,39,18026
26959,SpiceJet,SG-8187,Delhi,Afternoon,one,Afternoon,Kolkata,Economy,25.25,39,18026
26960,SpiceJet,SG-8903,Delhi,Morning,one,Evening,Kolkata,Economy,8.0,39,19180
26992,SpiceJet,SG-8263,Delhi,Early_Morning,zero,Morning,Kolkata,Economy,2.08,40,4000
26993,SpiceJet,SG-8253,Delhi,Night,zero,Night,Kolkata,Economy,2.17,40,4000
26999,SpiceJet,SG-480,Delhi,Evening,one,Night,Kolkata,Economy,4.25,40,4080
27000,SpiceJet,SG-8721,Delhi,Early_Morning,one,Night,Kolkata,Economy,14.08,40,4080
27041,SpiceJet,SG-2976,Delhi,Evening,one,Night,Kolkata,Economy,26.08,40,4833
27070,SpiceJet,SG-8152,Delhi,Morning,one,Night,Kolkata,Economy,11.25,40,6129
27071,SpiceJet,SG-8152,Delhi,Morning,one,Morning,Kolkata,Economy,23.67,40,6129
27143,SpiceJet,SG-8903,Delhi,Morning,one,Afternoon,Kolkata,Economy,4.92,40,18026
27144,SpiceJet,SG-8903,Delhi,Morning,one,Evening,Kolkata,Economy,8.0,40,18026
27145,SpiceJet,SG-8187,Delhi,Afternoon,one,Afternoon,Kolkata,Economy,25.17,40,18026
27180,SpiceJet,SG-8263,Delhi,Early_Morning,zero,Morning,Kolkata,Economy,2.08,41,4000
27181,SpiceJet,SG-8253,Delhi,Night,zero,Night,Kolkata,Economy,2.17,41,4000
27188,SpiceJet,SG-480,Delhi,Evening,one,Night,Kolkata,Economy,4.25,41,4080
27189,SpiceJet,SG-8721,Delhi,Early_Morning,one,Night,Kolkata,Economy,14.08,41,4080
27231,SpiceJet,SG-2976,Delhi,Evening,one,Night,Kolkata,Economy,26.08,41,4833
27258,SpiceJet,SG-8152,Delhi,Morning,one,Night,Kolkata,Economy,11.25,41,6129
27285,SpiceJet,SG-8152,Delhi,Morning,one,Morning,Kolkata,Economy,23.67,41,6233
27331,SpiceJet,SG-8903,Delhi,Morning,one,Afternoon,Kolkata,Economy,4.92,41,18026
27332,SpiceJet,SG-8903,Delhi,Morning,one,Evening,Kolkata,Economy,8.0,41,18026
27333,SpiceJet,SG-8187,Delhi,Afternoon,one,Afternoon,Kolkata,Economy,25.25,41,18026
27366,SpiceJet,SG-8263,Delhi,Early_Morning,zero,Morning,Kolkata,Economy,2.08,42,4000
27367,SpiceJet,SG-8253,Delhi,Night,zero,Night,Kolkata,Economy,2.17,42,4000
27373,SpiceJet,SG-480,Delhi,Evening,one,Night,Kolkata,Economy,4.25,42,4080
27374,SpiceJet,SG-8721,Delhi,Early_Morning,one,Night,Kolkata,Economy,14.08,42,4080
27413,SpiceJet,SG-2976,Delhi,Evening,one,Night,Kolkata,Economy,26.08,42,5057
27447,SpiceJet,SG-8152,Delhi,Morning,one,Night,Kolkata,Economy,11.25,42,6129
27448,SpiceJet,SG-8152,Delhi,Morning,one,Morning,Kolkata,Economy,23.67,42,6129
27523,SpiceJet,SG-8903,Delhi,Morning,one,Afternoon,Kolkata,Economy,4.92,42,18026
27524,SpiceJet,SG-8903,Delhi,Morning,one,Evening,Kolkata,Economy,8.0,42,18026
27525,SpiceJet,SG-8187,Delhi,Afternoon,one,Afternoon,Kolkata,Economy,25.17,42,18026
27551,SpiceJet,SG-8263,Delhi,Early_Morning,zero,Morning,Kolkata,Economy,2.08,43,4000
27552,SpiceJet,SG-8253,Delhi,Night,zero,Night,Kolkata,Economy,2.17,43,4000
27558,SpiceJet,SG-480,Delhi,Evening,one,Night,Kolkata,Economy,4.25,43,4080
27559,SpiceJet,SG-8721,Delhi,Early_Morning,one,Night,Kolkata,Economy,14.08,43,4080
27608,SpiceJet,SG-2976,Delhi,Evening,one,Night,Kolkata,Economy,26.08,43,5057
27633,SpiceJet,SG-8152,Delhi,Morning,one,Night,Kolkata,Economy,11.25,43,6129
27634,SpiceJet,SG-8152,Delhi,Morning,one,Morning,Kolkata,Economy,23.67,43,6129
27709,SpiceJet,SG-8903,Delhi,Morning,one,Afternoon,Kolkata,Economy,4.92,43,18026
27710,SpiceJet,SG-8903,Delhi,Morning,one,Evening,Kolkata,Economy,8.0,43,18026
27711,SpiceJet,SG-8187,Delhi,Afternoon,one,Afternoon,Kolkata,Economy,25.25,43,18026
27738,SpiceJet,SG-8263,Delhi,Early_Morning,zero,Morning,Kolkata,Economy,2.08,44,4000
27739,SpiceJet,SG-8253,Delhi,Night,zero,Night,Kolkata,Economy,2.17,44,4000
27745,SpiceJet,SG-480,Delhi,Evening,one,Night,Kolkata,Economy,4.25,44,4080
27746,SpiceJet,SG-8721,Delhi,Early_Morning,one,Night,Kolkata,Economy,14.08,44,4080
27826,SpiceJet,SG-8152,Delhi,Morning,one,Night,Kolkata,Economy,11.25,44,6129
27883,SpiceJet,SG-8903,Delhi,Morning,one,Morning,Kolkata,Economy,25.25,44,8050
27885,SpiceJet,SG-8903,Delhi,Morning,one,Evening,Kolkata,Economy,8.0,44,8366
27887,SpiceJet,SG-8187,Delhi,Afternoon,one,Morning,Kolkata,Economy,21.5,44,8050
27888,SpiceJet,SG-8187,Delhi,Afternoon,one,Afternoon,Kolkata,Economy,25.17,44,8050
27889,SpiceJet,SG-8941,Delhi,Afternoon,one,Evening,Kolkata,Economy,25.92,44,8397
27898,SpiceJet,SG-8903,Delhi,Morning,one,Afternoon,Kolkata,Economy,4.92,44,18026
27952,SpiceJet,SG-263,Delhi,Early_Morning,zero,Morning,Kolkata,Economy,2.33,45,4000
27953,SpiceJet,SG-292,Delhi,Morning,zero,Morning,Kolkata,Economy,2.42,45,4000
27971,SpiceJet,SG-8253,Delhi,Evening,zero,Night,Kolkata,Economy,2.17,45,4630
28008,SpiceJet,SG-8152,Delhi,Morning,one,Night,Kolkata,Economy,11.75,45,6129
28058,SpiceJet,SG-8195,Delhi,Afternoon,one,Morning,Kolkata,Economy,21.5,45,8050
28059,SpiceJet,SG-8195,Delhi,Afternoon,one,Afternoon,Kolkata,Economy,25.17,45,8050
28061,SpiceJet,SG-8903,Delhi,Morning,one,Afternoon,Kolkata,Economy,4.92,45,9100
28062,SpiceJet,SG-8903,Delhi,Morning,one,Morning,Kolkata,Economy,25.25,45,9100
28136,SpiceJet,SG-8253,Delhi,Evening,zero,Night,Kolkata,Economy,2.17,46,4000
28137,SpiceJet,SG-263,Delhi,Early_Morning,zero,Morning,Kolkata,Economy,2.33,46,4000
28138,SpiceJet,SG-292,Delhi,Morning,zero,Morning,Kolkata,Economy,2.42,46,4000
28184,SpiceJet,SG-8152,Delhi,Morning,one,Night,Kolkata,Economy,11.75,46,6129
28239,SpiceJet,SG-8195,Delhi,Afternoon,one,Morning,Kolkata,Economy,21.5,46,8050
28240,SpiceJet,SG-8195,Delhi,Afternoon,one,Afternoon,Kolkata,Economy,25.17,46,8050
28243,SpiceJet,SG-8903,Delhi,Morning,one,Afternoon,Kolkata,Economy,4.92,46,9100
28244,SpiceJet,SG-8903,Delhi,Morning,one,Morning,Kolkata,Economy,25.25,46,9100
28314,SpiceJet,SG-8253,Delhi,Evening,zero,Night,Kolkata,Economy,2.17,47,4000
28315,SpiceJet,SG-263,Delhi,Early_Morning,zero,Morning,Kolkata,Economy,2.33,47,4000
28316,SpiceJet,SG-292,Delhi,Morning,zero,Morning,Kolkata,Economy,2.42,47,4000
28359,SpiceJet,SG-8152,Delhi,Morning,one,Night,Kolkata,Economy,11.75,47,6233
28395,SpiceJet,SG-8195,Delhi,Afternoon,one,Morning,Kolkata,Economy,21.5,47,7126
28396,SpiceJet,SG-8195,Delhi,Afternoon,one,Afternoon,Kolkata,Economy,25.17,47,7126
28414,SpiceJet,SG-8903,Delhi,Morning,one,Afternoon,Kolkata,Economy,4.92,47,8176
28415,SpiceJet,SG-8903,Delhi,Morning,one,Morning,Kolkata,Economy,25.25,47,8176
28490,SpiceJet,SG-8253,Delhi,Evening,zero,Night,Kolkata,Economy,2.17,48,4000
28491,SpiceJet,SG-263,Delhi,Early_Morning,zero,Morning,Kolkata,Economy,2.33,48,4000
28492,SpiceJet,SG-292,Delhi,Morning,zero,Morning,Kolkata,Economy,2.42,48,4000
28534,SpiceJet,SG-8152,Delhi,Morning,one,Night,Kolkata,Economy,11.75,48,6129
28586,SpiceJet,SG-8195,Delhi,Afternoon,one,Morning,Kolkata,Economy,21.5,48,8050
28587,SpiceJet,SG-8195,Delhi,Afternoon,one,Afternoon,Kolkata,Economy,25.17,48,8050
28590,SpiceJet,SG-8903,Delhi,Morning,one,Afternoon,Kolkata,Economy,4.92,48,9100
28591,SpiceJet,SG-8903,Delhi,Morning,one,Morning,Kolkata,Economy,25.25,48,9100
28665,SpiceJet,SG-263,Delhi,Early_Morning,zero,Morning,Kolkata,Economy,2.33,49,4000
28666,SpiceJet,SG-292,Delhi,Morning,zero,Morning,Kolkata,Economy,2.42,49,4000
28668,SpiceJet,SG-8253,Delhi,Evening,zero,Night,Kolkata,Economy,2.17,49,4314
28712,SpiceJet,SG-8152,Delhi,Morning,one,Night,Kolkata,Economy,11.75,49,6129
28767,SpiceJet,SG-8195,Delhi,Afternoon,one,Afternoon,Kolkata,Economy,25.17,49,8050
28768,SpiceJet,SG-8195,Delhi,Afternoon,one,Morning,Kolkata,Economy,21.5,49,8366
28772,SpiceJet,SG-8903,Delhi,Morning,one,Afternoon,Kolkata,Economy,4.92,49,9100
28775,SpiceJet,SG-8903,Delhi,Morning,one,Morning,Kolkata,Economy,25.25,49,9416
28787,SpiceJet,SG-8946,Delhi,Morning,one,Evening,Hyderabad,Economy,6.08,1,5955
28805,SpiceJet,SG-8941,Delhi,Afternoon,one,Night,Hyderabad,Economy,5.92,1,11127
28864,SpiceJet,SG-8941,Delhi,Afternoon,one,Night,Hyderabad,Economy,5.83,2,6270
28908,SpiceJet,SG-8946,Delhi,Morning,one,Evening,Hyderabad,Economy,6.08,2,12728
28934,SpiceJet,SG-958,Delhi,Evening,zero,Night,Hyderabad,Economy,2.17,3,6060
28990,SpiceJet,SG-8946,Delhi,Morning,one,Evening,Hyderabad,Economy,6.08,3,16612
29002,SpiceJet,SG-6027,Delhi,Evening,zero,Night,Hyderabad,Economy,2.17,4,5955
29003,SpiceJet,SG-958,Delhi,Evening,zero,Night,Hyderabad,Economy,2.17,4,5955
29037,SpiceJet,SG-8946,Delhi,Morning,one,Evening,Hyderabad,Economy,6.08,4,9314
29105,SpiceJet,SG-8941,Delhi,Afternoon,one,Night,Hyderabad,Economy,5.92,4,19527
29110,SpiceJet,SG-6027,Delhi,Evening,zero,Night,Hyderabad,Economy,2.17,5,5955
29111,SpiceJet,SG-958,Delhi,Evening,zero,Night,Hyderabad,Economy,2.17,5,5955
29137,SpiceJet,SG-8941,Delhi,Afternoon,one,Night,Hyderabad,Economy,5.92,5,6270
29215,SpiceJet,SG-6027,Delhi,Evening,zero,Night,Hyderabad,Economy,2.17,6,5955
29216,SpiceJet,SG-958,Delhi,Evening,zero,Night,Hyderabad,Economy,2.17,6,5955
29245,SpiceJet,SG-8946,Delhi,Morning,one,Evening,Hyderabad,Economy,6.08,6,5955
29246,SpiceJet,SG-8941,Delhi,Afternoon,one,Night,Hyderabad,Economy,5.92,6,6270
29337,SpiceJet,SG-6027,Delhi,Evening,zero,Night,Hyderabad,Economy,2.17,7,5955
29338,SpiceJet,SG-958,Delhi,Evening,zero,Night,Hyderabad,Economy,2.17,7,5955
29362,SpiceJet,SG-8946,Delhi,Morning,one,Evening,Hyderabad,Economy,6.08,7,5955
29365,SpiceJet,SG-8941,Delhi,Afternoon,one,Night,Hyderabad,Economy,5.92,7,6270
29455,SpiceJet,SG-6027,Delhi,Evening,zero,Night,Hyderabad,Economy,2.17,8,5955
29456,SpiceJet,SG-958,Delhi,Evening,zero,Night,Hyderabad,Economy,2.17,8,5955
29481,SpiceJet,SG-8946,Delhi,Morning,one,Evening,Hyderabad,Economy,6.08,8,5955
29482,SpiceJet,SG-8941,Delhi,Afternoon,one,Night,Hyderabad,Economy,5.92,8,6060
29578,SpiceJet,SG-6027,Delhi,Evening,zero,Night,Hyderabad,Economy,2.17,9,5955
29579,SpiceJet,SG-958,Delhi,Evening,zero,Night,Hyderabad,Economy,2.17,9,5955
29598,SpiceJet,SG-8946,Delhi,Morning,one,Evening,Hyderabad,Economy,6.08,9,5955
29600,SpiceJet,SG-8941,Delhi,Afternoon,one,Night,Hyderabad,Economy,5.83,9,6060
29701,SpiceJet,SG-958,Delhi,Evening,zero,Night,Hyderabad,Economy,2.17,10,5955
29712,SpiceJet,SG-8946,Delhi,Morning,one,Evening,Hyderabad,Economy,6.08,10,5955
29713,SpiceJet,SG-8941,Delhi,Afternoon,one,Night,Hyderabad,Economy,5.92,10,6060
29818,SpiceJet,SG-6027,Delhi,Evening,zero,Night,Hyderabad,Economy,2.17,11,5955
29819,SpiceJet,SG-958,Delhi,Evening,zero,Night,Hyderabad,Economy,2.17,11,5955
29857,SpiceJet,SG-8946,Delhi,Morning,one,Evening,Hyderabad,Economy,6.08,11,5955
29859,SpiceJet,SG-8941,Delhi,Afternoon,one,Night,Hyderabad,Economy,5.92,11,6060
29951,SpiceJet,SG-6027,Delhi,Evening,zero,Night,Hyderabad,Economy,2.17,12,5955
29952,SpiceJet,SG-958,Delhi,Evening,zero,Night,Hyderabad,Economy,2.17,12,5955
29988,SpiceJet,SG-8946,Delhi,Morning,one,Evening,Hyderabad,Economy,6.08,12,5955
29990,SpiceJet,SG-8941,Delhi,Afternoon,one,Night,Hyderabad,Economy,5.92,12,6060
30075,SpiceJet,SG-6027,Delhi,Evening,zero,Night,Hyderabad,Economy,2.17,13,5955
30076,SpiceJet,SG-958,Delhi,Evening,zero,Night,Hyderabad,Economy,2.17,13,5955
30114,SpiceJet,SG-8946,Delhi,Morning,one,Evening,Hyderabad,Economy,6.08,13,5955
30116,SpiceJet,SG-8941,Delhi,Afternoon,one,Night,Hyderabad,Economy,5.92,13,6060
30205,SpiceJet,SG-6027,Delhi,Evening,zero,Night,Hyderabad,Economy,2.17,14,5955
30206,SpiceJet,SG-958,Delhi,Evening,zero,Night,Hyderabad,Economy,2.17,14,5955
30239,SpiceJet,SG-8946,Delhi,Morning,one,Evening,Hyderabad,Economy,6.08,14,5955
30241,SpiceJet,SG-8941,Delhi,Afternoon,one,Night,Hyderabad,Economy,5.92,14,6060
30348,SpiceJet,SG-6027,Delhi,Evening,zero,Night,Hyderabad,Economy,2.17,15,2727
30349,SpiceJet,SG-958,Delhi,Evening,zero,Night,Hyderabad,Economy,2.17,15,2727
30361,SpiceJet,SG-8941,Delhi,Afternoon,one,Night,Hyderabad,Economy,5.92,15,3625
30362,SpiceJet,SG-8946,Delhi,Morning,one,Evening,Hyderabad,Economy,6.08,15,3625
30481,SpiceJet,SG-6027,Delhi,Evening,zero,Night,Hyderabad,Economy,2.17,16,2727
30482,SpiceJet,SG-958,Delhi,Evening,zero,Night,Hyderabad,Economy,2.17,16,2727
30493,SpiceJet,SG-8941,Delhi,Afternoon,one,Night,Hyderabad,Economy,5.83,16,3625
30494,SpiceJet,SG-8946,Delhi,Morning,one,Evening,Hyderabad,Economy,6.08,16,3625
30611,SpiceJet,SG-958,Delhi,Evening,zero,Night,Hyderabad,Economy,2.17,17,2727
30626,SpiceJet,SG-8941,Delhi,Afternoon,one,Night,Hyderabad,Economy,5.92,17,3625
30627,SpiceJet,SG-8946,Delhi,Morning,one,Evening,Hyderabad,Economy,6.08,17,3625
30758,SpiceJet,SG-6027,Delhi,Evening,zero,Night,Hyderabad,Economy,2.17,18,2727
30759,SpiceJet,SG-958,Delhi,Evening,zero,Night,Hyderabad,Economy,2.17,18,2727
30769,SpiceJet,SG-8941,Delhi,Afternoon,one,Night,Hyderabad,Economy,5.92,18,3625
30770,SpiceJet,SG-8946,Delhi,Morning,one,Evening,Hyderabad,Economy,6.08,18,3625
30900,SpiceJet,SG-958,Delhi,Evening,zero,Night,Hyderabad,Economy,2.17,19,2727
30911,SpiceJet,SG-8941,Delhi,Afternoon,one,Night,Hyderabad,Economy,5.92,19,3625
30912,SpiceJet,SG-8946,Delhi,Morning,one,Evening,Hyderabad,Economy,6.08,19,3625
31040,SpiceJet,SG-958,Delhi,Evening,zero,Night,Hyderabad,Economy,2.17,20,2727
31051,SpiceJet,SG-8941,Delhi,Afternoon,one,Night,Hyderabad,Economy,5.92,20,3625
31052,SpiceJet,SG-8946,Delhi,Morning,one,Evening,Hyderabad,Economy,6.08,20,3625
31184,SpiceJet,SG-958,Delhi,Evening,zero,Night,Hyderabad,Economy,2.17,21,2727
31193,SpiceJet,SG-8941,Delhi,Afternoon,one,Night,Hyderabad,Economy,5.92,21,3625
31194,SpiceJet,SG-8946,Delhi,Morning,one,Evening,Hyderabad,Economy,6.08,21,3625
31322,SpiceJet,SG-958,Delhi,Evening,zero,Night,Hyderabad,Economy,2.17,22,2727
31329,SpiceJet,SG-8941,Delhi,Afternoon,one,Night,Hyderabad,Economy,5.92,22,3625
31330,SpiceJet,SG-8946,Delhi,Morning,one,Evening,Hyderabad,Economy,6.08,22,3625
31467,SpiceJet,SG-958,Delhi,Evening,zero,Night,Hyderabad,Economy,2.17,23,2727
31478,SpiceJet,SG-8941,Delhi,Afternoon,one,Night,Hyderabad,Economy,5.83,23,3625
31479,SpiceJet,SG-8946,Delhi,Morning,one,Evening,Hyderabad,Economy,6.08,23,3625
31612,SpiceJet,SG-958,Delhi,Evening,zero,Night,Hyderabad,Economy,2.17,24,2727
31625,SpiceJet,SG-8941,Delhi,Afternoon,one,Night,Hyderabad,Economy,5.92,24,3625
31626,SpiceJet,SG-8946,Delhi,Morning,one,Evening,Hyderabad,Economy,6.08,24,3625
31760,SpiceJet,SG-958,Delhi,Evening,zero,Night,Hyderabad,Economy,2.17,25,2727
31769,SpiceJet,SG-8941,Delhi,Afternoon,one,Night,Hyderabad,Economy,5.92,25,3625
31770,SpiceJet,SG-8946,Delhi,Morning,one,Evening,Hyderabad,Economy,6.08,25,3625
31917,SpiceJet,SG-958,Delhi,Evening,zero,Night,Hyderabad,Economy,2.17,26,2727
31927,SpiceJet,SG-8941,Delhi,Afternoon,one,Night,Hyderabad,Economy,5.92,26,3625
31928,SpiceJet,SG-8946,Delhi,Morning,one,Evening,Hyderabad,Economy,6.08,26,3625
32054,SpiceJet,SG-958,Delhi,Evening,zero,Night,Hyderabad,Economy,2.17,27,2727
32063,SpiceJet,SG-8941,Delhi,Afternoon,one,Night,Hyderabad,Economy,5.92,27,3625
32064,SpiceJet,SG-8946,Delhi,Morning,one,Evening,Hyderabad,Economy,6.08,27,3625
32198,SpiceJet,SG-958,Delhi,Evening,zero,Night,Hyderabad,Economy,2.17,28,2727
32206,SpiceJet,SG-8941,Delhi,Afternoon,one,Night,Hyderabad,Economy,5.92,28,3625
32207,SpiceJet,SG-8946,Delhi,Morning,one,Evening,Hyderabad,Economy,6.08,28,3625
32333,SpiceJet,SG-958,Delhi,Evening,zero,Night,Hyderabad,Economy,2.17,29,2727
32340,SpiceJet,SG-8941,Delhi,Afternoon,one,Night,Hyderabad,Economy,5.92,29,3625
32341,SpiceJet,SG-8946,Delhi,Morning,one,Evening,Hyderabad,Economy,6.08,29,3625
32477,SpiceJet,SG-958,Delhi,Evening,zero,Night,Hyderabad,Economy,2.17,30,2100
32602,SpiceJet,SG-8946,Delhi,Morning,one,Evening,Hyderabad,Economy,6.08,30,8100
32604,SpiceJet,SG-8941,Delhi,Afternoon,one,Night,Hyderabad,Economy,5.83,30,9971
32619,SpiceJet,SG-958,Delhi,Evening,zero,Night,Hyderabad,Economy,2.17,31,2100
32745,SpiceJet,SG-8946,Delhi,Morning,one,Evening,Hyderabad,Economy,6.08,31,8100
32746,SpiceJet,SG-8941,Delhi,Afternoon,one,Night,Hyderabad,Economy,5.92,31,9971
32769,SpiceJet,SG-958,Delhi,Evening,zero,Night,Hyderabad,Economy,2.17,32,2100
32895,SpiceJet,SG-8946,Delhi,Morning,one,Evening,Hyderabad,Economy,6.08,32,8100
32896,SpiceJet,SG-8941,Delhi,Afternoon,one,Night,Hyderabad,Economy,5.92,32,9971
32917,SpiceJet,SG-958,Delhi,Evening,zero,Night,Hyderabad,Economy,2.17,33,2100
33032,SpiceJet,SG-8946,Delhi,Morning,one,Evening,Hyderabad,Economy,6.08,33,8100
33033,SpiceJet,SG-8941,Delhi,Afternoon,one,Night,Hyderabad,Economy,5.92,33,9971
33049,SpiceJet,SG-958,Delhi,Evening,zero,Night,Hyderabad,Economy,2.17,34,2100
33169,SpiceJet,SG-8946,Delhi,Morning,one,Evening,Hyderabad,Economy,6.08,34,8100
33174,SpiceJet,SG-8941,Delhi,Afternoon,one,Night,Hyderabad,Economy,5.92,34,9971
33195,SpiceJet,SG-958,Delhi,Evening,zero,Night,Hyderabad,Economy,2.17,35,2100
33307,SpiceJet,SG-8946,Delhi,Morning,one,Evening,Hyderabad,Economy,6.08,35,8100
33311,SpiceJet,SG-8941,Delhi,Afternoon,one,Night,Hyderabad,Economy,5.92,35,9971
33334,SpiceJet,SG-958,Delhi,Evening,zero,Night,Hyderabad,Economy,2.17,36,2100
33457,SpiceJet,SG-8946,Delhi,Morning,one,Evening,Hyderabad,Economy,6.08,36,8100
33462,SpiceJet,SG-8941,Delhi,Afternoon,one,Night,Hyderabad,Economy,5.92,36,9971
33483,SpiceJet,SG-958,Delhi,Evening,zero,Night,Hyderabad,Economy,2.17,37,2100
33608,SpiceJet,SG-8946,Delhi,Morning,one,Evening,Hyderabad,Economy,6.08,37,8100
33611,SpiceJet,SG-8941,Delhi,Afternoon,one,Night,Hyderabad,Economy,5.83,37,9971
33619,SpiceJet,SG-958,Delhi,Evening,zero,Night,Hyderabad,Economy,2.17,38,2100
33751,SpiceJet,SG-8946,Delhi,Morning,one,Evening,Hyderabad,Economy,6.08,38,8100
33754,SpiceJet,SG-8941,Delhi,Afternoon,one,Night,Hyderabad,Economy,5.92,38,9971
33769,SpiceJet,SG-958,Delhi,Evening,zero,Night,Hyderabad,Economy,2.17,39,2100
33903,SpiceJet,SG-8946,Delhi,Morning,one,Evening,Hyderabad,Economy,6.08,39,8100
33904,SpiceJet,SG-8941,Delhi,Afternoon,one,Night,Hyderabad,Economy,5.92,39,9971
33927,SpiceJet,SG-958,Delhi,Evening,zero,Night,Hyderabad,Economy,2.17,40,2100
34039,SpiceJet,SG-8946,Delhi,Morning,one,Evening,Hyderabad,Economy,6.08,40,8100
34040,SpiceJet,SG-8941,Delhi,Afternoon,one,Night,Hyderabad,Economy,5.92,40,9971
34063,SpiceJet,SG-958,Delhi,Evening,zero,Night,Hyderabad,Economy,2.17,41,2100
34184,SpiceJet,SG-8946,Delhi,Morning,one,Evening,Hyderabad,Economy,6.08,41,8100
34185,SpiceJet,SG-8941,Delhi,Afternoon,one,Night,Hyderabad,Economy,5.92,41,9971
34208,SpiceJet,SG-958,Delhi,Evening,zero,Night,Hyderabad,Economy,2.17,42,2100
34321,SpiceJet,SG-8946,Delhi,Morning,one,Evening,Hyderabad,Economy,6.08,42,8100
34322,SpiceJet,SG-8941,Delhi,Afternoon,one,Night,Hyderabad,Economy,5.92,42,9971
34343,SpiceJet,SG-958,Delhi,Evening,zero,Night,Hyderabad,Economy,2.17,43,2100
34465,SpiceJet,SG-8946,Delhi,Morning,one,Evening,Hyderabad,Economy,6.08,43,8100
34466,SpiceJet,SG-8941,Delhi,Afternoon,one,Night,Hyderabad,Economy,5.92,43,9971
34487,SpiceJet,SG-958,Delhi,Evening,zero,Night,Hyderabad,Economy,2.17,44,2100
34623,SpiceJet,SG-8946,Delhi,Morning,one,Evening,Hyderabad,Economy,6.08,44,8100
34624,SpiceJet,SG-8946,Delhi,Morning,one,Afternoon,Hyderabad,Economy,26.33,44,8100
34626,SpiceJet,SG-8941,Delhi,Afternoon,one,Night,Hyderabad,Economy,5.83,44,9971
34771,SpiceJet,SG-946,Delhi,Morning,one,Afternoon,Hyderabad,Economy,26.25,45,8100
34773,SpiceJet,SG-8968,Delhi,Afternoon,one,Night,Hyderabad,Economy,5.83,45,9971
34926,SpiceJet,SG-946,Delhi,Morning,one,Afternoon,Hyderabad,Economy,26.25,46,8100
34927,SpiceJet,SG-8968,Delhi,Afternoon,one,Night,Hyderabad,Economy,5.83,46,9971
35064,SpiceJet,SG-946,Delhi,Morning,one,Afternoon,Hyderabad,Economy,26.25,47,8100
35067,SpiceJet,SG-8968,Delhi,Afternoon,one,Night,Hyderabad,Economy,5.83,47,9971
35216,SpiceJet,SG-946,Delhi,Morning,one,Afternoon,Hyderabad,Economy,26.25,48,8100
35217,SpiceJet,SG-8968,Delhi,Afternoon,one,Night,Hyderabad,Economy,5.83,48,9971
35359,SpiceJet,SG-946,Delhi,Morning,one,Afternoon,Hyderabad,Economy,26.25,49,8100
35360,SpiceJet,SG-8968,Delhi,Afternoon,one,Night,Hyderabad,Economy,5.83,49,9971
35361,SpiceJet,SG-8107,Delhi,Early_Morning,zero,Morning,Chennai,Economy,2.92,1,7425
35369,SpiceJet,SG-191,Delhi,Early_Morning,one,Early_Morning,Chennai,Economy,26.33,1,7425
35393,SpiceJet,SG-8157,Delhi,Early_Morning,one,Early_Morning,Chennai,Economy,25.67,1,15689
35408,SpiceJet,SG-8157,Delhi,Early_Morning,one,Night,Chennai,Economy,15.67,1,21149
35409,SpiceJet,SG-8169,Delhi,Evening,one,Night,Chennai,Economy,25.58,1,21464
35410,SpiceJet,SG-143,Delhi,Evening,one,Early_Morning,Chennai,Economy,12.25,1,21601
35415,SpiceJet,SG-8645,Delhi,Evening,one,Evening,Chennai,Economy,26.08,1,24961
35416,SpiceJet,SG-8169,Delhi,Evening,one,Early_Morning,Chennai,Economy,12.25,1,25454
35426,SpiceJet,SG-8721,Delhi,Early_Morning,one,Afternoon,Chennai,Economy,5.25,2,7425
35427,SpiceJet,SG-143,Delhi,Evening,one,Early_Morning,Chennai,Economy,12.25,2,7425
35428,SpiceJet,SG-8169,Delhi,Evening,one,Early_Morning,Chennai,Economy,12.25,2,7425
35429,SpiceJet,SG-8803,Delhi,Early_Morning,one,Early_Morning,Chennai,Economy,24.67,2,7425
35430,SpiceJet,SG-8169,Delhi,Evening,one,Night,Chennai,Economy,25.58,2,7425
35431,SpiceJet,SG-8157,Delhi,Early_Morning,one,Early_Morning,Chennai,Economy,25.67,2,7425
35436,SpiceJet,SG-8803,Delhi,Early_Morning,one,Night,Chennai,Economy,14.0,2,7740
35437,SpiceJet,SG-8157,Delhi,Early_Morning,one,Night,Chennai,Economy,15.0,2,7740
35468,SpiceJet,SG-8946,Delhi,Morning,one,Evening,Chennai,Economy,6.17,2,12570
35507,SpiceJet,SG-8171,Delhi,Morning,one,Evening,Chennai,Economy,6.42,2,22125
35513,SpiceJet,SG-8207,Delhi,Evening,zero,Night,Chennai,Economy,2.83,3,7425
35514,SpiceJet,SG-8107,Delhi,Early_Morning,zero,Morning,Chennai,Economy,2.92,3,7425
35524,SpiceJet,SG-8803,Delhi,Early_Morning,one,Night,Chennai,Economy,14.0,3,7425
35525,SpiceJet,SG-8157,Delhi,Early_Morning,one,Night,Chennai,Economy,15.0,3,7425
35526,SpiceJet,SG-8803,Delhi,Early_Morning,one,Early_Morning,Chennai,Economy,24.67,3,7425
35527,SpiceJet,SG-8157,Delhi,Early_Morning,one,Early_Morning,Chennai,Economy,25.67,3,7425
35529,SpiceJet,SG-8169,Delhi,Evening,one,Early_Morning,Chennai,Economy,12.25,3,7530
35530,SpiceJet,SG-8709,Delhi,Evening,one,Early_Morning,Chennai,Economy,13.08,3,7530
35531,SpiceJet,SG-8169,Delhi,Evening,one,Night,Chennai,Economy,25.58,3,7530
35532,SpiceJet,SG-8709,Delhi,Evening,one,Night,Chennai,Economy,26.42,3,7530
35555,SpiceJet,SG-8946,Delhi,Morning,one,Evening,Chennai,Economy,6.17,3,10418
35583,SpiceJet,SG-191,Delhi,Early_Morning,one,Early_Morning,Chennai,Economy,26.33,3,16562
35584,SpiceJet,SG-143,Delhi,Evening,one,Early_Morning,Chennai,Economy,12.25,3,17191
35604,SpiceJet,SG-1071,Delhi,Evening,zero,Night,Chennai,Economy,2.83,4,7425
35605,SpiceJet,SG-8207,Delhi,Evening,zero,Night,Chennai,Economy,2.83,4,7425
35606,SpiceJet,SG-1056,Delhi,Early_Morning,zero,Morning,Chennai,Economy,2.92,4,7425
35607,SpiceJet,SG-8107,Delhi,Early_Morning,zero,Morning,Chennai,Economy,2.92,4,7425
35622,SpiceJet,SG-534,Delhi,Night,one,Early_Morning,Chennai,Economy,9.42,4,7425
35623,SpiceJet,SG-143,Delhi,Evening,one,Early_Morning,Chennai,Economy,12.25,4,7425
35624,SpiceJet,SG-8169,Delhi,Evening,one,Early_Morning,Chennai,Economy,12.25,4,7425
35625,SpiceJet,SG-8709,Delhi,Evening,one,Early_Morning,Chennai,Economy,13.08,4,7425
35626,SpiceJet,SG-8803,Delhi,Early_Morning,one,Night,Chennai,Economy,14.0,4,7425
35627,SpiceJet,SG-8157,Delhi,Early_Morning,one,Night,Chennai,Economy,15.0,4,7425
35628,SpiceJet,SG-480,Delhi,Evening,one,Afternoon,Chennai,Economy,19.42,4,7425
35629,SpiceJet,SG-8803,Delhi,Early_Morning,one,Early_Morning,Chennai,Economy,24.67,4,7425
35630,SpiceJet,SG-8169,Delhi,Evening,one,Night,Chennai,Economy,25.58,4,7425
35631,SpiceJet,SG-8157,Delhi,Early_Morning,one,Early_Morning,Chennai,Economy,25.67,4,7425
35632,SpiceJet,SG-191,Delhi,Early_Morning,one,Early_Morning,Chennai,Economy,26.33,4,7425
35633,SpiceJet,SG-8709,Delhi,Evening,one,Night,Chennai,Economy,26.42,4,7425
35635,SpiceJet,SG-8946,Delhi,Morning,one,Evening,Chennai,Economy,6.17,4,7530
35685,SpiceJet,SG-8411,Delhi,Evening,one,Evening,Chennai,Economy,22.92,4,12571
35686,SpiceJet,SG-8645,Delhi,Evening,one,Evening,Chennai,Economy,26.08,4,12571
35708,SpiceJet,SG-1071,Delhi,Evening,zero,Night,Chennai,Economy,2.83,5,7425
35709,SpiceJet,SG-8207,Delhi,Evening,zero,Night,Chennai,Economy,2.83,5,7425
35725,SpiceJet,SG-8721,Delhi,Early_Morning,one,Afternoon,Chennai,Economy,5.25,5,7425
35726,SpiceJet,SG-143,Delhi,Evening,one,Early_Morning,Chennai,Economy,12.25,5,7425
35727,SpiceJet,SG-8169,Delhi,Evening,one,Early_Morning,Chennai,Economy,12.25,5,7425
35728,SpiceJet,SG-8709,Delhi,Evening,one,Early_Morning,Chennai,Economy,13.08,5,7425
35729,SpiceJet,SG-8803,Delhi,Early_Morning,one,Night,Chennai,Economy,14.0,5,7425
35730,SpiceJet,SG-8157,Delhi,Early_Morning,one,Night,Chennai,Economy,15.0,5,7425
35731,SpiceJet,SG-8803,Delhi,Early_Morning,one,Early_Morning,Chennai,Economy,24.67,5,7425
35732,SpiceJet,SG-8169,Delhi,Evening,one,Night,Chennai,Economy,25.58,5,7425
35733,SpiceJet,SG-8157,Delhi,Early_Morning,one,Early_Morning,Chennai,Economy,25.67,5,7425
35734,SpiceJet,SG-191,Delhi,Early_Morning,one,Early_Morning,Chennai,Economy,26.33,5,7425
35735,SpiceJet,SG-8709,Delhi,Evening,one,Night,Chennai,Economy,26.42,5,7425
35796,SpiceJet,SG-8171,Delhi,Morning,one,Evening,Chennai,Economy,6.42,5,13935
35819,SpiceJet,SG-1071,Delhi,Evening,zero,Night,Chennai,Economy,2.83,6,7425
35820,SpiceJet,SG-8207,Delhi,Evening,zero,Night,Chennai,Economy,2.83,6,7425
35821,SpiceJet,SG-1056,Delhi,Early_Morning,zero,Morning,Chennai,Economy,2.92,6,7425
35822,SpiceJet,SG-8107,Delhi,Early_Morning,zero,Morning,Chennai,Economy,2.92,6,7425
35839,SpiceJet,SG-8946,Delhi,Morning,one,Evening,Chennai,Economy,6.17,6,7425
35840,SpiceJet,SG-534,Delhi,Night,one,Early_Morning,Chennai,Economy,9.42,6,7425
35841,SpiceJet,SG-143,Delhi,Evening,one,Early_Morning,Chennai,Economy,12.25,6,7425
35842,SpiceJet,SG-8169,Delhi,Evening,one,Early_Morning,Chennai,Economy,12.25,6,7425
35843,SpiceJet,SG-8709,Delhi,Evening,one,Early_Morning,Chennai,Economy,13.08,6,7425
35844,SpiceJet,SG-8803,Delhi,Early_Morning,one,Night,Chennai,Economy,14.0,6,7425
35845,SpiceJet,SG-8157,Delhi,Early_Morning,one,Night,Chennai,Economy,15.0,6,7425
35846,SpiceJet,SG-958,Delhi,Evening,one,Afternoon,Chennai,Economy,19.83,6,7425
35847,SpiceJet,SG-8803,Delhi,Early_Morning,one,Early_Morning,Chennai,Economy,24.67,6,7425
35848,SpiceJet,SG-8169,Delhi,Evening,one,Night,Chennai,Economy,25.58,6,7425
35849,SpiceJet,SG-8157,Delhi,Early_Morning,one,Early_Morning,Chennai,Economy,25.67,6,7425
35850,SpiceJet,SG-191,Delhi,Early_Morning,one,Early_Morning,Chennai,Economy,26.33,6,7425
35851,SpiceJet,SG-8709,Delhi,Evening,one,Night,Chennai,Economy,26.42,6,7425
35853,SpiceJet,SG-8411,Delhi,Evening,one,Evening,Chennai,Economy,22.92,6,7530
35924,SpiceJet,SG-8645,Delhi,Evening,one,Evening,Chennai,Economy,26.08,6,12991
35941,SpiceJet,SG-1071,Delhi,Evening,zero,Night,Chennai,Economy,2.83,7,7425
35942,SpiceJet,SG-8207,Delhi,Evening,zero,Night,Chennai,Economy,2.83,7,7425
35943,SpiceJet,SG-1056,Delhi,Early_Morning,zero,Morning,Chennai,Economy,2.92,7,7425
35944,SpiceJet,SG-8107,Delhi,Early_Morning,zero,Morning,Chennai,Economy,2.92,7,7425
35959,SpiceJet,SG-8946,Delhi,Morning,one,Evening,Chennai,Economy,6.17,7,7425
35960,SpiceJet,SG-8169,Delhi,Evening,one,Early_Morning,Chennai,Economy,12.25,7,7425
35961,SpiceJet,SG-8709,Delhi,Evening,one,Early_Morning,Chennai,Economy,13.08,7,7425
35962,SpiceJet,SG-8803,Delhi,Early_Morning,one,Night,Chennai,Economy,14.0,7,7425
35963,SpiceJet,SG-8157,Delhi,Early_Morning,one,Night,Chennai,Economy,15.0,7,7425
35964,SpiceJet,SG-8803,Delhi,Early_Morning,one,Early_Morning,Chennai,Economy,24.67,7,7425
35965,SpiceJet,SG-8169,Delhi,Evening,one,Night,Chennai,Economy,25.58,7,7425
35966,SpiceJet,SG-8157,Delhi,Early_Morning,one,Early_Morning,Chennai,Economy,25.67,7,7425
35967,SpiceJet,SG-191,Delhi,Early_Morning,one,Early_Morning,Chennai,Economy,26.33,7,7425
35968,SpiceJet,SG-8709,Delhi,Evening,one,Night,Chennai,Economy,26.42,7,7425
35971,SpiceJet,SG-143,Delhi,Evening,one,Early_Morning,Chennai,Economy,12.25,7,7530
36046,SpiceJet,SG-8171,Delhi,Morning,one,Evening,Chennai,Economy,6.42,7,18871
36052,SpiceJet,SG-1071,Delhi,Evening,zero,Night,Chennai,Economy,2.83,8,7425
36053,SpiceJet,SG-8207,Delhi,Evening,zero,Night,Chennai,Economy,2.83,8,7425
36054,SpiceJet,SG-1056,Delhi,Early_Morning,zero,Morning,Chennai,Economy,2.92,8,7425
36055,SpiceJet,SG-8107,Delhi,Early_Morning,zero,Morning,Chennai,Economy,2.92,8,7425
36067,SpiceJet,SG-534,Delhi,Night,one,Early_Morning,Chennai,Economy,9.42,8,7425
36068,SpiceJet,SG-143,Delhi,Evening,one,Early_Morning,Chennai,Economy,12.25,8,7425
36069,SpiceJet,SG-8169,Delhi,Evening,one,Early_Morning,Chennai,Economy,12.25,8,7425
36070,SpiceJet,SG-8709,Delhi,Evening,one,Early_Morning,Chennai,Economy,13.08,8,7425
36071,SpiceJet,SG-8803,Delhi,Early_Morning,one,Night,Chennai,Economy,14.0,8,7425
36072,SpiceJet,SG-8157,Delhi,Early_Morning,one,Night,Chennai,Economy,15.0,8,7425
36073,SpiceJet,SG-480,Delhi,Evening,one,Afternoon,Chennai,Economy,19.42,8,7425
36074,SpiceJet,SG-8803,Delhi,Early_Morning,one,Early_Morning,Chennai,Economy,24.67,8,7425
36075,SpiceJet,SG-8169,Delhi,Evening,one,Night,Chennai,Economy,25.58,8,7425
36076,SpiceJet,SG-8157,Delhi,Early_Morning,one,Early_Morning,Chennai,Economy,25.67,8,7425
36077,SpiceJet,SG-191,Delhi,Early_Morning,one,Early_Morning,Chennai,Economy,26.33,8,7425
36078,SpiceJet,SG-8709,Delhi,Evening,one,Night,Chennai,Economy,26.42,8,7425
36082,SpiceJet,SG-8946,Delhi,Morning,one,Evening,Chennai,Economy,6.17,8,7530
36161,SpiceJet,SG-8411,Delhi,Evening,one,Evening,Chennai,Economy,22.92,8,14355
36175,SpiceJet,SG-8645,Delhi,Evening,one,Evening,Chennai,Economy,26.08,8,18871
36177,SpiceJet,SG-1071,Delhi,Evening,zero,Night,Chennai,Economy,2.83,9,7425
36178,SpiceJet,SG-1056,Delhi,Early_Morning,zero,Morning,Chennai,Economy,2.92,9,7425
36179,SpiceJet,SG-8107,Delhi,Early_Morning,zero,Morning,Chennai,Economy,2.92,9,7425
36182,SpiceJet,SG-8207,Delhi,Evening,zero,Night,Chennai,Economy,2.83,9,7425
36187,SpiceJet,SG-8721,Delhi,Early_Morning,one,Afternoon,Chennai,Economy,5.25,9,7425
36188,SpiceJet,SG-8946,Delhi,Morning,one,Evening,Chennai,Economy,6.17,9,7425
36189,SpiceJet,SG-143,Delhi,Evening,one,Early_Morning,Chennai,Economy,12.25,9,7425
36190,SpiceJet,SG-8169,Delhi,Evening,one,Early_Morning,Chennai,Economy,12.25,9,7425
36191,SpiceJet,SG-8803,Delhi,Early_Morning,one,Night,Chennai,Economy,14.0,9,7425
36192,SpiceJet,SG-8157,Delhi,Early_Morning,one,Night,Chennai,Economy,15.0,9,7425
36193,SpiceJet,SG-958,Delhi,Evening,one,Afternoon,Chennai,Economy,19.83,9,7425
36194,SpiceJet,SG-8803,Delhi,Early_Morning,one,Early_Morning,Chennai,Economy,24.67,9,7425
36195,SpiceJet,SG-8157,Delhi,Early_Morning,one,Early_Morning,Chennai,Economy,25.67,9,7425
36196,SpiceJet,SG-191,Delhi,Early_Morning,one,Early_Morning,Chennai,Economy,26.33,9,7425
36200,SpiceJet,SG-8709,Delhi,Evening,one,Early_Morning,Chennai,Economy,13.08,9,7530
36268,SpiceJet,SG-8169,Delhi,Evening,one,Night,Chennai,Economy,25.58,9,11909
36269,SpiceJet,SG-8709,Delhi,Evening,one,Night,Chennai,Economy,26.42,9,12014
36283,SpiceJet,SG-8411,Delhi,Evening,one,Evening,Chennai,Economy,22.92,9,15405
36302,SpiceJet,SG-8171,Delhi,Morning,one,Evening,Chennai,Economy,6.42,9,17085
36304,SpiceJet,SG-8645,Delhi,Evening,one,Evening,Chennai,Economy,26.08,9,18241
36305,SpiceJet,SG-8910,Delhi,Morning,one,Evening,Chennai,Economy,9.33,9,18871
36310,SpiceJet,SG-1056,Delhi,Early_Morning,zero,Morning,Chennai,Economy,2.92,10,7425
36311,SpiceJet,SG-8107,Delhi,Early_Morning,zero,Morning,Chennai,Economy,2.92,10,7425
36315,SpiceJet,SG-8803,Delhi,Early_Morning,one,Early_Morning,Chennai,Economy,24.67,10,7425
36316,SpiceJet,SG-8157,Delhi,Early_Morning,one,Early_Morning,Chennai,Economy,25.67,10,7425
36317,SpiceJet,SG-191,Delhi,Early_Morning,one,Early_Morning,Chennai,Economy,26.33,10,7425
36322,SpiceJet,SG-8207,Delhi,Evening,zero,Night,Chennai,Economy,2.83,10,7530
36324,SpiceJet,SG-8709,Delhi,Evening,one,Early_Morning,Chennai,Economy,13.08,10,7740
36325,SpiceJet,SG-8709,Delhi,Evening,one,Night,Chennai,Economy,26.42,10,7740
36356,SpiceJet,SG-8946,Delhi,Morning,one,Evening,Chennai,Economy,6.17,10,9892
36363,SpiceJet,SG-143,Delhi,Evening,one,Early_Morning,Chennai,Economy,12.25,10,10995
36380,SpiceJet,SG-8169,Delhi,Evening,one,Early_Morning,Chennai,Economy,12.25,10,11908
36381,SpiceJet,SG-8169,Delhi,Evening,one,Night,Chennai,Economy,25.58,10,11908
36382,SpiceJet,SG-8803,Delhi,Early_Morning,one,Night,Chennai,Economy,14.0,10,11909
36383,SpiceJet,SG-8157,Delhi,Early_Morning,one,Night,Chennai,Economy,15.0,10,11909
36406,SpiceJet,SG-8171,Delhi,Morning,one,Evening,Chennai,Economy,6.42,10,16141
36419,SpiceJet,SG-1071,Delhi,Evening,zero,Night,Chennai,Economy,2.83,11,7425
36420,SpiceJet,SG-8207,Delhi,Evening,zero,Night,Chennai,Economy,2.83,11,7425
36421,SpiceJet,SG-1056,Delhi,Early_Morning,zero,Morning,Chennai,Economy,2.92,11,7425
36422,SpiceJet,SG-8107,Delhi,Early_Morning,zero,Morning,Chennai,Economy,2.92,11,7425
36431,SpiceJet,SG-8946,Delhi,Morning,one,Evening,Chennai,Economy,6.17,11,7425
36432,SpiceJet,SG-534,Delhi,Night,one,Early_Morning,Chennai,Economy,9.42,11,7425
36433,SpiceJet,SG-143,Delhi,Evening,one,Early_Morning,Chennai,Economy,12.25,11,7425
36434,SpiceJet,SG-8169,Delhi,Evening,one,Early_Morning,Chennai,Economy,12.25,11,7425
36435,SpiceJet,SG-8709,Delhi,Evening,one,Early_Morning,Chennai,Economy,13.08,11,7425
36436,SpiceJet,SG-8803,Delhi,Early_Morning,one,Night,Chennai,Economy,14.0,11,7425
36437,SpiceJet,SG-8157,Delhi,Early_Morning,one,Night,Chennai,Economy,15.0,11,7425
36438,SpiceJet,SG-480,Delhi,Evening,one,Afternoon,Chennai,Economy,19.42,11,7425
36439,SpiceJet,SG-8411,Delhi,Evening,one,Evening,Chennai,Economy,22.92,11,7425
36440,SpiceJet,SG-8803,Delhi,Early_Morning,one,Early_Morning,Chennai,Economy,24.67,11,7425
36441,SpiceJet,SG-8169,Delhi,Evening,one,Night,Chennai,Economy,25.58,11,7425
36442,SpiceJet,SG-8157,Delhi,Early_Morning,one,Early_Morning,Chennai,Economy,25.67,11,7425
36443,SpiceJet,SG-191,Delhi,Early_Morning,one,Early_Morning,Chennai,Economy,26.33,11,7425
36444,SpiceJet,SG-8709,Delhi,Evening,one,Night,Chennai,Economy,26.42,11,7425
36575,SpiceJet,SG-8645,Delhi,Evening,one,Evening,Chennai,Economy,26.08,11,12675
36597,SpiceJet,SG-1071,Delhi,Evening,zero,Night,Chennai,Economy,2.83,12,7425
36598,SpiceJet,SG-8207,Delhi,Evening,zero,Night,Chennai,Economy,2.83,12,7425
36599,SpiceJet,SG-1056,Delhi,Early_Morning,zero,Morning,Chennai,Economy,2.92,12,7425
36600,SpiceJet,SG-8107,Delhi,Early_Morning,zero,Morning,Chennai,Economy,2.92,12,7425
36614,SpiceJet,SG-8721,Delhi,Early_Morning,one,Afternoon,Chennai,Economy,5.25,12,7425
36615,SpiceJet,SG-8946,Delhi,Morning,one,Evening,Chennai,Economy,6.17,12,7425
36616,SpiceJet,SG-143,Delhi,Evening,one,Early_Morning,Chennai,Economy,12.25,12,7425
36617,SpiceJet,SG-8169,Delhi,Evening,one,Early_Morning,Chennai,Economy,12.25,12,7425
36618,SpiceJet,SG-8709,Delhi,Evening,one,Early_Morning,Chennai,Economy,13.08,12,7425
36619,SpiceJet,SG-8803,Delhi,Early_Morning,one,Night,Chennai,Economy,14.0,12,7425
36620,SpiceJet,SG-8157,Delhi,Early_Morning,one,Night,Chennai,Economy,15.0,12,7425
36621,SpiceJet,SG-8803,Delhi,Early_Morning,one,Early_Morning,Chennai,Economy,24.67,12,7425
36622,SpiceJet,SG-8169,Delhi,Evening,one,Night,Chennai,Economy,25.58,12,7425
36623,SpiceJet,SG-8157,Delhi,Early_Morning,one,Early_Morning,Chennai,Economy,25.67,12,7425
36624,SpiceJet,SG-191,Delhi,Early_Morning,one,Early_Morning,Chennai,Economy,26.33,12,7425
36625,SpiceJet,SG-8709,Delhi,Evening,one,Night,Chennai,Economy,26.42,12,7425
36757,SpiceJet,SG-8171,Delhi,Morning,one,Evening,Chennai,Economy,6.42,12,14355
36776,SpiceJet,SG-1071,Delhi,Evening,zero,Night,Chennai,Economy,2.83,13,7425
36777,SpiceJet,SG-8207,Delhi,Evening,zero,Night,Chennai,Economy,2.83,13,7425
36778,SpiceJet,SG-1056,Delhi,Early_Morning,zero,Morning,Chennai,Economy,2.92,13,7425
36779,SpiceJet,SG-8107,Delhi,Early_Morning,zero,Morning,Chennai,Economy,2.92,13,7425
36792,SpiceJet,SG-8946,Delhi,Morning,one,Evening,Chennai,Economy,6.17,13,7425
36793,SpiceJet,SG-534,Delhi,Night,one,Early_Morning,Chennai,Economy,9.42,13,7425
36794,SpiceJet,SG-143,Delhi,Evening,one,Early_Morning,Chennai,Economy,12.25,13,7425
36795,SpiceJet,SG-8169,Delhi,Evening,one,Early_Morning,Chennai,Economy,12.25,13,7425
36796,SpiceJet,SG-8709,Delhi,Evening,one,Early_Morning,Chennai,Economy,13.08,13,7425
36797,SpiceJet,SG-8803,Delhi,Early_Morning,one,Night,Chennai,Economy,14.0,13,7425
36798,SpiceJet,SG-8157,Delhi,Early_Morning,one,Night,Chennai,Economy,15.0,13,7425
36799,SpiceJet,SG-958,Delhi,Evening,one,Afternoon,Chennai,Economy,19.83,13,7425
36800,SpiceJet,SG-8803,Delhi,Early_Morning,one,Early_Morning,Chennai,Economy,24.67,13,7425
36801,SpiceJet,SG-8169,Delhi,Evening,one,Night,Chennai,Economy,25.58,13,7425
36802,SpiceJet,SG-8157,Delhi,Early_Morning,one,Early_Morning,Chennai,Economy,25.67,13,7425
36803,SpiceJet,SG-191,Delhi,Early_Morning,one,Early_Morning,Chennai,Economy,26.33,13,7425
36804,SpiceJet,SG-8709,Delhi,Evening,one,Night,Chennai,Economy,26.42,13,7425
36932,SpiceJet,SG-8411,Delhi,Evening,one,Evening,Chennai,Economy,22.92,13,13411
36935,SpiceJet,SG-8645,Delhi,Evening,one,Evening,Chennai,Economy,26.08,13,14355
36956,SpiceJet,SG-1071,Delhi,Evening,zero,Night,Chennai,Economy,2.83,14,7425
36957,SpiceJet,SG-8207,Delhi,Evening,zero,Night,Chennai,Economy,2.83,14,7425
36958,SpiceJet,SG-1056,Delhi,Early_Morning,zero,Morning,Chennai,Economy,2.92,14,7425
36959,SpiceJet,SG-8107,Delhi,Early_Morning,zero,Morning,Chennai,Economy,2.92,14,7425
36964,SpiceJet,SG-8169,Delhi,Evening,one,Early_Morning,Chennai,Economy,12.25,14,7425
36965,SpiceJet,SG-8709,Delhi,Evening,one,Early_Morning,Chennai,Economy,13.08,14,7425
36966,SpiceJet,SG-8803,Delhi,Early_Morning,one,Early_Morning,Chennai,Economy,24.67,14,7425
36967,SpiceJet,SG-8169,Delhi,Evening,one,Night,Chennai,Economy,25.58,14,7425
36968,SpiceJet,SG-8157,Delhi,Early_Morning,one,Early_Morning,Chennai,Economy,25.67,14,7425
36969,SpiceJet,SG-8709,Delhi,Evening,one,Night,Chennai,Economy,26.42,14,7425
36977,SpiceJet,SG-8946,Delhi,Morning,one,Evening,Chennai,Economy,6.17,14,7425
36978,SpiceJet,SG-143,Delhi,Evening,one,Early_Morning,Chennai,Economy,12.25,14,7425
36979,SpiceJet,SG-8803,Delhi,Early_Morning,one,Night,Chennai,Economy,14.0,14,7425
36980,SpiceJet,SG-8157,Delhi,Early_Morning,one,Night,Chennai,Economy,15.0,14,7425
36981,SpiceJet,SG-191,Delhi,Early_Morning,one,Early_Morning,Chennai,Economy,26.33,14,7425
37107,SpiceJet,SG-8171,Delhi,Morning,one,Evening,Chennai,Economy,6.42,14,17085
37130,SpiceJet,SG-8207,Delhi,Evening,zero,Night,Chennai,Economy,2.83,15,3251
37131,SpiceJet,SG-1056,Delhi,Early_Morning,zero,Morning,Chennai,Economy,2.92,15,3251
37132,SpiceJet,SG-8107,Delhi,Early_Morning,zero,Morning,Chennai,Economy,2.92,15,3251
37156,SpiceJet,SG-534,Delhi,Night,one,Early_Morning,Chennai,Economy,9.42,15,4149
37157,SpiceJet,SG-143,Delhi,Evening,one,Early_Morning,Chennai,Economy,12.25,15,4149
37158,SpiceJet,SG-8169,Delhi,Evening,one,Early_Morning,Chennai,Economy,12.25,15,4149
37159,SpiceJet,SG-8709,Delhi,Evening,one,Early_Morning,Chennai,Economy,13.08,15,4149
37160,SpiceJet,SG-8803,Delhi,Early_Morning,one,Night,Chennai,Economy,14.0,15,4149
37161,SpiceJet,SG-8157,Delhi,Early_Morning,one,Night,Chennai,Economy,15.0,15,4149
37162,SpiceJet,SG-480,Delhi,Evening,one,Afternoon,Chennai,Economy,19.42,15,4149
37163,SpiceJet,SG-8803,Delhi,Early_Morning,one,Early_Morning,Chennai,Economy,24.67,15,4149
37164,SpiceJet,SG-8169,Delhi,Evening,one,Night,Chennai,Economy,25.58,15,4149
37165,SpiceJet,SG-8157,Delhi,Early_Morning,one,Early_Morning,Chennai,Economy,25.67,15,4149
37166,SpiceJet,SG-191,Delhi,Early_Morning,one,Early_Morning,Chennai,Economy,26.33,15,4149
37167,SpiceJet,SG-8709,Delhi,Evening,one,Night,Chennai,Economy,26.42,15,4149
37179,SpiceJet,SG-8946,Delhi,Morning,one,Evening,Chennai,Economy,6.17,15,4465
37246,SpiceJet,SG-8411,Delhi,Evening,one,Evening,Chennai,Economy,22.92,15,7874
37271,SpiceJet,SG-8645,Delhi,Evening,one,Evening,Chennai,Economy,26.08,15,19040
37287,SpiceJet,SG-958,Delhi,Evening,one,Afternoon,Chennai,Economy,19.83,16,2771
37289,SpiceJet,SG-1071,Delhi,Evening,zero,Night,Chennai,Economy,2.83,16,3251
37290,SpiceJet,SG-8207,Delhi,Evening,zero,Night,Chennai,Economy,2.83,16,3251
37291,SpiceJet,SG-1056,Delhi,Early_Morning,zero,Morning,Chennai,Economy,2.92,16,3251
37292,SpiceJet,SG-8107,Delhi,Early_Morning,zero,Morning,Chennai,Economy,2.92,16,3251
37315,SpiceJet,SG-8721,Delhi,Early_Morning,one,Afternoon,Chennai,Economy,5.25,16,4149
37316,SpiceJet,SG-8946,Delhi,Morning,one,Evening,Chennai,Economy,6.17,16,4149
37317,SpiceJet,SG-143,Delhi,Evening,one,Early_Morning,Chennai,Economy,12.25,16,4149
37318,SpiceJet,SG-8169,Delhi,Evening,one,Early_Morning,Chennai,Economy,12.25,16,4149
37319,SpiceJet,SG-8709,Delhi,Evening,one,Early_Morning,Chennai,Economy,13.08,16,4149
37320,SpiceJet,SG-8803,Delhi,Early_Morning,one,Night,Chennai,Economy,14.0,16,4149
37321,SpiceJet,SG-8157,Delhi,Early_Morning,one,Night,Chennai,Economy,15.0,16,4149
37322,SpiceJet,SG-8803,Delhi,Early_Morning,one,Early_Morning,Chennai,Economy,24.67,16,4149
37323,SpiceJet,SG-8169,Delhi,Evening,one,Night,Chennai,Economy,25.58,16,4149
37324,SpiceJet,SG-8157,Delhi,Early_Morning,one,Early_Morning,Chennai,Economy,25.67,16,4149
37325,SpiceJet,SG-191,Delhi,Early_Morning,one,Early_Morning,Chennai,Economy,26.33,16,4149
37326,SpiceJet,SG-8709,Delhi,Evening,one,Night,Chennai,Economy,26.42,16,4149
37418,SpiceJet,SG-8411,Delhi,Evening,one,Evening,Chennai,Economy,22.92,16,7874
37419,SpiceJet,SG-8645,Delhi,Evening,one,Evening,Chennai,Economy,26.08,16,7874
37443,SpiceJet,SG-8910,Delhi,Morning,one,Evening,Chennai,Economy,9.33,16,15260
37445,SpiceJet,SG-8171,Delhi,Morning,one,Evening,Chennai,Economy,6.42,16,16310
37462,SpiceJet,SG-8207,Delhi,Evening,zero,Night,Chennai,Economy,2.83,17,3251
37463,SpiceJet,SG-1056,Delhi,Early_Morning,zero,Morning,Chennai,Economy,2.92,17,3251
37464,SpiceJet,SG-8107,Delhi,Early_Morning,zero,Morning,Chennai,Economy,2.92,17,3251
37484,SpiceJet,SG-143,Delhi,Evening,one,Early_Morning,Chennai,Economy,12.25,17,4149
37485,SpiceJet,SG-8169,Delhi,Evening,one,Early_Morning,Chennai,Economy,12.25,17,4149
37486,SpiceJet,SG-8709,Delhi,Evening,one,Early_Morning,Chennai,Economy,13.08,17,4149
37487,SpiceJet,SG-8803,Delhi,Early_Morning,one,Night,Chennai,Economy,14.0,17,4149
37488,SpiceJet,SG-8157,Delhi,Early_Morning,one,Night,Chennai,Economy,15.0,17,4149
37489,SpiceJet,SG-8803,Delhi,Early_Morning,one,Early_Morning,Chennai,Economy,24.67,17,4149
37490,SpiceJet,SG-8169,Delhi,Evening,one,Night,Chennai,Economy,25.58,17,4149
37491,SpiceJet,SG-8157,Delhi,Early_Morning,one,Early_Morning,Chennai,Economy,25.67,17,4149
37492,SpiceJet,SG-191,Delhi,Early_Morning,one,Early_Morning,Chennai,Economy,26.33,17,4149
37493,SpiceJet,SG-8709,Delhi,Evening,one,Night,Chennai,Economy,26.42,17,4149
37568,SpiceJet,SG-8171,Delhi,Morning,one,Evening,Chennai,Economy,6.42,17,7874
37587,SpiceJet,SG-8946,Delhi,Morning,one,Evening,Chennai,Economy,6.17,17,10483
37617,SpiceJet,SG-1071,Delhi,Evening,zero,Night,Chennai,Economy,2.83,18,3251
37618,SpiceJet,SG-8207,Delhi,Evening,zero,Night,Chennai,Economy,2.83,18,3251
37619,SpiceJet,SG-1056,Delhi,Early_Morning,zero,Morning,Chennai,Economy,2.92,18,3251
37620,SpiceJet,SG-8107,Delhi,Early_Morning,zero,Morning,Chennai,Economy,2.92,18,3251
37660,SpiceJet,SG-8946,Delhi,Morning,one,Evening,Chennai,Economy,6.17,18,4149
37661,SpiceJet,SG-534,Delhi,Night,one,Early_Morning,Chennai,Economy,9.42,18,4149
37662,SpiceJet,SG-143,Delhi,Evening,one,Early_Morning,Chennai,Economy,12.25,18,4149
37663,SpiceJet,SG-8169,Delhi,Evening,one,Early_Morning,Chennai,Economy,12.25,18,4149
37664,SpiceJet,SG-8709,Delhi,Evening,one,Early_Morning,Chennai,Economy,13.08,18,4149
37665,SpiceJet,SG-8803,Delhi,Early_Morning,one,Night,Chennai,Economy,14.0,18,4149
37666,SpiceJet,SG-8157,Delhi,Early_Morning,one,Night,Chennai,Economy,15.0,18,4149
37667,SpiceJet,SG-480,Delhi,Evening,one,Afternoon,Chennai,Economy,19.42,18,4149
37668,SpiceJet,SG-8411,Delhi,Evening,one,Evening,Chennai,Economy,22.92,18,4149
37669,SpiceJet,SG-8803,Delhi,Early_Morning,one,Early_Morning,Chennai,Economy,24.67,18,4149
37670,SpiceJet,SG-8169,Delhi,Evening,one,Night,Chennai,Economy,25.58,18,4149
37671,SpiceJet,SG-8157,Delhi,Early_Morning,one,Early_Morning,Chennai,Economy,25.67,18,4149
37672,SpiceJet,SG-8645,Delhi,Evening,one,Evening,Chennai,Economy,26.08,18,4149
37673,SpiceJet,SG-191,Delhi,Early_Morning,one,Early_Morning,Chennai,Economy,26.33,18,4149
37674,SpiceJet,SG-8709,Delhi,Evening,one,Night,Chennai,Economy,26.42,18,4149
37803,SpiceJet,SG-8207,Delhi,Evening,zero,Night,Chennai,Economy,2.83,19,3251
37804,SpiceJet,SG-8107,Delhi,Early_Morning,zero,Morning,Chennai,Economy,2.92,19,3251
37841,SpiceJet,SG-8721,Delhi,Early_Morning,one,Afternoon,Chennai,Economy,5.25,19,4149
37842,SpiceJet,SG-8946,Delhi,Morning,one,Evening,Chennai,Economy,6.17,19,4149
37843,SpiceJet,SG-534,Delhi,Night,one,Early_Morning,Chennai,Economy,9.42,19,4149
37844,SpiceJet,SG-143,Delhi,Evening,one,Early_Morning,Chennai,Economy,12.25,19,4149
37845,SpiceJet,SG-8169,Delhi,Evening,one,Early_Morning,Chennai,Economy,12.25,19,4149
37846,SpiceJet,SG-8709,Delhi,Evening,one,Early_Morning,Chennai,Economy,13.08,19,4149
37847,SpiceJet,SG-8803,Delhi,Early_Morning,one,Night,Chennai,Economy,14.0,19,4149
37848,SpiceJet,SG-8157,Delhi,Early_Morning,one,Night,Chennai,Economy,15.0,19,4149
37849,SpiceJet,SG-8803,Delhi,Early_Morning,one,Early_Morning,Chennai,Economy,24.67,19,4149
37850,SpiceJet,SG-8169,Delhi,Evening,one,Night,Chennai,Economy,25.58,19,4149
37851,SpiceJet,SG-8157,Delhi,Early_Morning,one,Early_Morning,Chennai,Economy,25.67,19,4149
37852,SpiceJet,SG-8193,Delhi,Night,one,Night,Chennai,Economy,25.75,19,4149
37853,SpiceJet,SG-191,Delhi,Early_Morning,one,Early_Morning,Chennai,Economy,26.33,19,4149
37854,SpiceJet,SG-8709,Delhi,Evening,one,Night,Chennai,Economy,26.42,19,4149
37909,SpiceJet,SG-8171,Delhi,Morning,one,Evening,Chennai,Economy,6.42,19,5095
37981,SpiceJet,SG-8207,Delhi,Evening,zero,Night,Chennai,Economy,2.83,20,3251
37982,SpiceJet,SG-8107,Delhi,Early_Morning,zero,Morning,Chennai,Economy,2.92,20,3251
38013,SpiceJet,SG-8946,Delhi,Morning,one,Evening,Chennai,Economy,6.17,20,4149
38014,SpiceJet,SG-534,Delhi,Night,one,Early_Morning,Chennai,Economy,9.42,20,4149
38015,SpiceJet,SG-143,Delhi,Evening,one,Early_Morning,Chennai,Economy,12.25,20,4149
38016,SpiceJet,SG-8169,Delhi,Evening,one,Early_Morning,Chennai,Economy,12.25,20,4149
38017,SpiceJet,SG-8709,Delhi,Evening,one,Early_Morning,Chennai,Economy,13.08,20,4149
38018,SpiceJet,SG-8803,Delhi,Early_Morning,one,Night,Chennai,Economy,14.0,20,4149
38019,SpiceJet,SG-8157,Delhi,Early_Morning,one,Night,Chennai,Economy,15.0,20,4149
38020,SpiceJet,SG-8913,Delhi,Early_Morning,one,Night,Chennai,Economy,16.58,20,4149
38021,SpiceJet,SG-958,Delhi,Evening,one,Afternoon,Chennai,Economy,19.83,20,4149
38022,SpiceJet,SG-8411,Delhi,Evening,one,Evening,Chennai,Economy,22.92,20,4149
38023,SpiceJet,SG-8803,Delhi,Early_Morning,one,Early_Morning,Chennai,Economy,24.67,20,4149
38024,SpiceJet,SG-8169,Delhi,Evening,one,Night,Chennai,Economy,25.58,20,4149
38025,SpiceJet,SG-8157,Delhi,Early_Morning,one,Early_Morning,Chennai,Economy,25.67,20,4149
38026,SpiceJet,SG-191,Delhi,Early_Morning,one,Early_Morning,Chennai,Economy,26.33,20,4149
38027,SpiceJet,SG-8709,Delhi,Evening,one,Night,Chennai,Economy,26.42,20,4149
38083,SpiceJet,SG-8645,Delhi,Evening,one,Evening,Chennai,Economy,26.08,20,5095
38155,SpiceJet,SG-8207,Delhi,Evening,zero,Night,Chennai,Economy,2.83,21,3251
38156,SpiceJet,SG-8107,Delhi,Early_Morning,zero,Morning,Chennai,Economy,2.92,21,3251
38184,SpiceJet,SG-8946,Delhi,Morning,one,Evening,Chennai,Economy,6.17,21,4149
38185,SpiceJet,SG-534,Delhi,Night,one,Early_Morning,Chennai,Economy,9.42,21,4149
38186,SpiceJet,SG-143,Delhi,Evening,one,Early_Morning,Chennai,Economy,12.25,21,4149
38187,SpiceJet,SG-8169,Delhi,Evening,one,Early_Morning,Chennai,Economy,12.25,21,4149
38188,SpiceJet,SG-8709,Delhi,Evening,one,Early_Morning,Chennai,Economy,13.08,21,4149
38189,SpiceJet,SG-8803,Delhi,Early_Morning,one,Night,Chennai,Economy,14.0,21,4149
38190,SpiceJet,SG-8157,Delhi,Early_Morning,one,Night,Chennai,Economy,15.0,21,4149
38191,SpiceJet,SG-8803,Delhi,Early_Morning,one,Early_Morning,Chennai,Economy,24.67,21,4149
38192,SpiceJet,SG-8169,Delhi,Evening,one,Night,Chennai,Economy,25.58,21,4149
38193,SpiceJet,SG-8157,Delhi,Early_Morning,one,Early_Morning,Chennai,Economy,25.67,21,4149
38194,SpiceJet,SG-191,Delhi,Early_Morning,one,Early_Morning,Chennai,Economy,26.33,21,4149
38195,SpiceJet,SG-8709,Delhi,Evening,one,Night,Chennai,Economy,26.42,21,4149
38292,SpiceJet,SG-8171,Delhi,Morning,one,Evening,Chennai,Economy,6.42,21,12006
38320,SpiceJet,SG-8207,Delhi,Evening,zero,Night,Chennai,Economy,2.83,22,3251
38321,SpiceJet,SG-8107,Delhi,Early_Morning,zero,Morning,Chennai,Economy,2.92,22,3251
38353,SpiceJet,SG-8946,Delhi,Morning,one,Evening,Chennai,Economy,6.17,22,4149
38354,SpiceJet,SG-534,Delhi,Night,one,Early_Morning,Chennai,Economy,9.42,22,4149
38355,SpiceJet,SG-143,Delhi,Evening,one,Early_Morning,Chennai,Economy,12.25,22,4149
38356,SpiceJet,SG-8169,Delhi,Evening,one,Early_Morning,Chennai,Economy,12.25,22,4149
38357,SpiceJet,SG-8709,Delhi,Evening,one,Early_Morning,Chennai,Economy,13.08,22,4149
38358,SpiceJet,SG-8803,Delhi,Early_Morning,one,Night,Chennai,Economy,14.0,22,4149
38359,SpiceJet,SG-8157,Delhi,Early_Morning,one,Night,Chennai,Economy,15.0,22,4149
38360,SpiceJet,SG-480,Delhi,Evening,one,Afternoon,Chennai,Economy,19.42,22,4149
38361,SpiceJet,SG-8411,Delhi,Evening,one,Evening,Chennai,Economy,22.92,22,4149
38362,SpiceJet,SG-8803,Delhi,Early_Morning,one,Early_Morning,Chennai,Economy,24.67,22,4149
38363,SpiceJet,SG-8169,Delhi,Evening,one,Night,Chennai,Economy,25.58,22,4149
38364,SpiceJet,SG-8157,Delhi,Early_Morning,one,Early_Morning,Chennai,Economy,25.67,22,4149
38365,SpiceJet,SG-191,Delhi,Early_Morning,one,Early_Morning,Chennai,Economy,26.33,22,4149
38366,SpiceJet,SG-8709,Delhi,Evening,one,Night,Chennai,Economy,26.42,22,4149
38389,SpiceJet,SG-8645,Delhi,Evening,one,Evening,Chennai,Economy,26.08,22,4779
38485,SpiceJet,SG-8207,Delhi,Evening,zero,Night,Chennai,Economy,2.83,23,3251
38486,SpiceJet,SG-8107,Delhi,Early_Morning,zero,Morning,Chennai,Economy,2.92,23,3251
38524,SpiceJet,SG-8721,Delhi,Early_Morning,one,Afternoon,Chennai,Economy,5.25,23,4149
38525,SpiceJet,SG-8946,Delhi,Morning,one,Evening,Chennai,Economy,6.17,23,4149
38526,SpiceJet,SG-534,Delhi,Night,one,Early_Morning,Chennai,Economy,9.42,23,4149
38527,SpiceJet,SG-143,Delhi,Evening,one,Early_Morning,Chennai,Economy,12.25,23,4149
38528,SpiceJet,SG-8169,Delhi,Evening,one,Early_Morning,Chennai,Economy,12.25,23,4149
38529,SpiceJet,SG-8709,Delhi,Evening,one,Early_Morning,Chennai,Economy,13.08,23,4149
38530,SpiceJet,SG-8803,Delhi,Early_Morning,one,Night,Chennai,Economy,14.0,23,4149
38531,SpiceJet,SG-8157,Delhi,Early_Morning,one,Night,Chennai,Economy,15.0,23,4149
38532,SpiceJet,SG-958,Delhi,Evening,one,Afternoon,Chennai,Economy,19.83,23,4149
38533,SpiceJet,SG-8803,Delhi,Early_Morning,one,Early_Morning,Chennai,Economy,24.67,23,4149
38534,SpiceJet,SG-8169,Delhi,Evening,one,Night,Chennai,Economy,25.58,23,4149
38535,SpiceJet,SG-8157,Delhi,Early_Morning,one,Early_Morning,Chennai,Economy,25.67,23,4149
38536,SpiceJet,SG-191,Delhi,Early_Morning,one,Early_Morning,Chennai,Economy,26.33,23,4149
38537,SpiceJet,SG-8709,Delhi,Evening,one,Night,Chennai,Economy,26.42,23,4149
38543,SpiceJet,SG-8411,Delhi,Evening,one,Evening,Chennai,Economy,22.92,23,4465
38544,SpiceJet,SG-8645,Delhi,Evening,one,Evening,Chennai,Economy,26.08,23,4465
38639,SpiceJet,SG-8171,Delhi,Morning,one,Evening,Chennai,Economy,6.42,23,10746
38641,SpiceJet,SG-8910,Delhi,Morning,one,Evening,Chennai,Economy,9.33,23,12006
38662,SpiceJet,SG-8207,Delhi,Evening,zero,Night,Chennai,Economy,2.83,24,3251
38663,SpiceJet,SG-8107,Delhi,Early_Morning,zero,Morning,Chennai,Economy,2.92,24,3251
38684,SpiceJet,SG-8946,Delhi,Morning,one,Evening,Chennai,Economy,6.17,24,4149
38685,SpiceJet,SG-534,Delhi,Night,one,Early_Morning,Chennai,Economy,9.42,24,4149
38686,SpiceJet,SG-143,Delhi,Evening,one,Early_Morning,Chennai,Economy,12.25,24,4149
38687,SpiceJet,SG-8169,Delhi,Evening,one,Early_Morning,Chennai,Economy,12.25,24,4149
38688,SpiceJet,SG-8709,Delhi,Evening,one,Early_Morning,Chennai,Economy,13.08,24,4149
38689,SpiceJet,SG-8803,Delhi,Early_Morning,one,Night,Chennai,Economy,14.0,24,4149
38690,SpiceJet,SG-8157,Delhi,Early_Morning,one,Night,Chennai,Economy,15.0,24,4149
38691,SpiceJet,SG-8803,Delhi,Early_Morning,one,Early_Morning,Chennai,Economy,24.67,24,4149
38692,SpiceJet,SG-8169,Delhi,Evening,one,Night,Chennai,Economy,25.58,24,4149
38693,SpiceJet,SG-8157,Delhi,Early_Morning,one,Early_Morning,Chennai,Economy,25.67,24,4149
38694,SpiceJet,SG-191,Delhi,Early_Morning,one,Early_Morning,Chennai,Economy,26.33,24,4149
38695,SpiceJet,SG-8709,Delhi,Evening,one,Night,Chennai,Economy,26.42,24,4149
38709,SpiceJet,SG-8171,Delhi,Morning,one,Evening,Chennai,Economy,6.42,24,4465
38835,SpiceJet,SG-8207,Delhi,Evening,zero,Night,Chennai,Economy,2.83,25,3251
38836,SpiceJet,SG-8107,Delhi,Early_Morning,zero,Morning,Chennai,Economy,2.92,25,3251
38878,SpiceJet,SG-8946,Delhi,Morning,one,Evening,Chennai,Economy,6.17,25,4149
38879,SpiceJet,SG-534,Delhi,Night,one,Early_Morning,Chennai,Economy,9.42,25,4149
38880,SpiceJet,SG-143,Delhi,Evening,one,Early_Morning,Chennai,Economy,12.25,25,4149
38881,SpiceJet,SG-8169,Delhi,Evening,one,Early_Morning,Chennai,Economy,12.25,25,4149
38882,SpiceJet,SG-8709,Delhi,Evening,one,Early_Morning,Chennai,Economy,13.08,25,4149
38883,SpiceJet,SG-8803,Delhi,Early_Morning,one,Night,Chennai,Economy,14.0,25,4149
38884,SpiceJet,SG-8157,Delhi,Early_Morning,one,Night,Chennai,Economy,15.0,25,4149
38885,SpiceJet,SG-480,Delhi,Evening,one,Afternoon,Chennai,Economy,19.42,25,4149
38886,SpiceJet,SG-8411,Delhi,Evening,one,Evening,Chennai,Economy,22.92,25,4149
38887,SpiceJet,SG-8803,Delhi,Early_Morning,one,Early_Morning,Chennai,Economy,24.67,25,4149
38888,SpiceJet,SG-8169,Delhi,Evening,one,Night,Chennai,Economy,25.58,25,4149
38889,SpiceJet,SG-8157,Delhi,Early_Morning,one,Early_Morning,Chennai,Economy,25.67,25,4149
38890,SpiceJet,SG-8645,Delhi,Evening,one,Evening,Chennai,Economy,26.08,25,4149
38891,SpiceJet,SG-191,Delhi,Early_Morning,one,Early_Morning,Chennai,Economy,26.33,25,4149
38892,SpiceJet,SG-8709,Delhi,Evening,one,Night,Chennai,Economy,26.42,25,4149
39015,SpiceJet,SG-8207,Delhi,Evening,zero,Night,Chennai,Economy,2.83,26,3251
39021,SpiceJet,SG-8107,Delhi,Early_Morning,zero,Morning,Chennai,Economy,2.92,26,3567
39062,SpiceJet,SG-8721,Delhi,Early_Morning,one,Afternoon,Chennai,Economy,5.25,26,4149
39063,SpiceJet,SG-8946,Delhi,Morning,one,Evening,Chennai,Economy,6.17,26,4149
39064,SpiceJet,SG-534,Delhi,Night,one,Early_Morning,Chennai,Economy,9.42,26,4149
39065,SpiceJet,SG-143,Delhi,Evening,one,Early_Morning,Chennai,Economy,12.25,26,4149
39066,SpiceJet,SG-8169,Delhi,Evening,one,Early_Morning,Chennai,Economy,12.25,26,4149
39067,SpiceJet,SG-8709,Delhi,Evening,one,Early_Morning,Chennai,Economy,13.08,26,4149
39068,SpiceJet,SG-8803,Delhi,Early_Morning,one,Night,Chennai,Economy,14.0,26,4149
39069,SpiceJet,SG-8157,Delhi,Early_Morning,one,Night,Chennai,Economy,15.0,26,4149
39070,SpiceJet,SG-8803,Delhi,Early_Morning,one,Early_Morning,Chennai,Economy,24.67,26,4149
39071,SpiceJet,SG-8169,Delhi,Evening,one,Night,Chennai,Economy,25.58,26,4149
39072,SpiceJet,SG-8157,Delhi,Early_Morning,one,Early_Morning,Chennai,Economy,25.67,26,4149
39073,SpiceJet,SG-191,Delhi,Early_Morning,one,Early_Morning,Chennai,Economy,26.33,26,4149
39074,SpiceJet,SG-8709,Delhi,Evening,one,Night,Chennai,Economy,26.42,26,4149
39080,SpiceJet,SG-8171,Delhi,Morning,one,Evening,Chennai,Economy,6.42,26,4465
39190,SpiceJet,SG-8207,Delhi,Evening,zero,Night,Chennai,Economy,2.83,27,3251
39191,SpiceJet,SG-8107,Delhi,Early_Morning,zero,Morning,Chennai,Economy,2.92,27,3251
39223,SpiceJet,SG-8946,Delhi,Morning,one,Evening,Chennai,Economy,6.17,27,4149
39224,SpiceJet,SG-534,Delhi,Night,one,Early_Morning,Chennai,Economy,9.42,27,4149
39225,SpiceJet,SG-143,Delhi,Evening,one,Early_Morning,Chennai,Economy,12.25,27,4149
39226,SpiceJet,SG-8169,Delhi,Evening,one,Early_Morning,Chennai,Economy,12.25,27,4149
39227,SpiceJet,SG-8709,Delhi,Evening,one,Early_Morning,Chennai,Economy,13.08,27,4149
39228,SpiceJet,SG-8803,Delhi,Early_Morning,one,Night,Chennai,Economy,14.0,27,4149
39229,SpiceJet,SG-8157,Delhi,Early_Morning,one,Night,Chennai,Economy,15.0,27,4149
39230,SpiceJet,SG-958,Delhi,Evening,one,Afternoon,Chennai,Economy,19.83,27,4149
39231,SpiceJet,SG-8411,Delhi,Evening,one,Evening,Chennai,Economy,22.92,27,4149
39232,SpiceJet,SG-8803,Delhi,Early_Morning,one,Early_Morning,Chennai,Economy,24.67,27,4149
39233,SpiceJet,SG-8169,Delhi,Evening,one,Night,Chennai,Economy,25.58,27,4149
39234,SpiceJet,SG-8157,Delhi,Early_Morning,one,Early_Morning,Chennai,Economy,25.67,27,4149
39235,SpiceJet,SG-8645,Delhi,Evening,one,Evening,Chennai,Economy,26.08,27,4149
39236,SpiceJet,SG-8709,Delhi,Evening,one,Night,Chennai,Economy,26.42,27,4149
39365,SpiceJet,SG-8207,Delhi,Evening,zero,Night,Chennai,Economy,2.83,28,3251
39366,SpiceJet,SG-8107,Delhi,Early_Morning,zero,Morning,Chennai,Economy,2.92,28,3251
39393,SpiceJet,SG-8946,Delhi,Morning,one,Evening,Chennai,Economy,6.17,28,4149
39394,SpiceJet,SG-534,Delhi,Night,one,Early_Morning,Chennai,Economy,9.42,28,4149
39395,SpiceJet,SG-143,Delhi,Evening,one,Early_Morning,Chennai,Economy,12.25,28,4149
39396,SpiceJet,SG-8169,Delhi,Evening,one,Early_Morning,Chennai,Economy,12.25,28,4149
39397,SpiceJet,SG-8709,Delhi,Evening,one,Early_Morning,Chennai,Economy,13.08,28,4149
39398,SpiceJet,SG-8803,Delhi,Early_Morning,one,Night,Chennai,Economy,14.0,28,4149
39399,SpiceJet,SG-8157,Delhi,Early_Morning,one,Night,Chennai,Economy,15.0,28,4149
39400,SpiceJet,SG-8803,Delhi,Early_Morning,one,Early_Morning,Chennai,Economy,24.67,28,4149
39401,SpiceJet,SG-8169,Delhi,Evening,one,Night,Chennai,Economy,25.58,28,4149
39402,SpiceJet,SG-8157,Delhi,Early_Morning,one,Early_Morning,Chennai,Economy,25.67,28,4149
39403,SpiceJet,SG-191,Delhi,Early_Morning,one,Early_Morning,Chennai,Economy,26.33,28,4149
39404,SpiceJet,SG-8709,Delhi,Evening,one,Night,Chennai,Economy,26.42,28,4149
39496,SpiceJet,SG-8171,Delhi,Morning,one,Evening,Chennai,Economy,6.42,28,10746
39526,SpiceJet,SG-8207,Delhi,Evening,zero,Night,Chennai,Economy,2.83,29,3251
39527,SpiceJet,SG-8107,Delhi,Early_Morning,zero,Morning,Chennai,Economy,2.92,29,3251
39560,SpiceJet,SG-8946,Delhi,Morning,one,Evening,Chennai,Economy,6.17,29,4149
39561,SpiceJet,SG-534,Delhi,Night,one,Early_Morning,Chennai,Economy,9.42,29,4149
39562,SpiceJet,SG-143,Delhi,Evening,one,Early_Morning,Chennai,Economy,12.25,29,4149
39563,SpiceJet,SG-8169,Delhi,Evening,one,Early_Morning,Chennai,Economy,12.25,29,4149
39564,SpiceJet,SG-8709,Delhi,Evening,one,Early_Morning,Chennai,Economy,13.08,29,4149
39565,SpiceJet,SG-8803,Delhi,Early_Morning,one,Night,Chennai,Economy,14.0,29,4149
39566,SpiceJet,SG-8157,Delhi,Early_Morning,one,Night,Chennai,Economy,15.0,29,4149
39567,SpiceJet,SG-480,Delhi,Evening,one,Afternoon,Chennai,Economy,19.42,29,4149
39568,SpiceJet,SG-8411,Delhi,Evening,one,Evening,Chennai,Economy,22.92,29,4149
39569,SpiceJet,SG-8803,Delhi,Early_Morning,one,Early_Morning,Chennai,Economy,24.67,29,4149
39570,SpiceJet,SG-8169,Delhi,Evening,one,Night,Chennai,Economy,25.58,29,4149
39571,SpiceJet,SG-8157,Delhi,Early_Morning,one,Early_Morning,Chennai,Economy,25.67,29,4149
39572,SpiceJet,SG-8645,Delhi,Evening,one,Evening,Chennai,Economy,26.08,29,4149
39573,SpiceJet,SG-191,Delhi,Early_Morning,one,Early_Morning,Chennai,Economy,26.33,29,4149
39574,SpiceJet,SG-8709,Delhi,Evening,one,Night,Chennai,Economy,26.42,29,4149
39700,SpiceJet,SG-8207,Delhi,Evening,zero,Night,Chennai,Economy,2.83,30,2637
39701,SpiceJet,SG-8107,Delhi,Early_Morning,zero,Morning,Chennai,Economy,2.92,30,2637
39721,SpiceJet,SG-958,Delhi,Evening,one,Afternoon,Chennai,Economy,19.83,30,2995
39803,SpiceJet,SG-8803,Delhi,Early_Morning,one,Night,Chennai,Economy,14.0,30,4942
39804,SpiceJet,SG-8157,Delhi,Early_Morning,one,Night,Chennai,Economy,15.0,30,4942
39805,SpiceJet,SG-8803,Delhi,Early_Morning,one,Early_Morning,Chennai,Economy,24.67,30,4942
39806,SpiceJet,SG-8157,Delhi,Early_Morning,one,Early_Morning,Chennai,Economy,25.67,30,4942
39809,SpiceJet,SG-8169,Delhi,Evening,one,Early_Morning,Chennai,Economy,12.25,30,5107
39810,SpiceJet,SG-8709,Delhi,Evening,one,Early_Morning,Chennai,Economy,13.08,30,5107
39811,SpiceJet,SG-8169,Delhi,Evening,one,Night,Chennai,Economy,25.58,30,5107
39812,SpiceJet,SG-8709,Delhi,Evening,one,Night,Chennai,Economy,26.42,30,5107
39820,SpiceJet,SG-534,Delhi,Night,one,Early_Morning,Chennai,Economy,9.42,30,5550
39821,SpiceJet,SG-143,Delhi,Evening,one,Early_Morning,Chennai,Economy,12.25,30,5550
39822,SpiceJet,SG-191,Delhi,Early_Morning,one,Early_Morning,Chennai,Economy,26.33,30,5550
39823,SpiceJet,SG-8721,Delhi,Early_Morning,one,Afternoon,Chennai,Economy,5.25,30,5768
39831,SpiceJet,SG-8645,Delhi,Evening,one,Evening,Chennai,Economy,26.08,30,7862
39835,SpiceJet,SG-8171,Delhi,Morning,one,Evening,Chennai,Economy,6.42,30,7862
39836,SpiceJet,SG-8411,Delhi,Evening,one,Evening,Chennai,Economy,22.92,30,7862
39846,SpiceJet,SG-8946,Delhi,Morning,one,Evening,Chennai,Economy,6.17,30,8790
39847,SpiceJet,SG-8910,Delhi,Morning,one,Evening,Chennai,Economy,9.33,30,9332
39868,SpiceJet,SG-8207,Delhi,Evening,zero,Night,Chennai,Economy,2.83,31,2637
39869,SpiceJet,SG-8107,Delhi,Early_Morning,zero,Morning,Chennai,Economy,2.92,31,2637
39965,SpiceJet,SG-8169,Delhi,Evening,one,Early_Morning,Chennai,Economy,12.25,31,4942
39966,SpiceJet,SG-8803,Delhi,Early_Morning,one,Night,Chennai,Economy,14.0,31,4942
39967,SpiceJet,SG-8157,Delhi,Early_Morning,one,Night,Chennai,Economy,15.0,31,4942
39968,SpiceJet,SG-8803,Delhi,Early_Morning,one,Early_Morning,Chennai,Economy,24.67,31,4942
39969,SpiceJet,SG-8169,Delhi,Evening,one,Night,Chennai,Economy,25.58,31,4942
39970,SpiceJet,SG-8157,Delhi,Early_Morning,one,Early_Morning,Chennai,Economy,25.67,31,4942
39973,SpiceJet,SG-8709,Delhi,Evening,one,Early_Morning,Chennai,Economy,13.08,31,5107
39974,SpiceJet,SG-8709,Delhi,Evening,one,Night,Chennai,Economy,26.42,31,5107
39985,SpiceJet,SG-534,Delhi,Night,one,Early_Morning,Chennai,Economy,9.42,31,5550
39986,SpiceJet,SG-143,Delhi,Evening,one,Early_Morning,Chennai,Economy,12.25,31,5550
39987,SpiceJet,SG-191,Delhi,Early_Morning,one,Early_Morning,Chennai,Economy,26.33,31,5550
39992,SpiceJet,SG-8171,Delhi,Morning,one,Evening,Chennai,Economy,6.42,31,7862
40008,SpiceJet,SG-8946,Delhi,Morning,one,Evening,Chennai,Economy,6.17,31,8790
40039,SpiceJet,SG-8207,Delhi,Evening,zero,Night,Chennai,Economy,2.83,32,2637
40040,SpiceJet,SG-8107,Delhi,Early_Morning,zero,Morning,Chennai,Economy,2.92,32,2637
40148,SpiceJet,SG-8169,Delhi,Evening,one,Early_Morning,Chennai,Economy,12.25,32,4942
40149,SpiceJet,SG-8709,Delhi,Evening,one,Early_Morning,Chennai,Economy,13.08,32,4942
40150,SpiceJet,SG-8169,Delhi,Evening,one,Night,Chennai,Economy,25.58,32,4942
40151,SpiceJet,SG-8709,Delhi,Evening,one,Night,Chennai,Economy,26.42,32,4942
40154,SpiceJet,SG-8803,Delhi,Early_Morning,one,Night,Chennai,Economy,14.0,32,5107
40155,SpiceJet,SG-8157,Delhi,Early_Morning,one,Night,Chennai,Economy,15.0,32,5107
40156,SpiceJet,SG-8803,Delhi,Early_Morning,one,Early_Morning,Chennai,Economy,24.67,32,5107
40157,SpiceJet,SG-8157,Delhi,Early_Morning,one,Early_Morning,Chennai,Economy,25.67,32,5107
40164,SpiceJet,SG-534,Delhi,Night,one,Early_Morning,Chennai,Economy,9.42,32,5550
40165,SpiceJet,SG-143,Delhi,Evening,one,Early_Morning,Chennai,Economy,12.25,32,5550
40166,SpiceJet,SG-191,Delhi,Early_Morning,one,Early_Morning,Chennai,Economy,26.33,32,5550
40167,SpiceJet,SG-480,Delhi,Evening,one,Afternoon,Chennai,Economy,19.42,32,5768
40171,SpiceJet,SG-8411,Delhi,Evening,one,Evening,Chennai,Economy,22.92,32,6581
40172,SpiceJet,SG-8645,Delhi,Evening,one,Evening,Chennai,Economy,26.08,32,6581
40188,SpiceJet,SG-8946,Delhi,Morning,one,Evening,Chennai,Economy,6.17,32,8790
40216,SpiceJet,SG-8207,Delhi,Evening,zero,Night,Chennai,Economy,2.83,33,2637
40217,SpiceJet,SG-8107,Delhi,Early_Morning,zero,Morning,Chennai,Economy,2.92,33,2637
40322,SpiceJet,SG-8169,Delhi,Evening,one,Early_Morning,Chennai,Economy,12.25,33,4942
40323,SpiceJet,SG-8709,Delhi,Evening,one,Early_Morning,Chennai,Economy,13.08,33,4942
40324,SpiceJet,SG-8803,Delhi,Early_Morning,one,Night,Chennai,Economy,14.0,33,4942
40325,SpiceJet,SG-8157,Delhi,Early_Morning,one,Night,Chennai,Economy,15.0,33,4942
40326,SpiceJet,SG-8803,Delhi,Early_Morning,one,Early_Morning,Chennai,Economy,24.67,33,4942
40327,SpiceJet,SG-8169,Delhi,Evening,one,Night,Chennai,Economy,25.58,33,4942
40328,SpiceJet,SG-8157,Delhi,Early_Morning,one,Early_Morning,Chennai,Economy,25.67,33,4942
40329,SpiceJet,SG-8709,Delhi,Evening,one,Night,Chennai,Economy,26.42,33,4942
40338,SpiceJet,SG-534,Delhi,Night,one,Early_Morning,Chennai,Economy,9.42,33,5550
40339,SpiceJet,SG-143,Delhi,Evening,one,Early_Morning,Chennai,Economy,12.25,33,5550
40340,SpiceJet,SG-191,Delhi,Early_Morning,one,Early_Morning,Chennai,Economy,26.33,33,5550
40342,SpiceJet,SG-8721,Delhi,Early_Morning,one,Afternoon,Chennai,Economy,5.25,33,6199
40355,SpiceJet,SG-8171,Delhi,Morning,one,Evening,Chennai,Economy,6.42,33,7631
40364,SpiceJet,SG-8946,Delhi,Morning,one,Evening,Chennai,Economy,6.17,33,8790
40389,SpiceJet,SG-8207,Delhi,Evening,zero,Night,Chennai,Economy,2.83,34,2637
40390,SpiceJet,SG-8107,Delhi,Early_Morning,zero,Morning,Chennai,Economy,2.92,34,2637
40404,SpiceJet,SG-958,Delhi,Evening,one,Afternoon,Chennai,Economy,19.83,34,2995
40498,SpiceJet,SG-8169,Delhi,Evening,one,Early_Morning,Chennai,Economy,12.25,34,4942
40499,SpiceJet,SG-8709,Delhi,Evening,one,Early_Morning,Chennai,Economy,13.08,34,4942
40500,SpiceJet,SG-8157,Delhi,Early_Morning,one,Night,Chennai,Economy,15.0,34,4942
40501,SpiceJet,SG-8169,Delhi,Evening,one,Night,Chennai,Economy,25.58,34,4942
40502,SpiceJet,SG-8157,Delhi,Early_Morning,one,Early_Morning,Chennai,Economy,25.67,34,4942
40503,SpiceJet,SG-8709,Delhi,Evening,one,Night,Chennai,Economy,26.42,34,4942
40506,SpiceJet,SG-8803,Delhi,Early_Morning,one,Night,Chennai,Economy,14.0,34,5107
40507,SpiceJet,SG-8803,Delhi,Early_Morning,one,Early_Morning,Chennai,Economy,24.67,34,5107
40515,SpiceJet,SG-534,Delhi,Night,one,Early_Morning,Chennai,Economy,9.42,34,5550
40516,SpiceJet,SG-143,Delhi,Evening,one,Early_Morning,Chennai,Economy,12.25,34,5550
40517,SpiceJet,SG-191,Delhi,Early_Morning,one,Early_Morning,Chennai,Economy,26.33,34,5550
40520,SpiceJet,SG-8411,Delhi,Evening,one,Evening,Chennai,Economy,22.92,34,6897
40523,SpiceJet,SG-8645,Delhi,Evening,one,Evening,Chennai,Economy,26.08,34,7631
40538,SpiceJet,SG-8946,Delhi,Morning,one,Evening,Chennai,Economy,6.17,34,8790
40550,SpiceJet,SG-8207,Delhi,Evening,zero,Night,Chennai,Economy,2.83,35,2637
40551,SpiceJet,SG-8107,Delhi,Early_Morning,zero,Morning,Chennai,Economy,2.92,35,2637
40652,SpiceJet,SG-8169,Delhi,Evening,one,Early_Morning,Chennai,Economy,12.25,35,4942
40653,SpiceJet,SG-8157,Delhi,Early_Morning,one,Night,Chennai,Economy,15.0,35,4942
40654,SpiceJet,SG-8169,Delhi,Evening,one,Night,Chennai,Economy,25.58,35,4942
40655,SpiceJet,SG-8157,Delhi,Early_Morning,one,Early_Morning,Chennai,Economy,25.67,35,4942
40658,SpiceJet,SG-8709,Delhi,Evening,one,Early_Morning,Chennai,Economy,13.08,35,5107
40659,SpiceJet,SG-8803,Delhi,Early_Morning,one,Night,Chennai,Economy,14.0,35,5107
40660,SpiceJet,SG-8803,Delhi,Early_Morning,one,Early_Morning,Chennai,Economy,24.67,35,5107
40661,SpiceJet,SG-8709,Delhi,Evening,one,Night,Chennai,Economy,26.42,35,5107
40669,SpiceJet,SG-534,Delhi,Night,one,Early_Morning,Chennai,Economy,9.42,35,5550
40670,SpiceJet,SG-143,Delhi,Evening,one,Early_Morning,Chennai,Economy,12.25,35,5550
40671,SpiceJet,SG-191,Delhi,Early_Morning,one,Early_Morning,Chennai,Economy,26.33,35,5550
40693,SpiceJet,SG-8946,Delhi,Morning,one,Evening,Chennai,Economy,6.17,35,8790
40696,SpiceJet,SG-8171,Delhi,Morning,one,Evening,Chennai,Economy,6.42,35,12251
40714,SpiceJet,SG-8207,Delhi,Evening,zero,Night,Chennai,Economy,2.83,36,2637
40715,SpiceJet,SG-8107,Delhi,Early_Morning,zero,Morning,Chennai,Economy,2.92,36,2637
40821,SpiceJet,SG-8709,Delhi,Evening,one,Early_Morning,Chennai,Economy,13.08,36,4942
40822,SpiceJet,SG-8157,Delhi,Early_Morning,one,Night,Chennai,Economy,15.0,36,4942
40823,SpiceJet,SG-8157,Delhi,Early_Morning,one,Early_Morning,Chennai,Economy,25.67,36,4942
40824,SpiceJet,SG-8709,Delhi,Evening,one,Night,Chennai,Economy,26.42,36,4942
40827,SpiceJet,SG-8169,Delhi,Evening,one,Early_Morning,Chennai,Economy,12.25,36,5107
40828,SpiceJet,SG-8803,Delhi,Early_Morning,one,Night,Chennai,Economy,14.0,36,5107
40829,SpiceJet,SG-8803,Delhi,Early_Morning,one,Early_Morning,Chennai,Economy,24.67,36,5107
40830,SpiceJet,SG-8169,Delhi,Evening,one,Night,Chennai,Economy,25.58,36,5107
40840,SpiceJet,SG-534,Delhi,Night,one,Early_Morning,Chennai,Economy,9.42,36,5550
40841,SpiceJet,SG-143,Delhi,Evening,one,Early_Morning,Chennai,Economy,12.25,36,5550
40842,SpiceJet,SG-191,Delhi,Early_Morning,one,Early_Morning,Chennai,Economy,26.33,36,5550
40848,SpiceJet,SG-480,Delhi,Evening,one,Afternoon,Chennai,Economy,19.42,36,5768
40855,SpiceJet,SG-8411,Delhi,Evening,one,Evening,Chennai,Economy,22.92,36,6581
40858,SpiceJet,SG-8645,Delhi,Evening,one,Evening,Chennai,Economy,26.08,36,6897
40873,SpiceJet,SG-8946,Delhi,Morning,one,Evening,Chennai,Economy,6.17,36,8790
40892,SpiceJet,SG-8207,Delhi,Evening,zero,Night,Chennai,Economy,2.83,37,2637
40893,SpiceJet,SG-8107,Delhi,Early_Morning,zero,Morning,Chennai,Economy,2.92,37,2637
40910,SpiceJet,SG-958,Delhi,Evening,one,Afternoon,Chennai,Economy,19.83,37,2995
40998,SpiceJet,SG-8709,Delhi,Evening,one,Early_Morning,Chennai,Economy,13.08,37,4942
40999,SpiceJet,SG-8157,Delhi,Early_Morning,one,Night,Chennai,Economy,15.0,37,4942
41000,SpiceJet,SG-8157,Delhi,Early_Morning,one,Early_Morning,Chennai,Economy,25.67,37,4942
41001,SpiceJet,SG-8709,Delhi,Evening,one,Night,Chennai,Economy,26.42,37,4942
41003,SpiceJet,SG-8169,Delhi,Evening,one,Early_Morning,Chennai,Economy,12.25,37,5107
41004,SpiceJet,SG-8803,Delhi,Early_Morning,one,Night,Chennai,Economy,14.0,37,5107
41005,SpiceJet,SG-8803,Delhi,Early_Morning,one,Early_Morning,Chennai,Economy,24.67,37,5107
41006,SpiceJet,SG-8169,Delhi,Evening,one,Night,Chennai,Economy,25.58,37,5107
41016,SpiceJet,SG-534,Delhi,Night,one,Early_Morning,Chennai,Economy,9.42,37,5550
41017,SpiceJet,SG-143,Delhi,Evening,one,Early_Morning,Chennai,Economy,12.25,37,5550
41018,SpiceJet,SG-191,Delhi,Early_Morning,one,Early_Morning,Chennai,Economy,26.33,37,5550
41024,SpiceJet,SG-8721,Delhi,Early_Morning,one,Afternoon,Chennai,Economy,5.25,37,5768
41037,SpiceJet,SG-8645,Delhi,Evening,one,Evening,Chennai,Economy,26.08,37,7862
41039,SpiceJet,SG-8171,Delhi,Morning,one,Evening,Chennai,Economy,6.42,37,7631
41040,SpiceJet,SG-8411,Delhi,Evening,one,Evening,Chennai,Economy,22.92,37,7862
41050,SpiceJet,SG-8910,Delhi,Morning,one,Evening,Chennai,Economy,9.33,37,8577
41051,SpiceJet,SG-8946,Delhi,Morning,one,Evening,Chennai,Economy,6.17,37,8790
41064,SpiceJet,SG-8207,Delhi,Evening,zero,Night,Chennai,Economy,2.83,38,2637
41065,SpiceJet,SG-8107,Delhi,Early_Morning,zero,Morning,Chennai,Economy,2.92,38,2637
41149,SpiceJet,SG-8157,Delhi,Early_Morning,one,Night,Chennai,Economy,15.0,38,4942
41150,SpiceJet,SG-8157,Delhi,Early_Morning,one,Early_Morning,Chennai,Economy,25.67,38,4942
41156,SpiceJet,SG-8169,Delhi,Evening,one,Early_Morning,Chennai,Economy,12.25,38,5107
41157,SpiceJet,SG-8709,Delhi,Evening,one,Early_Morning,Chennai,Economy,13.08,38,5107
41158,SpiceJet,SG-8803,Delhi,Early_Morning,one,Night,Chennai,Economy,14.0,38,5107
41159,SpiceJet,SG-8803,Delhi,Early_Morning,one,Early_Morning,Chennai,Economy,24.67,38,5107
41160,SpiceJet,SG-8169,Delhi,Evening,one,Night,Chennai,Economy,25.58,38,5107
41161,SpiceJet,SG-8709,Delhi,Evening,one,Night,Chennai,Economy,26.42,38,5107
41175,SpiceJet,SG-534,Delhi,Night,one,Early_Morning,Chennai,Economy,9.42,38,5550
41176,SpiceJet,SG-143,Delhi,Evening,one,Early_Morning,Chennai,Economy,12.25,38,5550
41177,SpiceJet,SG-191,Delhi,Early_Morning,one,Early_Morning,Chennai,Economy,26.33,38,5550
41201,SpiceJet,SG-8171,Delhi,Morning,one,Evening,Chennai,Economy,6.42,38,8176
41208,SpiceJet,SG-8946,Delhi,Morning,one,Evening,Chennai,Economy,6.17,38,8790
41232,SpiceJet,SG-8207,Delhi,Evening,zero,Night,Chennai,Economy,2.83,39,2637
41233,SpiceJet,SG-8107,Delhi,Early_Morning,zero,Morning,Chennai,Economy,2.92,39,2637
41348,SpiceJet,SG-8157,Delhi,Early_Morning,one,Night,Chennai,Economy,15.0,39,4942
41349,SpiceJet,SG-8157,Delhi,Early_Morning,one,Early_Morning,Chennai,Economy,25.67,39,4942
41354,SpiceJet,SG-8169,Delhi,Evening,one,Early_Morning,Chennai,Economy,12.25,39,5107
41355,SpiceJet,SG-8709,Delhi,Evening,one,Early_Morning,Chennai,Economy,13.08,39,5107
41356,SpiceJet,SG-8803,Delhi,Early_Morning,one,Night,Chennai,Economy,14.0,39,5107
41357,SpiceJet,SG-8803,Delhi,Early_Morning,one,Early_Morning,Chennai,Economy,24.67,39,5107
41358,SpiceJet,SG-8169,Delhi,Evening,one,Night,Chennai,Economy,25.58,39,5107
41359,SpiceJet,SG-8709,Delhi,Evening,one,Night,Chennai,Economy,26.42,39,5107
41368,SpiceJet,SG-534,Delhi,Night,one,Early_Morning,Chennai,Economy,9.42,39,5550
41369,SpiceJet,SG-143,Delhi,Evening,one,Early_Morning,Chennai,Economy,12.25,39,5550
41370,SpiceJet,SG-191,Delhi,Early_Morning,one,Early_Morning,Chennai,Economy,26.33,39,5550
41371,SpiceJet,SG-480,Delhi,Evening,one,Afternoon,Chennai,Economy,19.42,39,5768
41379,SpiceJet,SG-8645,Delhi,Evening,one,Evening,Chennai,Economy,26.08,39,6812
41380,SpiceJet,SG-8411,Delhi,Evening,one,Evening,Chennai,Economy,22.92,39,6812
41394,SpiceJet,SG-8946,Delhi,Morning,one,Evening,Chennai,Economy,6.17,39,8790
41420,SpiceJet,SG-8207,Delhi,Evening,zero,Night,Chennai,Economy,2.83,40,2637
41421,SpiceJet,SG-8107,Delhi,Early_Morning,zero,Morning,Chennai,Economy,2.92,40,2637
41530,SpiceJet,SG-8169,Delhi,Evening,one,Early_Morning,Chennai,Economy,12.25,40,4942
41531,SpiceJet,SG-8709,Delhi,Evening,one,Early_Morning,Chennai,Economy,13.08,40,4942
41532,SpiceJet,SG-8169,Delhi,Evening,one,Night,Chennai,Economy,25.58,40,4942
41533,SpiceJet,SG-8709,Delhi,Evening,one,Night,Chennai,Economy,26.42,40,4942
41536,SpiceJet,SG-8803,Delhi,Early_Morning,one,Night,Chennai,Economy,14.0,40,5107
41537,SpiceJet,SG-8157,Delhi,Early_Morning,one,Night,Chennai,Economy,15.0,40,5107
41538,SpiceJet,SG-8803,Delhi,Early_Morning,one,Early_Morning,Chennai,Economy,24.67,40,5107
41539,SpiceJet,SG-8157,Delhi,Early_Morning,one,Early_Morning,Chennai,Economy,25.67,40,5107
41546,SpiceJet,SG-534,Delhi,Night,one,Early_Morning,Chennai,Economy,9.42,40,5550
41547,SpiceJet,SG-143,Delhi,Evening,one,Early_Morning,Chennai,Economy,12.25,40,5550
41548,SpiceJet,SG-191,Delhi,Early_Morning,one,Early_Morning,Chennai,Economy,26.33,40,5550
41549,SpiceJet,SG-8721,Delhi,Early_Morning,one,Afternoon,Chennai,Economy,5.25,40,5768
41552,SpiceJet,SG-8171,Delhi,Morning,one,Evening,Chennai,Economy,6.42,40,6812
41571,SpiceJet,SG-8946,Delhi,Morning,one,Evening,Chennai,Economy,6.17,40,8790
41597,SpiceJet,SG-8207,Delhi,Evening,zero,Night,Chennai,Economy,2.83,41,2637
41598,SpiceJet,SG-8107,Delhi,Early_Morning,zero,Morning,Chennai,Economy,2.92,41,2637
41615,SpiceJet,SG-958,Delhi,Evening,one,Afternoon,Chennai,Economy,19.83,41,2995
41711,SpiceJet,SG-8169,Delhi,Evening,one,Early_Morning,Chennai,Economy,12.25,41,4942
41712,SpiceJet,SG-8709,Delhi,Evening,one,Early_Morning,Chennai,Economy,13.08,41,4942
41713,SpiceJet,SG-8803,Delhi,Early_Morning,one,Night,Chennai,Economy,14.0,41,4942
41714,SpiceJet,SG-8803,Delhi,Early_Morning,one,Early_Morning,Chennai,Economy,24.67,41,4942
41715,SpiceJet,SG-8169,Delhi,Evening,one,Night,Chennai,Economy,25.58,41,4942
41716,SpiceJet,SG-8709,Delhi,Evening,one,Night,Chennai,Economy,26.42,41,4942
41718,SpiceJet,SG-8157,Delhi,Early_Morning,one,Night,Chennai,Economy,15.0,41,5107
41719,SpiceJet,SG-8157,Delhi,Early_Morning,one,Early_Morning,Chennai,Economy,25.67,41,5107
41727,SpiceJet,SG-534,Delhi,Night,one,Early_Morning,Chennai,Economy,9.42,41,5550
41728,SpiceJet,SG-143,Delhi,Evening,one,Early_Morning,Chennai,Economy,12.25,41,5550
41729,SpiceJet,SG-191,Delhi,Early_Morning,one,Early_Morning,Chennai,Economy,26.33,41,5550
41736,SpiceJet,SG-8411,Delhi,Evening,one,Evening,Chennai,Economy,22.92,41,6581
41737,SpiceJet,SG-8645,Delhi,Evening,one,Evening,Chennai,Economy,26.08,41,6581
41753,SpiceJet,SG-8946,Delhi,Morning,one,Evening,Chennai,Economy,6.17,41,8790
41780,SpiceJet,SG-8207,Delhi,Evening,zero,Night,Chennai,Economy,2.83,42,2637
41781,SpiceJet,SG-8107,Delhi,Early_Morning,zero,Morning,Chennai,Economy,2.92,42,2637
41878,SpiceJet,SG-8169,Delhi,Evening,one,Early_Morning,Chennai,Economy,12.25,42,4942
41879,SpiceJet,SG-8709,Delhi,Evening,one,Early_Morning,Chennai,Economy,13.08,42,4942
41880,SpiceJet,SG-8803,Delhi,Early_Morning,one,Night,Chennai,Economy,14.0,42,4942
41881,SpiceJet,SG-8803,Delhi,Early_Morning,one,Early_Morning,Chennai,Economy,24.67,42,4942
41882,SpiceJet,SG-8169,Delhi,Evening,one,Night,Chennai,Economy,25.58,42,4942
41883,SpiceJet,SG-8709,Delhi,Evening,one,Night,Chennai,Economy,26.42,42,4942
41885,SpiceJet,SG-8157,Delhi,Early_Morning,one,Night,Chennai,Economy,15.0,42,5107
41886,SpiceJet,SG-8157,Delhi,Early_Morning,one,Early_Morning,Chennai,Economy,25.67,42,5107
41891,SpiceJet,SG-534,Delhi,Night,one,Early_Morning,Chennai,Economy,9.42,42,5550
41892,SpiceJet,SG-143,Delhi,Evening,one,Early_Morning,Chennai,Economy,12.25,42,5550
41893,SpiceJet,SG-191,Delhi,Early_Morning,one,Early_Morning,Chennai,Economy,26.33,42,5550
41911,SpiceJet,SG-8946,Delhi,Morning,one,Evening,Chennai,Economy,6.17,42,8790
41912,SpiceJet,SG-8171,Delhi,Morning,one,Evening,Chennai,Economy,6.42,42,9101
41938,SpiceJet,SG-8207,Delhi,Evening,zero,Night,Chennai,Economy,2.83,43,2637
41939,SpiceJet,SG-8107,Delhi,Early_Morning,zero,Morning,Chennai,Economy,2.92,43,2637
42048,SpiceJet,SG-8169,Delhi,Evening,one,Early_Morning,Chennai,Economy,12.25,43,4942
42049,SpiceJet,SG-8709,Delhi,Evening,one,Early_Morning,Chennai,Economy,13.08,43,4942
42050,SpiceJet,SG-8803,Delhi,Early_Morning,one,Night,Chennai,Economy,14.0,43,4942
42051,SpiceJet,SG-8803,Delhi,Early_Morning,one,Early_Morning,Chennai,Economy,24.67,43,4942
42052,SpiceJet,SG-8169,Delhi,Evening,one,Night,Chennai,Economy,25.58,43,4942
42053,SpiceJet,SG-8709,Delhi,Evening,one,Night,Chennai,Economy,26.42,43,4942
42056,SpiceJet,SG-8157,Delhi,Early_Morning,one,Night,Chennai,Economy,15.0,43,5107
42057,SpiceJet,SG-8157,Delhi,Early_Morning,one,Early_Morning,Chennai,Economy,25.67,43,5107
42063,SpiceJet,SG-534,Delhi,Night,one,Early_Morning,Chennai,Economy,9.42,43,5550
42064,SpiceJet,SG-143,Delhi,Evening,one,Early_Morning,Chennai,Economy,12.25,43,5550
42065,SpiceJet,SG-191,Delhi,Early_Morning,one,Early_Morning,Chennai,Economy,26.33,43,5550
42066,SpiceJet,SG-480,Delhi,Evening,one,Afternoon,Chennai,Economy,19.42,43,5768
42069,SpiceJet,SG-8411,Delhi,Evening,one,Evening,Chennai,Economy,22.92,43,6581
42070,SpiceJet,SG-8645,Delhi,Evening,one,Evening,Chennai,Economy,26.08,43,6581
42088,SpiceJet,SG-8946,Delhi,Morning,one,Evening,Chennai,Economy,6.17,43,8790
42112,SpiceJet,SG-8207,Delhi,Evening,zero,Night,Chennai,Economy,2.83,44,2637
42113,SpiceJet,SG-8107,Delhi,Early_Morning,zero,Morning,Chennai,Economy,2.92,44,2637
42225,SpiceJet,SG-8803,Delhi,Early_Morning,one,Night,Chennai,Economy,14.0,44,4942
42226,SpiceJet,SG-8157,Delhi,Early_Morning,one,Night,Chennai,Economy,15.0,44,4942
42227,SpiceJet,SG-8169,Delhi,Evening,one,Night,Chennai,Economy,26.0,44,4942
42228,SpiceJet,SG-8709,Delhi,Evening,one,Night,Chennai,Economy,26.83,44,4942
42238,SpiceJet,SG-8721,Delhi,Early_Morning,one,Afternoon,Chennai,Economy,5.25,44,5768
42243,SpiceJet,SG-8910,Delhi,Morning,one,Evening,Chennai,Economy,9.33,44,6897
42251,SpiceJet,SG-8171,Delhi,Morning,one,Evening,Chennai,Economy,6.42,44,7211
42261,SpiceJet,SG-8946,Delhi,Morning,one,Evening,Chennai,Economy,6.17,44,8790
42283,SpiceJet,SG-8103,Delhi,Evening,zero,Night,Chennai,Economy,2.83,45,2637
42284,SpiceJet,SG-107,Delhi,Early_Morning,zero,Morning,Chennai,Economy,3.0,45,2637
42378,SpiceJet,SG-8723,Delhi,Morning,one,Night,Chennai,Economy,12.92,45,4942
42379,SpiceJet,SG-8701,Delhi,Early_Morning,one,Night,Chennai,Economy,14.42,45,4942
42380,SpiceJet,SG-8169,Delhi,Evening,one,Night,Chennai,Economy,26.0,45,4942
42381,SpiceJet,SG-8709,Delhi,Evening,one,Night,Chennai,Economy,27.0,45,4942
42416,SpiceJet,SG-946,Delhi,Morning,one,Evening,Chennai,Economy,4.5,45,8790
42442,SpiceJet,SG-8103,Delhi,Evening,zero,Night,Chennai,Economy,2.83,46,2637
42443,SpiceJet,SG-107,Delhi,Early_Morning,zero,Morning,Chennai,Economy,3.0,46,2637
42500,SpiceJet,SG-8185,Delhi,Morning,one,Night,Chennai,Economy,12.75,46,4454
42521,SpiceJet,SG-8723,Delhi,Morning,one,Night,Chennai,Economy,12.92,46,4942
42522,SpiceJet,SG-8701,Delhi,Early_Morning,one,Night,Chennai,Economy,14.42,46,4942
42570,SpiceJet,SG-946,Delhi,Morning,one,Evening,Chennai,Economy,4.5,46,8790
42595,SpiceJet,SG-8103,Delhi,Evening,zero,Night,Chennai,Economy,2.83,47,2637
42596,SpiceJet,SG-107,Delhi,Early_Morning,zero,Morning,Chennai,Economy,3.0,47,2637
42691,SpiceJet,SG-8723,Delhi,Morning,one,Night,Chennai,Economy,12.92,47,4942
42692,SpiceJet,SG-8701,Delhi,Early_Morning,one,Night,Chennai,Economy,14.42,47,4942
42693,SpiceJet,SG-8169,Delhi,Evening,one,Night,Chennai,Economy,26.0,47,4942
42723,SpiceJet,SG-946,Delhi,Morning,one,Evening,Chennai,Economy,4.5,47,8790
42747,SpiceJet,SG-8103,Delhi,Evening,zero,Night,Chennai,Economy,2.83,48,2637
42748,SpiceJet,SG-107,Delhi,Early_Morning,zero,Morning,Chennai,Economy,3.0,48,2637
42789,SpiceJet,SG-8185,Delhi,Morning,one,Night,Chennai,Economy,12.75,48,3869
42841,SpiceJet,SG-8723,Delhi,Morning,one,Night,Chennai,Economy,12.92,48,4942
42842,SpiceJet,SG-8701,Delhi,Early_Morning,one,Night,Chennai,Economy,14.42,48,4942
42843,SpiceJet,SG-8169,Delhi,Evening,one,Night,Chennai,Economy,26.0,48,4942
42873,SpiceJet,SG-946,Delhi,Morning,one,Evening,Chennai,Economy,4.5,48,8790
42893,SpiceJet,SG-8103,Delhi,Evening,zero,Night,Chennai,Economy,2.83,49,2637
42894,SpiceJet,SG-107,Delhi,Early_Morning,zero,Morning,Chennai,Economy,3.0,49,2637
42985,SpiceJet,SG-8723,Delhi,Morning,one,Night,Chennai,Economy,12.92,49,4942
42986,SpiceJet,SG-8701,Delhi,Early_Morning,one,Night,Chennai,Economy,14.42,49,4942
42992,SpiceJet,SG-8169,Delhi,Evening,one,Night,Chennai,Economy,26.0,49,5300
42993,SpiceJet,SG-8709,Delhi,Evening,one,Night,Chennai,Economy,27.0,49,5300
43025,SpiceJet,SG-946,Delhi,Morning,one,Evening,Chennai,Economy,4.5,49,8790
43039,SpiceJet,SG-8710,Mumbai,Night,zero,Night,Delhi,Economy,2.17,1,6048
43040,SpiceJet,SG-8158,Mumbai,Evening,zero,Night,Delhi,Economy,2.42,1,6048
43072,SpiceJet,SG-4417,Mumbai,Evening,one,Morning,Delhi,Economy,14.83,1,14527
43091,SpiceJet,SG-349,Mumbai,Afternoon,one,Evening,Delhi,Economy,4.75,1,18909
43112,SpiceJet,SG-8710,Mumbai,Night,zero,Night,Delhi,Economy,2.0,2,5943
43113,SpiceJet,SG-8158,Mumbai,Evening,zero,Night,Delhi,Economy,2.42,2,5943
43140,SpiceJet,SG-8152,Mumbai,Early_Morning,zero,Morning,Delhi,Economy,2.25,2,6258
43141,SpiceJet,SG-2697,Mumbai,Night,one,Night,Delhi,Economy,25.92,2,6258
43146,SpiceJet,SG-8702,Mumbai,Morning,zero,Afternoon,Delhi,Economy,2.42,2,6468
43169,SpiceJet,SG-276,Mumbai,Early_Morning,one,Morning,Delhi,Economy,4.75,2,12111
43191,SpiceJet,SG-4417,Mumbai,Evening,one,Morning,Delhi,Economy,14.83,2,14211
43206,SpiceJet,SG-349,Mumbai,Afternoon,one,Evening,Delhi,Economy,4.75,2,17859
43233,SpiceJet,SG-8710,Mumbai,Night,zero,Night,Delhi,Economy,2.0,3,5943
43234,SpiceJet,SG-8152,Mumbai,Early_Morning,zero,Morning,Delhi,Economy,2.25,3,5943
43235,SpiceJet,SG-8702,Mumbai,Morning,zero,Afternoon,Delhi,Economy,2.42,3,5943
43236,SpiceJet,SG-8158,Mumbai,Evening,zero,Night,Delhi,Economy,2.42,3,5943
43270,SpiceJet,SG-349,Mumbai,Afternoon,one,Evening,Delhi,Economy,4.75,3,5943
43271,SpiceJet,SG-4417,Mumbai,Evening,one,Morning,Delhi,Economy,14.83,3,5943
43273,SpiceJet,SG-2697,Mumbai,Night,one,Night,Delhi,Economy,25.92,3,6258
43338,SpiceJet,SG-276,Mumbai,Early_Morning,one,Morning,Delhi,Economy,4.75,3,14211
43370,SpiceJet,SG-8710,Mumbai,Night,zero,Night,Delhi,Economy,2.0,4,5943
43371,SpiceJet,SG-1092,Mumbai,Night,zero,Night,Delhi,Economy,2.17,4,5943
43372,SpiceJet,SG-1090,Mumbai,Morning,zero,Morning,Delhi,Economy,2.25,4,5943
43373,SpiceJet,SG-8702,Mumbai,Morning,zero,Afternoon,Delhi,Economy,2.25,4,5943
43374,SpiceJet,SG-1062,Mumbai,Evening,zero,Night,Delhi,Economy,2.42,4,5943
43375,SpiceJet,SG-8158,Mumbai,Evening,zero,Night,Delhi,Economy,2.42,4,5943
43397,SpiceJet,SG-8152,Mumbai,Early_Morning,zero,Morning,Delhi,Economy,2.25,4,5943
43424,SpiceJet,SG-276,Mumbai,Early_Morning,one,Morning,Delhi,Economy,4.75,4,5943
43425,SpiceJet,SG-4417,Mumbai,Evening,one,Morning,Delhi,Economy,14.83,4,5943
43426,SpiceJet,SG-4417,Mumbai,Evening,one,Morning,Delhi,Economy,16.17,4,5943
43428,SpiceJet,SG-2697,Mumbai,Night,one,Night,Delhi,Economy,25.92,4,6258
43436,SpiceJet,SG-343,Mumbai,Morning,one,Afternoon,Delhi,Economy,5.75,4,8542
43477,SpiceJet,SG-349,Mumbai,Afternoon,one,Evening,Delhi,Economy,4.75,4,11979
43530,SpiceJet,SG-8710,Mumbai,Night,zero,Night,Delhi,Economy,2.0,5,5943
43531,SpiceJet,SG-1092,Mumbai,Night,zero,Night,Delhi,Economy,2.17,5,5943
43532,SpiceJet,SG-1059,Mumbai,Early_Morning,zero,Morning,Delhi,Economy,2.25,5,5943
43533,SpiceJet,SG-8152,Mumbai,Early_Morning,zero,Morning,Delhi,Economy,2.25,5,5943
43534,SpiceJet,SG-1090,Mumbai,Morning,zero,Morning,Delhi,Economy,2.25,5,5943
43535,SpiceJet,SG-8702,Mumbai,Morning,zero,Afternoon,Delhi,Economy,2.42,5,5943
43536,SpiceJet,SG-1062,Mumbai,Evening,zero,Night,Delhi,Economy,2.42,5,5943
43537,SpiceJet,SG-8158,Mumbai,Evening,zero,Night,Delhi,Economy,2.42,5,5943
43583,SpiceJet,SG-276,Mumbai,Early_Morning,one,Morning,Delhi,Economy,4.75,5,5943
43584,SpiceJet,SG-276,Mumbai,Early_Morning,one,Morning,Delhi,Economy,6.08,5,5943
43585,SpiceJet,SG-4417,Mumbai,Evening,one,Morning,Delhi,Economy,14.83,5,5943
43590,SpiceJet,SG-2697,Mumbai,Night,one,Night,Delhi,Economy,25.92,5,6258
43691,SpiceJet,SG-349,Mumbai,Afternoon,one,Evening,Delhi,Economy,4.75,5,18909
43693,SpiceJet,SG-8710,Mumbai,Night,zero,Night,Delhi,Economy,2.0,6,5943
43694,SpiceJet,SG-1092,Mumbai,Night,zero,Night,Delhi,Economy,2.17,6,5943
43695,SpiceJet,SG-1059,Mumbai,Early_Morning,zero,Morning,Delhi,Economy,2.25,6,5943
43696,SpiceJet,SG-8152,Mumbai,Early_Morning,zero,Morning,Delhi,Economy,2.25,6,5943
43697,SpiceJet,SG-1062,Mumbai,Evening,zero,Night,Delhi,Economy,2.42,6,5943
43698,SpiceJet,SG-8158,Mumbai,Evening,zero,Night,Delhi,Economy,2.42,6,5943
43747,SpiceJet,SG-349,Mumbai,Afternoon,one,Evening,Delhi,Economy,4.75,6,5943
43753,SpiceJet,SG-4417,Mumbai,Evening,one,Morning,Delhi,Economy,14.83,6,6258
43754,SpiceJet,SG-2697,Mumbai,Night,one,Night,Delhi,Economy,25.92,6,6258
43757,SpiceJet,SG-8702,Mumbai,Morning,zero,Afternoon,Delhi,Economy,2.25,6,6782
43764,SpiceJet,SG-276,Mumbai,Early_Morning,one,Morning,Delhi,Economy,4.75,6,9067
43850,SpiceJet,SG-343,Mumbai,Morning,one,Afternoon,Delhi,Economy,5.75,6,14528
43869,SpiceJet,SG-8710,Mumbai,Night,zero,Night,Delhi,Economy,2.0,7,5943
43870,SpiceJet,SG-1092,Mumbai,Night,zero,Night,Delhi,Economy,2.17,7,5943
43871,SpiceJet,SG-8702,Mumbai,Morning,zero,Afternoon,Delhi,Economy,2.42,7,5943
43872,SpiceJet,SG-1062,Mumbai,Evening,zero,Night,Delhi,Economy,2.42,7,5943
43873,SpiceJet,SG-8158,Mumbai,Evening,zero,Night,Delhi,Economy,2.42,7,5943
43893,SpiceJet,SG-8152,Mumbai,Early_Morning,zero,Morning,Delhi,Economy,2.25,7,5943
43923,SpiceJet,SG-4417,Mumbai,Evening,one,Morning,Delhi,Economy,14.83,7,6048
43926,SpiceJet,SG-2697,Mumbai,Night,one,Night,Delhi,Economy,25.92,7,6258
43976,SpiceJet,SG-276,Mumbai,Early_Morning,one,Morning,Delhi,Economy,4.75,7,11481
44003,SpiceJet,SG-349,Mumbai,Afternoon,one,Evening,Delhi,Economy,4.75,7,12503
44048,SpiceJet,SG-8710,Mumbai,Night,zero,Night,Delhi,Economy,2.0,8,5943
44049,SpiceJet,SG-8152,Mumbai,Early_Morning,zero,Morning,Delhi,Economy,2.25,8,5943
44050,SpiceJet,SG-8702,Mumbai,Morning,zero,Afternoon,Delhi,Economy,2.25,8,5943
44051,SpiceJet,SG-1062,Mumbai,Evening,zero,Night,Delhi,Economy,2.42,8,5943
44052,SpiceJet,SG-8158,Mumbai,Evening,zero,Night,Delhi,Economy,2.42,8,5943
44095,SpiceJet,SG-2697,Mumbai,Night,one,Night,Delhi,Economy,25.92,8,6048
44121,SpiceJet,SG-276,Mumbai,Early_Morning,one,Morning,Delhi,Economy,4.75,8,9487
44145,SpiceJet,SG-349,Mumbai,Afternoon,one,Evening,Delhi,Economy,4.75,8,11139
44174,SpiceJet,SG-343,Mumbai,Morning,one,Afternoon,Delhi,Economy,5.75,8,12218
44192,SpiceJet,SG-4417,Mumbai,Evening,one,Morning,Delhi,Economy,14.83,8,14211
44220,SpiceJet,SG-8710,Mumbai,Night,zero,Night,Delhi,Economy,2.0,9,5943
44221,SpiceJet,SG-1092,Mumbai,Night,zero,Night,Delhi,Economy,2.17,9,5943
44222,SpiceJet,SG-1062,Mumbai,Evening,zero,Night,Delhi,Economy,2.42,9,5943
44223,SpiceJet,SG-8158,Mumbai,Evening,zero,Night,Delhi,Economy,2.42,9,5943
44246,SpiceJet,SG-8152,Mumbai,Early_Morning,zero,Morning,Delhi,Economy,2.25,9,5943
44247,SpiceJet,SG-8702,Mumbai,Morning,zero,Afternoon,Delhi,Economy,2.42,9,5943
44270,SpiceJet,SG-2697,Mumbai,Night,one,Night,Delhi,Economy,25.92,9,6048
44336,SpiceJet,SG-4417,Mumbai,Evening,one,Morning,Delhi,Economy,14.83,9,12847
44351,SpiceJet,SG-276,Mumbai,Early_Morning,one,Morning,Delhi,Economy,4.75,9,14527
44359,SpiceJet,SG-349,Mumbai,Afternoon,one,Evening,Delhi,Economy,4.75,9,15233
44389,SpiceJet,SG-8710,Mumbai,Night,zero,Night,Delhi,Economy,2.0,10,5943
44390,SpiceJet,SG-1092,Mumbai,Night,zero,Night,Delhi,Economy,2.17,10,5943
44391,SpiceJet,SG-1059,Mumbai,Early_Morning,zero,Morning,Delhi,Economy,2.25,10,5943
44392,SpiceJet,SG-8152,Mumbai,Early_Morning,zero,Morning,Delhi,Economy,2.25,10,5943
44393,SpiceJet,SG-8702,Mumbai,Morning,zero,Afternoon,Delhi,Economy,2.42,10,5943
44394,SpiceJet,SG-1062,Mumbai,Evening,zero,Night,Delhi,Economy,2.42,10,5943
44395,SpiceJet,SG-8158,Mumbai,Evening,zero,Night,Delhi,Economy,2.42,10,5943
44433,SpiceJet,SG-2697,Mumbai,Night,one,Night,Delhi,Economy,25.92,10,6048
44440,SpiceJet,SG-349,Mumbai,Afternoon,one,Evening,Delhi,Economy,4.75,10,6258
44458,SpiceJet,SG-4417,Mumbai,Evening,one,Morning,Delhi,Economy,14.83,10,8647
44528,SpiceJet,SG-276,Mumbai,Early_Morning,one,Morning,Delhi,Economy,4.75,10,12847
44570,SpiceJet,SG-8710,Mumbai,Night,zero,Night,Delhi,Economy,2.0,11,5943
44571,SpiceJet,SG-1092,Mumbai,Night,zero,Night,Delhi,Economy,2.17,11,5943
44572,SpiceJet,SG-1059,Mumbai,Early_Morning,zero,Morning,Delhi,Economy,2.25,11,5943
44573,SpiceJet,SG-8152,Mumbai,Early_Morning,zero,Morning,Delhi,Economy,2.25,11,5943
44574,SpiceJet,SG-1090,Mumbai,Morning,zero,Morning,Delhi,Economy,2.25,11,5943
44575,SpiceJet,SG-8702,Mumbai,Morning,zero,Afternoon,Delhi,Economy,2.25,11,5943
44576,SpiceJet,SG-1062,Mumbai,Evening,zero,Night,Delhi,Economy,2.42,11,5943
44577,SpiceJet,SG-8158,Mumbai,Evening,zero,Night,Delhi,Economy,2.42,11,5943
44658,SpiceJet,SG-349,Mumbai,Afternoon,one,Evening,Delhi,Economy,4.75,11,5943
44661,SpiceJet,SG-2697,Mumbai,Night,one,Night,Delhi,Economy,25.92,11,6048
44675,SpiceJet,SG-4417,Mumbai,Evening,one,Morning,Delhi,Economy,14.83,11,8489
44676,SpiceJet,SG-276,Mumbai,Early_Morning,one,Morning,Delhi,Economy,4.75,11,8647
44757,SpiceJet,SG-343,Mumbai,Morning,one,Afternoon,Delhi,Economy,5.75,11,13687
44777,SpiceJet,SG-8710,Mumbai,Night,zero,Night,Delhi,Economy,2.0,12,5943
44778,SpiceJet,SG-1092,Mumbai,Night,zero,Night,Delhi,Economy,2.17,12,5943
44779,SpiceJet,SG-1059,Mumbai,Early_Morning,zero,Morning,Delhi,Economy,2.25,12,5943
44780,SpiceJet,SG-8152,Mumbai,Early_Morning,zero,Morning,Delhi,Economy,2.25,12,5943
44781,SpiceJet,SG-1090,Mumbai,Morning,zero,Morning,Delhi,Economy,2.25,12,5943
44782,SpiceJet,SG-8702,Mumbai,Morning,zero,Afternoon,Delhi,Economy,2.42,12,5943
44783,SpiceJet,SG-1062,Mumbai,Evening,zero,Night,Delhi,Economy,2.42,12,5943
44784,SpiceJet,SG-8158,Mumbai,Evening,zero,Night,Delhi,Economy,2.42,12,5943
44883,SpiceJet,SG-4417,Mumbai,Evening,one,Morning,Delhi,Economy,14.83,12,5943
44884,SpiceJet,SG-2697,Mumbai,Night,one,Night,Delhi,Economy,25.92,12,6048
44886,SpiceJet,SG-349,Mumbai,Afternoon,one,Evening,Delhi,Economy,4.75,12,6258
44893,SpiceJet,SG-276,Mumbai,Early_Morning,one,Morning,Delhi,Economy,4.75,12,8489
44986,SpiceJet,SG-8710,Mumbai,Night,zero,Night,Delhi,Economy,2.0,13,5943
44987,SpiceJet,SG-1092,Mumbai,Night,zero,Night,Delhi,Economy,2.17,13,5943
44988,SpiceJet,SG-1059,Mumbai,Early_Morning,zero,Morning,Delhi,Economy,2.25,13,5943
44989,SpiceJet,SG-8152,Mumbai,Early_Morning,zero,Morning,Delhi,Economy,2.25,13,5943
44990,SpiceJet,SG-1090,Mumbai,Morning,zero,Morning,Delhi,Economy,2.25,13,5943
44991,SpiceJet,SG-8702,Mumbai,Morning,zero,Afternoon,Delhi,Economy,2.25,13,5943
44992,SpiceJet,SG-1062,Mumbai,Evening,zero,Night,Delhi,Economy,2.42,13,5943
44993,SpiceJet,SG-8158,Mumbai,Evening,zero,Night,Delhi,Economy,2.42,13,5943
45086,SpiceJet,SG-276,Mumbai,Early_Morning,one,Morning,Delhi,Economy,4.75,13,5943
45087,SpiceJet,SG-4417,Mumbai,Evening,one,Morning,Delhi,Economy,14.83,13,5943
45088,SpiceJet,SG-2697,Mumbai,Night,one,Night,Delhi,Economy,25.92,13,6048
45091,SpiceJet,SG-343,Mumbai,Morning,one,Afternoon,Delhi,Economy,5.75,13,6258
45136,SpiceJet,SG-349,Mumbai,Afternoon,one,Evening,Delhi,Economy,4.75,13,10509
45201,SpiceJet,SG-8710,Mumbai,Night,zero,Night,Delhi,Economy,2.0,14,5943
45202,SpiceJet,SG-1092,Mumbai,Night,zero,Night,Delhi,Economy,2.17,14,5943
45203,SpiceJet,SG-1059,Mumbai,Early_Morning,zero,Morning,Delhi,Economy,2.25,14,5943
45204,SpiceJet,SG-8152,Mumbai,Early_Morning,zero,Morning,Delhi,Economy,2.25,14,5943
45205,SpiceJet,SG-1090,Mumbai,Morning,zero,Morning,Delhi,Economy,2.25,14,5943
45206,SpiceJet,SG-8702,Mumbai,Morning,zero,Afternoon,Delhi,Economy,2.42,14,5943
45207,SpiceJet,SG-1062,Mumbai,Evening,zero,Night,Delhi,Economy,2.42,14,5943
45208,SpiceJet,SG-8158,Mumbai,Evening,zero,Night,Delhi,Economy,2.42,14,5943
45296,SpiceJet,SG-276,Mumbai,Early_Morning,one,Morning,Delhi,Economy,4.75,14,5943
45297,SpiceJet,SG-349,Mumbai,Afternoon,one,Evening,Delhi,Economy,4.75,14,5943
45298,SpiceJet,SG-4417,Mumbai,Evening,one,Morning,Delhi,Economy,14.83,14,5943
45299,SpiceJet,SG-2697,Mumbai,Night,one,Night,Delhi,Economy,25.92,14,6048
45451,SpiceJet,SG-8710,Mumbai,Night,zero,Night,Delhi,Economy,2.0,15,2614
45452,SpiceJet,SG-1059,Mumbai,Early_Morning,zero,Morning,Delhi,Economy,2.25,15,2614
45453,SpiceJet,SG-8152,Mumbai,Early_Morning,zero,Morning,Delhi,Economy,2.25,15,2614
45454,SpiceJet,SG-1090,Mumbai,Morning,zero,Morning,Delhi,Economy,2.25,15,2614
45455,SpiceJet,SG-8702,Mumbai,Morning,zero,Afternoon,Delhi,Economy,2.25,15,2614
45456,SpiceJet,SG-1062,Mumbai,Evening,zero,Night,Delhi,Economy,2.42,15,2614
45457,SpiceJet,SG-8158,Mumbai,Evening,zero,Night,Delhi,Economy,2.42,15,2614
45472,SpiceJet,SG-349,Mumbai,Afternoon,one,Evening,Delhi,Economy,4.75,15,3512
45473,SpiceJet,SG-2697,Mumbai,Night,one,Night,Delhi,Economy,25.92,15,3512
45476,SpiceJet,SG-276,Mumbai,Early_Morning,one,Morning,Delhi,Economy,4.75,15,4046
45484,SpiceJet,SG-4417,Mumbai,Evening,one,Morning,Delhi,Economy,14.83,15,4362
45606,SpiceJet,SG-343,Mumbai,Morning,one,Afternoon,Delhi,Economy,5.75,15,10104
45668,SpiceJet,SG-8710,Mumbai,Night,zero,Night,Delhi,Economy,2.0,16,2614
45669,SpiceJet,SG-1092,Mumbai,Night,zero,Night,Delhi,Economy,2.17,16,2614
45670,SpiceJet,SG-8152,Mumbai,Early_Morning,zero,Morning,Delhi,Economy,2.25,16,2614
45671,SpiceJet,SG-8702,Mumbai,Morning,zero,Afternoon,Delhi,Economy,2.42,16,2614
45672,SpiceJet,SG-1062,Mumbai,Evening,zero,Night,Delhi,Economy,2.42,16,2614
45673,SpiceJet,SG-8158,Mumbai,Evening,zero,Night,Delhi,Economy,2.42,16,2614
45689,SpiceJet,SG-349,Mumbai,Afternoon,one,Evening,Delhi,Economy,4.75,16,3512
45690,SpiceJet,SG-2697,Mumbai,Night,one,Night,Delhi,Economy,25.92,16,3512
45716,SpiceJet,SG-4417,Mumbai,Evening,one,Morning,Delhi,Economy,14.83,16,4994
45734,SpiceJet,SG-276,Mumbai,Early_Morning,one,Morning,Delhi,Economy,4.75,16,5516
45873,SpiceJet,SG-8710,Mumbai,Night,zero,Night,Delhi,Economy,2.0,17,2614
45874,SpiceJet,SG-1092,Mumbai,Night,zero,Night,Delhi,Economy,2.17,17,2614
45875,SpiceJet,SG-1059,Mumbai,Early_Morning,zero,Morning,Delhi,Economy,2.25,17,2614
45876,SpiceJet,SG-8152,Mumbai,Early_Morning,zero,Morning,Delhi,Economy,2.25,17,2614
45877,SpiceJet,SG-1090,Mumbai,Morning,zero,Morning,Delhi,Economy,2.25,17,2614
45878,SpiceJet,SG-8702,Mumbai,Morning,zero,Afternoon,Delhi,Economy,2.42,17,2614
45879,SpiceJet,SG-1062,Mumbai,Evening,zero,Night,Delhi,Economy,2.42,17,2614
45880,SpiceJet,SG-8158,Mumbai,Evening,zero,Night,Delhi,Economy,2.42,17,2614
45891,SpiceJet,SG-4417,Mumbai,Evening,one,Morning,Delhi,Economy,14.83,17,3014
45900,SpiceJet,SG-2697,Mumbai,Night,one,Night,Delhi,Economy,25.92,17,3512
45904,SpiceJet,SG-349,Mumbai,Afternoon,one,Evening,Delhi,Economy,4.75,17,3828
45942,SpiceJet,SG-276,Mumbai,Early_Morning,one,Morning,Delhi,Economy,4.75,17,4994
46088,SpiceJet,SG-8710,Mumbai,Night,zero,Night,Delhi,Economy,2.0,18,2614
46089,SpiceJet,SG-1092,Mumbai,Night,zero,Night,Delhi,Economy,2.17,18,2614
46090,SpiceJet,SG-1059,Mumbai,Early_Morning,zero,Morning,Delhi,Economy,2.25,18,2614
46091,SpiceJet,SG-8152,Mumbai,Early_Morning,zero,Morning,Delhi,Economy,2.25,18,2614
46092,SpiceJet,SG-1090,Mumbai,Morning,zero,Morning,Delhi,Economy,2.25,18,2614
46093,SpiceJet,SG-8702,Mumbai,Morning,zero,Afternoon,Delhi,Economy,2.25,18,2614
46094,SpiceJet,SG-1062,Mumbai,Evening,zero,Night,Delhi,Economy,2.42,18,2614
46095,SpiceJet,SG-8158,Mumbai,Evening,zero,Night,Delhi,Economy,2.42,18,2614
46109,SpiceJet,SG-276,Mumbai,Early_Morning,one,Morning,Delhi,Economy,4.75,18,3014
46115,SpiceJet,SG-349,Mumbai,Afternoon,one,Evening,Delhi,Economy,4.75,18,3512
46116,SpiceJet,SG-4417,Mumbai,Evening,one,Morning,Delhi,Economy,14.83,18,3512
46117,SpiceJet,SG-2697,Mumbai,Night,one,Night,Delhi,Economy,25.92,18,3512
46123,SpiceJet,SG-343,Mumbai,Morning,one,Afternoon,Delhi,Economy,5.75,18,3793
46307,SpiceJet,SG-8710,Mumbai,Night,zero,Night,Delhi,Economy,2.0,19,2614
46308,SpiceJet,SG-8152,Mumbai,Early_Morning,zero,Morning,Delhi,Economy,2.25,19,2614
46309,SpiceJet,SG-8702,Mumbai,Morning,zero,Afternoon,Delhi,Economy,2.42,19,2614
46310,SpiceJet,SG-8158,Mumbai,Evening,zero,Night,Delhi,Economy,2.42,19,2614
46329,SpiceJet,SG-276,Mumbai,Early_Morning,one,Morning,Delhi,Economy,4.75,19,3512
46330,SpiceJet,SG-4417,Mumbai,Evening,one,Morning,Delhi,Economy,14.83,19,3512
46331,SpiceJet,SG-2697,Mumbai,Night,one,Night,Delhi,Economy,25.92,19,3512
46339,SpiceJet,SG-343,Mumbai,Morning,one,Afternoon,Delhi,Economy,5.75,19,3828
46342,SpiceJet,SG-349,Mumbai,Afternoon,one,Evening,Delhi,Economy,4.75,19,4142
46519,SpiceJet,SG-8710,Mumbai,Night,zero,Night,Delhi,Economy,2.0,20,2614
46520,SpiceJet,SG-8152,Mumbai,Early_Morning,zero,Morning,Delhi,Economy,2.25,20,2614
46521,SpiceJet,SG-8702,Mumbai,Morning,zero,Afternoon,Delhi,Economy,2.25,20,2614
46522,SpiceJet,SG-8158,Mumbai,Evening,zero,Night,Delhi,Economy,2.42,20,2614
46538,SpiceJet,SG-276,Mumbai,Early_Morning,one,Morning,Delhi,Economy,4.75,20,3512
46539,SpiceJet,SG-349,Mumbai,Afternoon,one,Evening,Delhi,Economy,4.75,20,3512
46540,SpiceJet,SG-343,Mumbai,Morning,one,Afternoon,Delhi,Economy,5.75,20,3512
46541,SpiceJet,SG-4417,Mumbai,Evening,one,Morning,Delhi,Economy,14.83,20,3512
46542,SpiceJet,SG-2697,Mumbai,Night,one,Night,Delhi,Economy,25.92,20,3512
46730,SpiceJet,SG-8710,Mumbai,Night,zero,Night,Delhi,Economy,2.0,21,2614
46731,SpiceJet,SG-8152,Mumbai,Early_Morning,zero,Morning,Delhi,Economy,2.25,21,2614
46732,SpiceJet,SG-8702,Mumbai,Morning,zero,Afternoon,Delhi,Economy,2.42,21,2614
46733,SpiceJet,SG-8158,Mumbai,Evening,zero,Night,Delhi,Economy,2.42,21,2614
46753,SpiceJet,SG-349,Mumbai,Afternoon,one,Evening,Delhi,Economy,4.75,21,3512
46754,SpiceJet,SG-343,Mumbai,Morning,one,Afternoon,Delhi,Economy,5.75,21,3512
46755,SpiceJet,SG-4417,Mumbai,Evening,one,Morning,Delhi,Economy,14.83,21,3512
46756,SpiceJet,SG-2697,Mumbai,Night,one,Night,Delhi,Economy,25.92,21,3512
46784,SpiceJet,SG-276,Mumbai,Early_Morning,one,Morning,Delhi,Economy,4.75,21,4562
46942,SpiceJet,SG-8710,Mumbai,Night,zero,Night,Delhi,Economy,2.0,22,2614
46943,SpiceJet,SG-8152,Mumbai,Early_Morning,zero,Morning,Delhi,Economy,2.25,22,2614
46944,SpiceJet,SG-8702,Mumbai,Morning,zero,Afternoon,Delhi,Economy,2.25,22,2614
46945,SpiceJet,SG-8158,Mumbai,Evening,zero,Night,Delhi,Economy,2.42,22,2614
46965,SpiceJet,SG-349,Mumbai,Afternoon,one,Evening,Delhi,Economy,4.75,22,3512
46966,SpiceJet,SG-343,Mumbai,Morning,one,Afternoon,Delhi,Economy,5.75,22,3512
46967,SpiceJet,SG-4417,Mumbai,Evening,one,Morning,Delhi,Economy,14.83,22,3512
46968,SpiceJet,SG-2697,Mumbai,Night,one,Night,Delhi,Economy,25.92,22,3512
46976,SpiceJet,SG-276,Mumbai,Early_Morning,one,Morning,Delhi,Economy,4.75,22,4142
47154,SpiceJet,SG-8710,Mumbai,Night,zero,Night,Delhi,Economy,2.0,23,2614
47155,SpiceJet,SG-8152,Mumbai,Early_Morning,zero,Morning,Delhi,Economy,2.25,23,2614
47156,SpiceJet,SG-8702,Mumbai,Morning,zero,Afternoon,Delhi,Economy,2.42,23,2614
47157,SpiceJet,SG-8158,Mumbai,Evening,zero,Night,Delhi,Economy,2.42,23,2614
47174,SpiceJet,SG-276,Mumbai,Early_Morning,one,Morning,Delhi,Economy,4.75,23,3512
47175,SpiceJet,SG-349,Mumbai,Afternoon,one,Evening,Delhi,Economy,4.75,23,3512
47176,SpiceJet,SG-343,Mumbai,Morning,one,Afternoon,Delhi,Economy,5.75,23,3512
47177,SpiceJet,SG-4417,Mumbai,Evening,one,Morning,Delhi,Economy,14.83,23,3512
47178,SpiceJet,SG-2697,Mumbai,Night,one,Night,Delhi,Economy,25.92,23,3512
47372,SpiceJet,SG-8710,Mumbai,Night,zero,Night,Delhi,Economy,2.0,24,2614
47373,SpiceJet,SG-8152,Mumbai,Early_Morning,zero,Morning,Delhi,Economy,2.25,24,2614
47374,SpiceJet,SG-8702,Mumbai,Morning,zero,Afternoon,Delhi,Economy,2.42,24,2614
47375,SpiceJet,SG-8158,Mumbai,Evening,zero,Night,Delhi,Economy,2.42,24,2614
47393,SpiceJet,SG-276,Mumbai,Early_Morning,one,Morning,Delhi,Economy,4.75,24,3512
47394,SpiceJet,SG-349,Mumbai,Afternoon,one,Evening,Delhi,Economy,4.75,24,3512
47395,SpiceJet,SG-343,Mumbai,Morning,one,Afternoon,Delhi,Economy,5.75,24,3512
47396,SpiceJet,SG-4417,Mumbai,Evening,one,Morning,Delhi,Economy,14.83,24,3512
47397,SpiceJet,SG-2697,Mumbai,Night,one,Night,Delhi,Economy,25.92,24,3512
47596,SpiceJet,SG-8710,Mumbai,Night,zero,Night,Delhi,Economy,2.0,25,2614
47597,SpiceJet,SG-8152,Mumbai,Early_Morning,zero,Morning,Delhi,Economy,2.25,25,2614
47598,SpiceJet,SG-8702,Mumbai,Morning,zero,Afternoon,Delhi,Economy,2.25,25,2614
47599,SpiceJet,SG-8158,Mumbai,Evening,zero,Night,Delhi,Economy,2.42,25,2614
47618,SpiceJet,SG-276,Mumbai,Early_Morning,one,Morning,Delhi,Economy,4.75,25,3512
47619,SpiceJet,SG-349,Mumbai,Afternoon,one,Evening,Delhi,Economy,4.75,25,3512
47620,SpiceJet,SG-343,Mumbai,Morning,one,Afternoon,Delhi,Economy,5.75,25,3512
47621,SpiceJet,SG-4417,Mumbai,Evening,one,Morning,Delhi,Economy,14.83,25,3512
47622,SpiceJet,SG-2697,Mumbai,Night,one,Night,Delhi,Economy,25.92,25,3512
47811,SpiceJet,SG-8710,Mumbai,Night,zero,Night,Delhi,Economy,2.0,26,2614
47812,SpiceJet,SG-8152,Mumbai,Early_Morning,zero,Morning,Delhi,Economy,2.25,26,2614
47813,SpiceJet,SG-8702,Mumbai,Morning,zero,Afternoon,Delhi,Economy,2.42,26,2614
47814,SpiceJet,SG-8158,Mumbai,Evening,zero,Night,Delhi,Economy,2.42,26,2614
47833,SpiceJet,SG-276,Mumbai,Early_Morning,one,Morning,Delhi,Economy,4.75,26,3512
47834,SpiceJet,SG-349,Mumbai,Afternoon,one,Evening,Delhi,Economy,4.75,26,3512
47835,SpiceJet,SG-343,Mumbai,Morning,one,Afternoon,Delhi,Economy,5.75,26,3512
47836,SpiceJet,SG-4417,Mumbai,Evening,one,Morning,Delhi,Economy,14.83,26,3512
47837,SpiceJet,SG-2697,Mumbai,Night,one,Night,Delhi,Economy,25.92,26,3512
48021,SpiceJet,SG-8710,Mumbai,Night,zero,Night,Delhi,Economy,2.0,27,2614
48022,SpiceJet,SG-8152,Mumbai,Early_Morning,zero,Morning,Delhi,Economy,2.25,27,2614
48023,SpiceJet,SG-8702,Mumbai,Morning,zero,Afternoon,Delhi,Economy,2.25,27,2614
48024,SpiceJet,SG-8158,Mumbai,Evening,zero,Night,Delhi,Economy,2.42,27,2614
48040,SpiceJet,SG-276,Mumbai,Early_Morning,one,Morning,Delhi,Economy,4.75,27,3512
48041,SpiceJet,SG-349,Mumbai,Afternoon,one,Evening,Delhi,Economy,4.75,27,3512
48042,SpiceJet,SG-343,Mumbai,Morning,one,Afternoon,Delhi,Economy,5.75,27,3512
48043,SpiceJet,SG-4417,Mumbai,Evening,one,Morning,Delhi,Economy,14.83,27,3512
48044,SpiceJet,SG-2697,Mumbai,Night,one,Night,Delhi,Economy,25.92,27,3512
48237,SpiceJet,SG-8710,Mumbai,Night,zero,Night,Delhi,Economy,2.0,28,2614
48238,SpiceJet,SG-8152,Mumbai,Early_Morning,zero,Morning,Delhi,Economy,2.25,28,2614
48239,SpiceJet,SG-8702,Mumbai,Morning,zero,Afternoon,Delhi,Economy,2.42,28,2614
48240,SpiceJet,SG-8158,Mumbai,Evening,zero,Night,Delhi,Economy,2.42,28,2614
48257,SpiceJet,SG-276,Mumbai,Early_Morning,one,Morning,Delhi,Economy,4.75,28,3512
48258,SpiceJet,SG-349,Mumbai,Afternoon,one,Evening,Delhi,Economy,4.75,28,3512
48259,SpiceJet,SG-343,Mumbai,Morning,one,Afternoon,Delhi,Economy,5.75,28,3512
48260,SpiceJet,SG-4417,Mumbai,Evening,one,Morning,Delhi,Economy,14.83,28,3512
48261,SpiceJet,SG-2697,Mumbai,Night,one,Night,Delhi,Economy,25.92,28,3512
48448,SpiceJet,SG-8710,Mumbai,Night,zero,Night,Delhi,Economy,2.0,29,2614
48449,SpiceJet,SG-8152,Mumbai,Early_Morning,zero,Morning,Delhi,Economy,2.25,29,2614
48450,SpiceJet,SG-8702,Mumbai,Morning,zero,Afternoon,Delhi,Economy,2.25,29,2614
48451,SpiceJet,SG-8158,Mumbai,Evening,zero,Night,Delhi,Economy,2.42,29,2614
48474,SpiceJet,SG-276,Mumbai,Early_Morning,one,Morning,Delhi,Economy,4.75,29,3512
48475,SpiceJet,SG-349,Mumbai,Afternoon,one,Evening,Delhi,Economy,4.75,29,3512
48476,SpiceJet,SG-343,Mumbai,Morning,one,Afternoon,Delhi,Economy,5.75,29,3512
48477,SpiceJet,SG-4417,Mumbai,Evening,one,Morning,Delhi,Economy,14.83,29,3512
48478,SpiceJet,SG-2697,Mumbai,Night,one,Night,Delhi,Economy,25.92,29,3512
48617,SpiceJet,SG-8710,Mumbai,Night,zero,Night,Delhi,Economy,2.0,30,2339
48637,SpiceJet,SG-8702,Mumbai,Morning,zero,Afternoon,Delhi,Economy,2.42,30,2339
48638,SpiceJet,SG-8158,Mumbai,Evening,zero,Night,Delhi,Economy,2.42,30,2339
48667,SpiceJet,SG-8152,Mumbai,Early_Morning,zero,Morning,Delhi,Economy,2.25,30,2614
48686,SpiceJet,SG-276,Mumbai,Early_Morning,one,Morning,Delhi,Economy,4.75,30,3342
48687,SpiceJet,SG-4417,Mumbai,Evening,one,Morning,Delhi,Economy,14.83,30,3342
48702,SpiceJet,SG-343,Mumbai,Morning,one,Afternoon,Delhi,Economy,5.75,30,3965
48712,SpiceJet,SG-349,Mumbai,Afternoon,one,Evening,Delhi,Economy,4.75,30,4737
48765,SpiceJet,SG-2697,Mumbai,Night,one,Night,Delhi,Economy,25.92,30,5833
48827,SpiceJet,SG-8710,Mumbai,Night,zero,Night,Delhi,Economy,2.0,31,2339
48842,SpiceJet,SG-8152,Mumbai,Early_Morning,zero,Morning,Delhi,Economy,2.25,31,2339
48848,SpiceJet,SG-8702,Mumbai,Morning,zero,Afternoon,Delhi,Economy,2.42,31,2339
48881,SpiceJet,SG-8158,Mumbai,Evening,zero,Night,Delhi,Economy,2.42,31,2614
48897,SpiceJet,SG-276,Mumbai,Early_Morning,one,Morning,Delhi,Economy,4.75,31,3342
48898,SpiceJet,SG-4417,Mumbai,Evening,one,Morning,Delhi,Economy,14.83,31,3342
48917,SpiceJet,SG-343,Mumbai,Morning,one,Afternoon,Delhi,Economy,5.75,31,3965
48935,SpiceJet,SG-349,Mumbai,Afternoon,one,Evening,Delhi,Economy,4.75,31,4569
48991,SpiceJet,SG-2697,Mumbai,Night,one,Night,Delhi,Economy,25.92,31,5833
49044,SpiceJet,SG-8710,Mumbai,Night,zero,Night,Delhi,Economy,2.0,32,2339
49061,SpiceJet,SG-8152,Mumbai,Early_Morning,zero,Morning,Delhi,Economy,2.25,32,2339
49063,SpiceJet,SG-8702,Mumbai,Morning,zero,Afternoon,Delhi,Economy,2.25,32,2339
49068,SpiceJet,SG-8158,Mumbai,Evening,zero,Night,Delhi,Economy,2.42,32,2339
49123,SpiceJet,SG-276,Mumbai,Early_Morning,one,Morning,Delhi,Economy,4.75,32,3342
49124,SpiceJet,SG-4417,Mumbai,Evening,one,Morning,Delhi,Economy,14.83,32,3342
49137,SpiceJet,SG-343,Mumbai,Morning,one,Afternoon,Delhi,Economy,5.75,32,3965
49155,SpiceJet,SG-349,Mumbai,Afternoon,one,Evening,Delhi,Economy,4.75,32,4569
49203,SpiceJet,SG-2697,Mumbai,Night,one,Night,Delhi,Economy,25.92,32,5833
49256,SpiceJet,SG-8710,Mumbai,Night,zero,Night,Delhi,Economy,2.0,33,2339
49273,SpiceJet,SG-8152,Mumbai,Early_Morning,zero,Morning,Delhi,Economy,2.25,33,2339
49279,SpiceJet,SG-8702,Mumbai,Morning,zero,Afternoon,Delhi,Economy,2.42,33,2339
49312,SpiceJet,SG-8158,Mumbai,Evening,zero,Night,Delhi,Economy,2.42,33,2614
49330,SpiceJet,SG-276,Mumbai,Early_Morning,one,Morning,Delhi,Economy,4.75,33,3342
49331,SpiceJet,SG-4417,Mumbai,Evening,one,Morning,Delhi,Economy,14.83,33,3342
49346,SpiceJet,SG-343,Mumbai,Morning,one,Afternoon,Delhi,Economy,5.75,33,3965
49366,SpiceJet,SG-349,Mumbai,Afternoon,one,Evening,Delhi,Economy,4.75,33,4569
49415,SpiceJet,SG-2697,Mumbai,Night,one,Night,Delhi,Economy,25.92,33,5833
49481,SpiceJet,SG-8702,Mumbai,Morning,zero,Afternoon,Delhi,Economy,2.25,34,2339
49511,SpiceJet,SG-8710,Mumbai,Night,zero,Night,Delhi,Economy,2.0,34,2614
49512,SpiceJet,SG-8152,Mumbai,Early_Morning,zero,Morning,Delhi,Economy,2.25,34,2614
49513,SpiceJet,SG-8158,Mumbai,Evening,zero,Night,Delhi,Economy,2.42,34,2614
49531,SpiceJet,SG-276,Mumbai,Early_Morning,one,Morning,Delhi,Economy,4.75,34,3342
49532,SpiceJet,SG-4417,Mumbai,Evening,one,Morning,Delhi,Economy,14.83,34,3342
49546,SpiceJet,SG-343,Mumbai,Morning,one,Afternoon,Delhi,Economy,5.75,34,3965
49573,SpiceJet,SG-349,Mumbai,Afternoon,one,Evening,Delhi,Economy,4.75,34,4569
49613,SpiceJet,SG-2697,Mumbai,Night,one,Night,Delhi,Economy,25.92,34,5833
49692,SpiceJet,SG-8702,Mumbai,Morning,zero,Afternoon,Delhi,Economy,2.42,35,2339
49710,SpiceJet,SG-8710,Mumbai,Night,zero,Night,Delhi,Economy,2.0,35,2614
49711,SpiceJet,SG-8152,Mumbai,Early_Morning,zero,Morning,Delhi,Economy,2.25,35,2614
49712,SpiceJet,SG-8158,Mumbai,Evening,zero,Night,Delhi,Economy,2.42,35,2614
49733,SpiceJet,SG-4417,Mumbai,Evening,one,Morning,Delhi,Economy,14.83,35,3509
49734,SpiceJet,SG-276,Mumbai,Early_Morning,one,Morning,Delhi,Economy,4.75,35,3753
49750,SpiceJet,SG-343,Mumbai,Morning,one,Afternoon,Delhi,Economy,5.75,35,3965
49776,SpiceJet,SG-349,Mumbai,Afternoon,one,Evening,Delhi,Economy,4.75,35,4569
49822,SpiceJet,SG-2697,Mumbai,Night,one,Night,Delhi,Economy,25.92,35,5833
49902,SpiceJet,SG-8702,Mumbai,Morning,zero,Afternoon,Delhi,Economy,2.25,36,2339
49926,SpiceJet,SG-8710,Mumbai,Night,zero,Night,Delhi,Economy,2.0,36,2614
49927,SpiceJet,SG-8152,Mumbai,Early_Morning,zero,Morning,Delhi,Economy,2.25,36,2614
49928,SpiceJet,SG-8158,Mumbai,Evening,zero,Night,Delhi,Economy,2.42,36,2614
49946,SpiceJet,SG-276,Mumbai,Early_Morning,one,Morning,Delhi,Economy,4.75,36,3342
49947,SpiceJet,SG-4417,Mumbai,Evening,one,Morning,Delhi,Economy,14.83,36,3342
49964,SpiceJet,SG-343,Mumbai,Morning,one,Afternoon,Delhi,Economy,5.75,36,3965
49986,SpiceJet,SG-349,Mumbai,Afternoon,one,Evening,Delhi,Economy,4.75,36,4569
50043,SpiceJet,SG-2697,Mumbai,Night,one,Night,Delhi,Economy,25.92,36,5833
50101,SpiceJet,SG-8710,Mumbai,Night,zero,Night,Delhi,Economy,2.0,37,2339
50115,SpiceJet,SG-8152,Mumbai,Early_Morning,zero,Morning,Delhi,Economy,2.25,37,2339
50144,SpiceJet,SG-8702,Mumbai,Morning,zero,Afternoon,Delhi,Economy,2.42,37,2614
50145,SpiceJet,SG-8158,Mumbai,Evening,zero,Night,Delhi,Economy,2.42,37,2614
50164,SpiceJet,SG-276,Mumbai,Early_Morning,one,Morning,Delhi,Economy,4.75,37,3342
50165,SpiceJet,SG-4417,Mumbai,Evening,one,Morning,Delhi,Economy,14.83,37,3342
50183,SpiceJet,SG-343,Mumbai,Morning,one,Afternoon,Delhi,Economy,5.75,37,3965
50200,SpiceJet,SG-349,Mumbai,Afternoon,one,Evening,Delhi,Economy,4.75,37,4569
50253,SpiceJet,SG-2697,Mumbai,Night,one,Night,Delhi,Economy,25.92,37,5833
50330,SpiceJet,SG-8702,Mumbai,Morning,zero,Afternoon,Delhi,Economy,2.42,38,2339
50348,SpiceJet,SG-8710,Mumbai,Night,zero,Night,Delhi,Economy,2.0,38,2614
50349,SpiceJet,SG-8152,Mumbai,Early_Morning,zero,Morning,Delhi,Economy,2.25,38,2614
50350,SpiceJet,SG-8158,Mumbai,Evening,zero,Night,Delhi,Economy,2.42,38,2614
50368,SpiceJet,SG-276,Mumbai,Early_Morning,one,Morning,Delhi,Economy,4.75,38,3342
50369,SpiceJet,SG-4417,Mumbai,Evening,one,Morning,Delhi,Economy,14.83,38,3342
50393,SpiceJet,SG-343,Mumbai,Morning,one,Afternoon,Delhi,Economy,5.75,38,4127
50423,SpiceJet,SG-349,Mumbai,Afternoon,one,Evening,Delhi,Economy,4.75,38,4999
50465,SpiceJet,SG-2697,Mumbai,Night,one,Night,Delhi,Economy,25.92,38,5833
50531,SpiceJet,SG-8710,Mumbai,Night,zero,Night,Delhi,Economy,2.0,39,2339
50547,SpiceJet,SG-8152,Mumbai,Early_Morning,zero,Morning,Delhi,Economy,2.25,39,2339
50549,SpiceJet,SG-8702,Mumbai,Morning,zero,Afternoon,Delhi,Economy,2.25,39,2339
50554,SpiceJet,SG-8158,Mumbai,Evening,zero,Night,Delhi,Economy,2.42,39,2339
50603,SpiceJet,SG-276,Mumbai,Early_Morning,one,Morning,Delhi,Economy,4.75,39,3342
50604,SpiceJet,SG-4417,Mumbai,Evening,one,Morning,Delhi,Economy,14.83,39,3342
50622,SpiceJet,SG-343,Mumbai,Morning,one,Afternoon,Delhi,Economy,5.75,39,3965
50638,SpiceJet,SG-349,Mumbai,Afternoon,one,Evening,Delhi,Economy,4.75,39,4569
50692,SpiceJet,SG-2697,Mumbai,Night,one,Night,Delhi,Economy,25.92,39,5833
50744,SpiceJet,SG-8710,Mumbai,Night,zero,Night,Delhi,Economy,2.0,40,2339
50766,SpiceJet,SG-8702,Mumbai,Morning,zero,Afternoon,Delhi,Economy,2.42,40,2339
50767,SpiceJet,SG-8158,Mumbai,Evening,zero,Night,Delhi,Economy,2.42,40,2339
50801,SpiceJet,SG-8152,Mumbai,Early_Morning,zero,Morning,Delhi,Economy,2.25,40,2614
50818,SpiceJet,SG-276,Mumbai,Early_Morning,one,Morning,Delhi,Economy,4.75,40,3342
50819,SpiceJet,SG-4417,Mumbai,Evening,one,Morning,Delhi,Economy,14.83,40,3342
50843,SpiceJet,SG-343,Mumbai,Morning,one,Afternoon,Delhi,Economy,5.75,40,3965
50863,SpiceJet,SG-349,Mumbai,Afternoon,one,Evening,Delhi,Economy,4.75,40,4831
50912,SpiceJet,SG-2697,Mumbai,Night,one,Night,Delhi,Economy,25.92,40,5833
50955,SpiceJet,SG-8710,Mumbai,Night,zero,Night,Delhi,Economy,2.0,41,2339
50970,SpiceJet,SG-8702,Mumbai,Morning,zero,Afternoon,Delhi,Economy,2.25,41,2339
50975,SpiceJet,SG-8158,Mumbai,Evening,zero,Night,Delhi,Economy,2.42,41,2339
51011,SpiceJet,SG-8152,Mumbai,Early_Morning,zero,Morning,Delhi,Economy,2.25,41,2614
51029,SpiceJet,SG-276,Mumbai,Early_Morning,one,Morning,Delhi,Economy,4.75,41,3342
51030,SpiceJet,SG-4417,Mumbai,Evening,one,Morning,Delhi,Economy,14.83,41,3342
51051,SpiceJet,SG-343,Mumbai,Morning,one,Afternoon,Delhi,Economy,5.75,41,3965
51069,SpiceJet,SG-349,Mumbai,Afternoon,one,Evening,Delhi,Economy,4.75,41,4569
51116,SpiceJet,SG-2697,Mumbai,Night,one,Night,Delhi,Economy,25.92,41,5833
51165,SpiceJet,SG-8710,Mumbai,Night,zero,Night,Delhi,Economy,2.0,42,2339
51179,SpiceJet,SG-8152,Mumbai,Early_Morning,zero,Morning,Delhi,Economy,2.25,42,2339
51185,SpiceJet,SG-8702,Mumbai,Morning,zero,Afternoon,Delhi,Economy,2.42,42,2339
51186,SpiceJet,SG-8158,Mumbai,Evening,zero,Night,Delhi,Economy,2.42,42,2339
51238,SpiceJet,SG-276,Mumbai,Early_Morning,one,Morning,Delhi,Economy,4.75,42,3342
51239,SpiceJet,SG-4417,Mumbai,Evening,one,Morning,Delhi,Economy,14.83,42,3342
51261,SpiceJet,SG-343,Mumbai,Morning,one,Afternoon,Delhi,Economy,5.75,42,3965
51279,SpiceJet,SG-349,Mumbai,Afternoon,one,Evening,Delhi,Economy,4.75,42,4569
51327,SpiceJet,SG-2697,Mumbai,Night,one,Night,Delhi,Economy,25.92,42,5833
51375,SpiceJet,SG-8710,Mumbai,Night,zero,Night,Delhi,Economy,2.0,43,2339
51391,SpiceJet,SG-8152,Mumbai,Early_Morning,zero,Morning,Delhi,Economy,2.25,43,2339
51393,SpiceJet,SG-8702,Mumbai,Morning,zero,Afternoon,Delhi,Economy,2.25,43,2339
51398,SpiceJet,SG-8158,Mumbai,Evening,zero,Night,Delhi,Economy,2.42,43,2339
51449,SpiceJet,SG-4417,Mumbai,Evening,one,Morning,Delhi,Economy,14.83,43,3342
51450,SpiceJet,SG-276,Mumbai,Early_Morning,one,Morning,Delhi,Economy,4.75,43,3509
51462,SpiceJet,SG-343,Mumbai,Morning,one,Afternoon,Delhi,Economy,5.75,43,3965
51480,SpiceJet,SG-349,Mumbai,Afternoon,one,Evening,Delhi,Economy,4.75,43,4569
51535,SpiceJet,SG-2697,Mumbai,Night,one,Night,Delhi,Economy,25.92,43,5833
51590,SpiceJet,SG-8710,Mumbai,Night,zero,Night,Delhi,Economy,2.0,44,2339
51605,SpiceJet,SG-8152,Mumbai,Early_Morning,zero,Morning,Delhi,Economy,2.25,44,2339
51611,SpiceJet,SG-8702,Mumbai,Morning,zero,Afternoon,Delhi,Economy,2.42,44,2339
51612,SpiceJet,SG-8158,Mumbai,Evening,zero,Night,Delhi,Economy,2.42,44,2339
51660,SpiceJet,SG-276,Mumbai,Early_Morning,one,Morning,Delhi,Economy,4.75,44,3342
51681,SpiceJet,SG-343,Mumbai,Morning,one,Afternoon,Delhi,Economy,5.75,44,3965
51700,SpiceJet,SG-349,Mumbai,Afternoon,one,Evening,Delhi,Economy,4.75,44,4737
51801,SpiceJet,SG-8179,Mumbai,Night,zero,Night,Delhi,Economy,2.08,45,2339
51809,SpiceJet,SG-8152,Mumbai,Early_Morning,zero,Morning,Delhi,Economy,2.25,45,2339
51812,SpiceJet,SG-8702,Mumbai,Morning,zero,Afternoon,Delhi,Economy,2.25,45,2339
51858,SpiceJet,SG-8158,Mumbai,Evening,zero,Night,Delhi,Economy,2.0,45,2614
51934,SpiceJet,SG-223,Mumbai,Evening,one,Morning,Delhi,Economy,19.25,45,5162
52012,SpiceJet,SG-8179,Mumbai,Night,zero,Night,Delhi,Economy,2.08,46,2339
52018,SpiceJet,SG-8152,Mumbai,Early_Morning,zero,Morning,Delhi,Economy,2.25,46,2339
52020,SpiceJet,SG-8702,Mumbai,Morning,zero,Afternoon,Delhi,Economy,2.25,46,2339
52067,SpiceJet,SG-8158,Mumbai,Evening,zero,Night,Delhi,Economy,2.0,46,2614
52149,SpiceJet,SG-223,Mumbai,Evening,one,Morning,Delhi,Economy,19.25,46,5162
52218,SpiceJet,SG-8158,Mumbai,Evening,zero,Night,Delhi,Economy,2.0,47,2339
52223,SpiceJet,SG-8179,Mumbai,Night,zero,Night,Delhi,Economy,2.08,47,2339
52230,SpiceJet,SG-8152,Mumbai,Early_Morning,zero,Morning,Delhi,Economy,2.25,47,2339
52232,SpiceJet,SG-8702,Mumbai,Morning,zero,Afternoon,Delhi,Economy,2.25,47,2339
52354,SpiceJet,SG-223,Mumbai,Evening,one,Morning,Delhi,Economy,19.25,47,5162
52426,SpiceJet,SG-8158,Mumbai,Evening,zero,Night,Delhi,Economy,2.0,48,2339
52431,SpiceJet,SG-8179,Mumbai,Night,zero,Night,Delhi,Economy,2.08,48,2339
52438,SpiceJet,SG-8152,Mumbai,Early_Morning,zero,Morning,Delhi,Economy,2.25,48,2339
52440,SpiceJet,SG-8702,Mumbai,Morning,zero,Afternoon,Delhi,Economy,2.25,48,2339
52563,SpiceJet,SG-223,Mumbai,Evening,one,Morning,Delhi,Economy,19.25,48,5162
52637,SpiceJet,SG-8179,Mumbai,Night,zero,Night,Delhi,Economy,2.08,49,2339
52642,SpiceJet,SG-8152,Mumbai,Early_Morning,zero,Morning,Delhi,Economy,2.25,49,2339
52644,SpiceJet,SG-8702,Mumbai,Morning,zero,Afternoon,Delhi,Economy,2.25,49,2339
52691,SpiceJet,SG-8158,Mumbai,Evening,zero,Night,Delhi,Economy,2.0,49,2614
52763,SpiceJet,SG-223,Mumbai,Evening,one,Morning,Delhi,Economy,19.25,49,5162
52945,SpiceJet,SG-455,Mumbai,Afternoon,one,Morning,Bangalore,Economy,17.5,2,10511
52985,SpiceJet,SG-488,Mumbai,Morning,one,Morning,Bangalore,Economy,21.42,2,13241
53145,SpiceJet,SG-475,Mumbai,Night,one,Morning,Bangalore,Economy,9.25,3,15709
53149,SpiceJet,SG-455,Mumbai,Afternoon,one,Morning,Bangalore,Economy,17.5,3,15919
53157,SpiceJet,SG-488,Mumbai,Morning,one,Morning,Bangalore,Economy,21.42,3,17179
53213,SpiceJet,SG-475,Mumbai,Night,one,Morning,Bangalore,Economy,9.25,4,5208
53214,SpiceJet,SG-455,Mumbai,Afternoon,one,Morning,Bangalore,Economy,17.5,4,5208
53227,SpiceJet,SG-488,Mumbai,Morning,one,Morning,Bangalore,Economy,21.42,4,8517
53343,SpiceJet,SG-475,Mumbai,Night,one,Morning,Bangalore,Economy,9.25,5,5102
53383,SpiceJet,SG-455,Mumbai,Afternoon,one,Morning,Bangalore,Economy,17.5,5,9199
53407,SpiceJet,SG-488,Mumbai,Morning,one,Morning,Bangalore,Economy,21.42,5,9513
53493,SpiceJet,SG-475,Mumbai,Night,one,Morning,Bangalore,Economy,9.25,6,5102
53590,SpiceJet,SG-455,Mumbai,Afternoon,one,Morning,Bangalore,Economy,17.5,6,11089
53603,SpiceJet,SG-488,Mumbai,Morning,one,Morning,Bangalore,Economy,21.42,6,11613
53678,SpiceJet,SG-475,Mumbai,Night,one,Morning,Bangalore,Economy,9.25,7,5418
53773,SpiceJet,SG-455,Mumbai,Afternoon,one,Morning,Bangalore,Economy,17.5,7,13609
53787,SpiceJet,SG-488,Mumbai,Morning,one,Morning,Bangalore,Economy,21.42,7,15709
53974,SpiceJet,SG-475,Mumbai,Night,one,Morning,Bangalore,Economy,9.25,9,5102
54044,SpiceJet,SG-455,Mumbai,Afternoon,one,Morning,Bangalore,Economy,17.5,9,10143
54091,SpiceJet,SG-488,Mumbai,Morning,one,Morning,Bangalore,Economy,21.42,9,14553
54146,SpiceJet,SG-475,Mumbai,Night,one,Morning,Bangalore,Economy,9.25,10,5208
54183,SpiceJet,SG-455,Mumbai,Afternoon,one,Morning,Bangalore,Economy,17.5,10,8673
54213,SpiceJet,SG-488,Mumbai,Morning,one,Morning,Bangalore,Economy,21.42,10,10669
54326,SpiceJet,SG-475,Mumbai,Night,one,Morning,Bangalore,Economy,9.25,11,5102
54384,SpiceJet,SG-455,Mumbai,Afternoon,one,Morning,Bangalore,Economy,17.5,11,9199
54410,SpiceJet,SG-488,Mumbai,Morning,one,Morning,Bangalore,Economy,21.42,11,10143
54515,SpiceJet,SG-475,Mumbai,Night,one,Morning,Bangalore,Economy,9.25,12,5102
54592,SpiceJet,SG-455,Mumbai,Afternoon,one,Morning,Bangalore,Economy,17.5,12,9513
54593,SpiceJet,SG-488,Mumbai,Morning,one,Morning,Bangalore,Economy,21.42,12,9513
54705,SpiceJet,SG-475,Mumbai,Night,one,Morning,Bangalore,Economy,9.25,13,5102
54782,SpiceJet,SG-9923,Mumbai,Afternoon,one,Morning,Bangalore,Economy,17.0,13,9829
54783,SpiceJet,SG-455,Mumbai,Afternoon,one,Morning,Bangalore,Economy,17.5,13,10143
54821,SpiceJet,SG-488,Mumbai,Morning,one,Morning,Bangalore,Economy,21.42,13,11613
54904,SpiceJet,SG-475,Mumbai,Night,one,Morning,Bangalore,Economy,9.25,14,5418
54944,SpiceJet,SG-455,Mumbai,Afternoon,one,Morning,Bangalore,Economy,17.5,14,9092
54975,SpiceJet,SG-488,Mumbai,Morning,one,Morning,Bangalore,Economy,21.42,14,10772
55253,SpiceJet,SG-475,Mumbai,Night,one,Morning,Bangalore,Economy,9.25,16,3408
55367,SpiceJet,SG-455,Mumbai,Afternoon,one,Morning,Bangalore,Economy,17.5,16,6978
55390,SpiceJet,SG-488,Mumbai,Morning,one,Morning,Bangalore,Economy,21.42,16,9627
55571,SpiceJet,SG-475,Mumbai,Night,one,Morning,Bangalore,Economy,9.25,17,8122
55581,SpiceJet,SG-455,Mumbai,Afternoon,one,Morning,Bangalore,Economy,17.5,17,9280
55589,SpiceJet,SG-488,Mumbai,Morning,one,Morning,Bangalore,Economy,21.42,17,10960
55637,SpiceJet,SG-475,Mumbai,Night,one,Morning,Bangalore,Economy,9.25,18,3408
55638,SpiceJet,SG-455,Mumbai,Afternoon,one,Morning,Bangalore,Economy,17.5,18,3408
55663,SpiceJet,SG-488,Mumbai,Morning,one,Morning,Bangalore,Economy,21.42,18,4458
55825,SpiceJet,SG-475,Mumbai,Night,one,Morning,Bangalore,Economy,9.25,19,3408
55830,SpiceJet,SG-455,Mumbai,Afternoon,one,Morning,Bangalore,Economy,17.5,19,3670
55892,SpiceJet,SG-488,Mumbai,Morning,one,Morning,Bangalore,Economy,21.42,19,5289
56019,SpiceJet,SG-475,Mumbai,Night,one,Morning,Bangalore,Economy,9.25,20,3408
56054,SpiceJet,SG-455,Mumbai,Afternoon,one,Morning,Bangalore,Economy,17.5,20,5289
56150,SpiceJet,SG-488,Mumbai,Morning,one,Morning,Bangalore,Economy,21.42,20,6969
56207,SpiceJet,SG-475,Mumbai,Night,one,Morning,Bangalore,Economy,9.25,21,3408
56273,SpiceJet,SG-455,Mumbai,Afternoon,one,Morning,Bangalore,Economy,17.5,21,5603
56345,SpiceJet,SG-488,Mumbai,Morning,one,Morning,Bangalore,Economy,21.42,21,6969
56588,SpiceJet,SG-475,Mumbai,Night,one,Morning,Bangalore,Economy,9.25,23,3408
56596,SpiceJet,SG-455,Mumbai,Afternoon,one,Morning,Bangalore,Economy,17.5,23,4038
56698,SpiceJet,SG-488,Mumbai,Morning,one,Morning,Bangalore,Economy,21.42,23,6443
56778,SpiceJet,SG-475,Mumbai,Night,one,Morning,Bangalore,Economy,9.25,24,3408
56782,SpiceJet,SG-455,Mumbai,Afternoon,one,Morning,Bangalore,Economy,17.5,24,3670
56787,SpiceJet,SG-488,Mumbai,Morning,one,Morning,Bangalore,Economy,21.42,24,4038
56973,SpiceJet,SG-475,Mumbai,Night,one,Morning,Bangalore,Economy,9.25,25,3408
56977,SpiceJet,SG-455,Mumbai,Afternoon,one,Morning,Bangalore,Economy,17.5,25,3670
56982,SpiceJet,SG-488,Mumbai,Morning,one,Morning,Bangalore,Economy,21.42,25,4038
57158,SpiceJet,SG-475,Mumbai,Night,one,Morning,Bangalore,Economy,9.25,26,3408
57159,SpiceJet,SG-455,Mumbai,Afternoon,one,Morning,Bangalore,Economy,17.5,26,3408
57164,SpiceJet,SG-488,Mumbai,Morning,one,Morning,Bangalore,Economy,21.42,26,3670
57347,SpiceJet,SG-475,Mumbai,Night,one,Morning,Bangalore,Economy,9.25,27,3408
57348,SpiceJet,SG-455,Mumbai,Afternoon,one,Morning,Bangalore,Economy,17.5,27,3408
57355,SpiceJet,SG-488,Mumbai,Morning,one,Morning,Bangalore,Economy,21.42,27,4038
57536,SpiceJet,SG-475,Mumbai,Night,one,Morning,Bangalore,Economy,9.25,28,3408
57537,SpiceJet,SG-455,Mumbai,Afternoon,one,Morning,Bangalore,Economy,17.5,28,3408
57607,SpiceJet,SG-488,Mumbai,Morning,one,Morning,Bangalore,Economy,21.42,28,6023
57939,SpiceJet,SG-475,Mumbai,Night,one,Morning,Bangalore,Economy,9.25,30,3944
57943,SpiceJet,SG-455,Mumbai,Afternoon,one,Morning,Bangalore,Economy,17.5,30,4097
57961,SpiceJet,SG-488,Mumbai,Morning,one,Morning,Bangalore,Economy,21.42,30,5463
58117,SpiceJet,SG-475,Mumbai,Night,one,Morning,Bangalore,Economy,9.25,31,3944
58118,SpiceJet,SG-455,Mumbai,Afternoon,one,Morning,Bangalore,Economy,17.5,31,3944
58134,SpiceJet,SG-488,Mumbai,Morning,one,Morning,Bangalore,Economy,21.42,31,4517
58313,SpiceJet,SG-475,Mumbai,Night,one,Morning,Bangalore,Economy,9.25,32,3944
58314,SpiceJet,SG-455,Mumbai,Afternoon,one,Morning,Bangalore,Economy,17.5,32,3944
58319,SpiceJet,SG-488,Mumbai,Morning,one,Morning,Bangalore,Economy,21.42,32,4097
58496,SpiceJet,SG-475,Mumbai,Night,one,Morning,Bangalore,Economy,9.25,33,3944
58497,SpiceJet,SG-455,Mumbai,Afternoon,one,Morning,Bangalore,Economy,17.5,33,3944
58503,SpiceJet,SG-488,Mumbai,Morning,one,Morning,Bangalore,Economy,21.42,33,4307
58673,SpiceJet,SG-475,Mumbai,Night,one,Morning,Bangalore,Economy,9.25,34,3944
58693,SpiceJet,SG-455,Mumbai,Afternoon,one,Morning,Bangalore,Economy,17.5,34,5043
58696,SpiceJet,SG-488,Mumbai,Morning,one,Morning,Bangalore,Economy,21.42,34,5883
58862,SpiceJet,SG-475,Mumbai,Night,one,Morning,Bangalore,Economy,9.25,35,4727
58930,SpiceJet,SG-455,Mumbai,Afternoon,one,Morning,Bangalore,Economy,17.5,35,6407
58962,SpiceJet,SG-488,Mumbai,Morning,one,Morning,Bangalore,Economy,21.42,35,7563
59204,SpiceJet,SG-475,Mumbai,Night,one,Morning,Bangalore,Economy,9.25,37,3944
59225,SpiceJet,SG-455,Mumbai,Afternoon,one,Morning,Bangalore,Economy,17.5,37,4097
59236,SpiceJet,SG-488,Mumbai,Morning,one,Morning,Bangalore,Economy,21.42,37,4517
59386,SpiceJet,SG-475,Mumbai,Night,one,Morning,Bangalore,Economy,9.25,38,3944
59387,SpiceJet,SG-455,Mumbai,Afternoon,one,Morning,Bangalore,Economy,17.5,38,3944
59405,SpiceJet,SG-488,Mumbai,Morning,one,Morning,Bangalore,Economy,21.42,38,4097
59599,SpiceJet,SG-475,Mumbai,Night,one,Morning,Bangalore,Economy,9.25,39,3944
59600,SpiceJet,SG-455,Mumbai,Afternoon,one,Morning,Bangalore,Economy,17.5,39,3944
59604,SpiceJet,SG-488,Mumbai,Morning,one,Morning,Bangalore,Economy,21.42,39,4097
59782,SpiceJet,SG-475,Mumbai,Night,one,Morning,Bangalore,Economy,9.25,40,3944
59783,SpiceJet,SG-455,Mumbai,Afternoon,one,Morning,Bangalore,Economy,17.5,40,3944
59787,SpiceJet,SG-488,Mumbai,Morning,one,Morning,Bangalore,Economy,21.42,40,4097
59962,SpiceJet,SG-475,Mumbai,Night,one,Morning,Bangalore,Economy,9.25,41,3944
59963,SpiceJet,SG-455,Mumbai,Afternoon,one,Morning,Bangalore,Economy,17.5,41,3944
59980,SpiceJet,SG-488,Mumbai,Morning,one,Morning,Bangalore,Economy,21.42,41,4727
60142,SpiceJet,SG-475,Mumbai,Night,one,Morning,Bangalore,Economy,9.25,42,3944
60143,SpiceJet,SG-455,Mumbai,Afternoon,one,Morning,Bangalore,Economy,17.5,42,3944
60169,SpiceJet,SG-488,Mumbai,Morning,one,Morning,Bangalore,Economy,21.42,42,5883
60511,SpiceJet,SG-475,Mumbai,Night,one,Morning,Bangalore,Economy,9.75,44,3944
60512,SpiceJet,SG-455,Mumbai,Afternoon,one,Morning,Bangalore,Economy,18.0,44,3944
60513,SpiceJet,SG-475,Mumbai,Night,one,Night,Bangalore,Economy,22.67,44,3944
60518,SpiceJet,SG-488,Mumbai,Morning,one,Morning,Bangalore,Economy,21.92,44,4307
60667,SpiceJet,SG-415,Mumbai,Night,zero,Night,Bangalore,Economy,1.75,45,2126
60668,SpiceJet,SG-634,Mumbai,Night,zero,Night,Bangalore,Economy,2.08,45,2126
60705,SpiceJet,SG-455,Mumbai,Afternoon,one,Night,Bangalore,Economy,6.83,45,4097
60706,SpiceJet,SG-488,Mumbai,Morning,one,Night,Bangalore,Economy,10.92,45,4097
60707,SpiceJet,SG-455,Mumbai,Afternoon,one,Morning,Bangalore,Economy,17.92,45,4097
60708,SpiceJet,SG-488,Mumbai,Morning,one,Morning,Bangalore,Economy,22.0,45,4097
60850,SpiceJet,SG-415,Mumbai,Night,zero,Night,Bangalore,Economy,1.75,46,2126
60851,SpiceJet,SG-634,Mumbai,Night,zero,Night,Bangalore,Economy,2.08,46,2126
60889,SpiceJet,SG-455,Mumbai,Afternoon,one,Night,Bangalore,Economy,6.83,46,4097
60890,SpiceJet,SG-488,Mumbai,Morning,one,Night,Bangalore,Economy,10.92,46,4097
60891,SpiceJet,SG-455,Mumbai,Afternoon,one,Morning,Bangalore,Economy,17.83,46,4097
60892,SpiceJet,SG-488,Mumbai,Morning,one,Morning,Bangalore,Economy,21.92,46,4097
61028,SpiceJet,SG-415,Mumbai,Night,zero,Night,Bangalore,Economy,1.75,47,2126
61029,SpiceJet,SG-634,Mumbai,Night,zero,Night,Bangalore,Economy,2.08,47,2126
61069,SpiceJet,SG-455,Mumbai,Afternoon,one,Night,Bangalore,Economy,6.83,47,4097
61070,SpiceJet,SG-488,Mumbai,Morning,one,Night,Bangalore,Economy,10.92,47,4097
61071,SpiceJet,SG-455,Mumbai,Afternoon,one,Morning,Bangalore,Economy,17.92,47,4097
61072,SpiceJet,SG-488,Mumbai,Morning,one,Morning,Bangalore,Economy,22.0,47,4097
61207,SpiceJet,SG-415,Mumbai,Night,zero,Night,Bangalore,Economy,1.75,48,2126
61208,SpiceJet,SG-634,Mumbai,Night,zero,Night,Bangalore,Economy,2.08,48,2126
61252,SpiceJet,SG-455,Mumbai,Afternoon,one,Night,Bangalore,Economy,6.83,48,4097
61253,SpiceJet,SG-488,Mumbai,Morning,one,Night,Bangalore,Economy,10.92,48,4097
61254,SpiceJet,SG-455,Mumbai,Afternoon,one,Morning,Bangalore,Economy,17.92,48,4097
61255,SpiceJet,SG-488,Mumbai,Morning,one,Morning,Bangalore,Economy,22.0,48,4097
61386,SpiceJet,SG-415,Mumbai,Night,zero,Night,Bangalore,Economy,1.75,49,2126
61387,SpiceJet,SG-634,Mumbai,Night,zero,Night,Bangalore,Economy,2.08,49,2126
61426,SpiceJet,SG-455,Mumbai,Afternoon,one,Night,Bangalore,Economy,6.83,49,4097
61427,SpiceJet,SG-488,Mumbai,Morning,one,Night,Bangalore,Economy,10.92,49,4097
61428,SpiceJet,SG-455,Mumbai,Afternoon,one,Morning,Bangalore,Economy,17.92,49,4097
61429,SpiceJet,SG-488,Mumbai,Morning,one,Morning,Bangalore,Economy,22.0,49,4097
61537,SpiceJet,SG-3440,Mumbai,Afternoon,one,Evening,Kolkata,Economy,27.92,1,7728
61542,SpiceJet,SG-467,Mumbai,Evening,zero,Night,Kolkata,Economy,2.75,1,8778
61558,SpiceJet,SG-8710,Mumbai,Night,one,Morning,Kolkata,Economy,11.33,1,12007
61560,SpiceJet,SG-8158,Mumbai,Evening,one,Morning,Kolkata,Economy,13.67,1,12217
61596,SpiceJet,SG-4417,Mumbai,Evening,one,Evening,Kolkata,Economy,24.08,1,17571
61609,SpiceJet,SG-241,Mumbai,Early_Morning,zero,Morning,Kolkata,Economy,2.67,1,20328
61624,SpiceJet,SG-241,Mumbai,Early_Morning,zero,Morning,Kolkata,Economy,2.67,2,7412
61636,SpiceJet,SG-8710,Mumbai,Night,one,Night,Kolkata,Economy,25.25,2,7412
61637,SpiceJet,SG-8158,Mumbai,Evening,one,Night,Kolkata,Economy,27.58,2,7412
61638,SpiceJet,SG-401,Mumbai,Early_Morning,zero,Morning,Kolkata,Economy,2.83,2,7518
61639,SpiceJet,SG-163,Mumbai,Afternoon,one,Afternoon,Kolkata,Economy,25.33,2,7518
61640,SpiceJet,SG-251,Mumbai,Evening,one,Night,Kolkata,Economy,25.67,2,7728
61641,SpiceJet,SG-3440,Mumbai,Afternoon,one,Evening,Kolkata,Economy,27.92,2,7728
61680,SpiceJet,SG-467,Mumbai,Evening,zero,Night,Kolkata,Economy,2.75,2,12452
61681,SpiceJet,SG-8710,Mumbai,Night,one,Morning,Kolkata,Economy,11.33,2,12848
61682,SpiceJet,SG-8158,Mumbai,Evening,one,Morning,Kolkata,Economy,13.67,2,12848
61684,SpiceJet,SG-8152,Mumbai,Early_Morning,one,Morning,Kolkata,Economy,25.75,2,13161
61687,SpiceJet,SG-8702,Mumbai,Morning,one,Morning,Kolkata,Economy,22.83,2,13371
61688,SpiceJet,SG-455,Mumbai,Afternoon,one,Night,Kolkata,Economy,5.92,2,13713
61693,SpiceJet,SG-8152,Mumbai,Early_Morning,one,Night,Kolkata,Economy,15.67,2,14001
61699,SpiceJet,SG-8702,Mumbai,Morning,one,Night,Kolkata,Economy,12.75,2,14211
61700,SpiceJet,SG-923,Mumbai,Afternoon,one,Night,Kolkata,Economy,6.58,2,14449
61712,SpiceJet,SG-488,Mumbai,Morning,one,Night,Kolkata,Economy,9.83,2,16023
61719,SpiceJet,SG-611,Mumbai,Early_Morning,one,Night,Kolkata,Economy,15.17,2,18963
61735,SpiceJet,SG-4417,Mumbai,Evening,one,Evening,Kolkata,Economy,24.08,2,23241
61736,SpiceJet,SG-276,Mumbai,Early_Morning,one,Evening,Kolkata,Economy,14.0,2,26181
61746,SpiceJet,SG-923,Mumbai,Afternoon,one,Night,Kolkata,Economy,6.58,3,7412
61748,SpiceJet,SG-8702,Mumbai,Morning,one,Night,Kolkata,Economy,12.75,3,7412
61749,SpiceJet,SG-251,Mumbai,Evening,one,Morning,Kolkata,Economy,13.25,3,7412
61753,SpiceJet,SG-611,Mumbai,Early_Morning,one,Night,Kolkata,Economy,15.17,3,7412
61754,SpiceJet,SG-8152,Mumbai,Early_Morning,one,Night,Kolkata,Economy,15.67,3,7412
61756,SpiceJet,SG-8710,Mumbai,Night,one,Night,Kolkata,Economy,25.25,3,7412
61757,SpiceJet,SG-163,Mumbai,Afternoon,one,Afternoon,Kolkata,Economy,25.33,3,7412
61758,SpiceJet,SG-251,Mumbai,Evening,one,Night,Kolkata,Economy,25.67,3,7412
61759,SpiceJet,SG-611,Mumbai,Early_Morning,one,Morning,Kolkata,Economy,26.75,3,7412
61760,SpiceJet,SG-8158,Mumbai,Evening,one,Night,Kolkata,Economy,27.58,3,7412
61761,SpiceJet,SG-8710,Mumbai,Night,one,Morning,Kolkata,Economy,11.33,3,7518
61762,SpiceJet,SG-8158,Mumbai,Evening,one,Morning,Kolkata,Economy,13.67,3,7518
61763,SpiceJet,SG-8702,Mumbai,Morning,one,Morning,Kolkata,Economy,22.83,3,7518
61764,SpiceJet,SG-8152,Mumbai,Early_Morning,one,Morning,Kolkata,Economy,25.75,3,7518
61765,SpiceJet,SG-3440,Mumbai,Afternoon,one,Evening,Kolkata,Economy,27.92,3,7728
61774,SpiceJet,SG-401,Mumbai,Early_Morning,zero,Morning,Kolkata,Economy,2.83,3,10878
61809,SpiceJet,SG-4417,Mumbai,Evening,one,Night,Kolkata,Economy,25.58,3,12951
61840,SpiceJet,SG-467,Mumbai,Evening,zero,Night,Kolkata,Economy,2.75,3,16338
61862,SpiceJet,SG-276,Mumbai,Early_Morning,one,Evening,Kolkata,Economy,14.0,3,23241
61864,SpiceJet,SG-5018,Mumbai,Early_Morning,zero,Morning,Kolkata,Economy,2.67,4,7412
61865,SpiceJet,SG-241,Mumbai,Early_Morning,zero,Morning,Kolkata,Economy,2.67,4,7412
61876,SpiceJet,SG-923,Mumbai,Afternoon,one,Night,Kolkata,Economy,6.58,4,7412
61881,SpiceJet,SG-8702,Mumbai,Morning,one,Night,Kolkata,Economy,12.75,4,7412
61886,SpiceJet,SG-611,Mumbai,Early_Morning,one,Night,Kolkata,Economy,15.17,4,7412
61887,SpiceJet,SG-8152,Mumbai,Early_Morning,one,Night,Kolkata,Economy,15.67,4,7412
61889,SpiceJet,SG-4417,Mumbai,Evening,one,Evening,Kolkata,Economy,24.08,4,7412
61890,SpiceJet,SG-8710,Mumbai,Night,one,Night,Kolkata,Economy,25.25,4,7412
61891,SpiceJet,SG-163,Mumbai,Afternoon,one,Afternoon,Kolkata,Economy,25.33,4,7412
61892,SpiceJet,SG-251,Mumbai,Evening,one,Night,Kolkata,Economy,25.67,4,7412
61893,SpiceJet,SG-8158,Mumbai,Evening,one,Night,Kolkata,Economy,27.58,4,7412
61895,SpiceJet,SG-8710,Mumbai,Night,one,Morning,Kolkata,Economy,11.33,4,7518
61896,SpiceJet,SG-8158,Mumbai,Evening,one,Morning,Kolkata,Economy,13.67,4,7518
61897,SpiceJet,SG-8702,Mumbai,Morning,one,Morning,Kolkata,Economy,22.83,4,7518
61898,SpiceJet,SG-8152,Mumbai,Early_Morning,one,Morning,Kolkata,Economy,25.75,4,7518
61899,SpiceJet,SG-475,Mumbai,Night,one,Night,Kolkata,Economy,21.67,4,7728
61900,SpiceJet,SG-3440,Mumbai,Afternoon,one,Evening,Kolkata,Economy,27.92,4,7728
61984,SpiceJet,SG-276,Mumbai,Early_Morning,one,Night,Kolkata,Economy,15.5,4,12951
61994,SpiceJet,SG-467,Mumbai,Evening,zero,Night,Kolkata,Economy,2.75,4,14238
62018,SpiceJet,SG-241,Mumbai,Early_Morning,zero,Morning,Kolkata,Economy,2.67,5,7412
62019,SpiceJet,SG-5074,Mumbai,Early_Morning,zero,Morning,Kolkata,Economy,2.67,5,7412
62020,SpiceJet,SG-401,Mumbai,Early_Morning,zero,Morning,Kolkata,Economy,2.83,5,7412
62023,SpiceJet,SG-467,Mumbai,Evening,zero,Night,Kolkata,Economy,2.75,5,7412
62030,SpiceJet,SG-923,Mumbai,Afternoon,one,Night,Kolkata,Economy,6.58,5,7412
62033,SpiceJet,SG-8710,Mumbai,Night,one,Morning,Kolkata,Economy,11.33,5,7412
62035,SpiceJet,SG-8702,Mumbai,Morning,one,Night,Kolkata,Economy,12.75,5,7412
62036,SpiceJet,SG-251,Mumbai,Evening,one,Morning,Kolkata,Economy,13.25,5,7412
62038,SpiceJet,SG-8158,Mumbai,Evening,one,Morning,Kolkata,Economy,13.67,5,7412
62040,SpiceJet,SG-276,Mumbai,Early_Morning,one,Evening,Kolkata,Economy,14.0,5,7412
62043,SpiceJet,SG-611,Mumbai,Early_Morning,one,Night,Kolkata,Economy,15.17,5,7412
62044,SpiceJet,SG-8152,Mumbai,Early_Morning,one,Night,Kolkata,Economy,15.67,5,7412
62047,SpiceJet,SG-8702,Mumbai,Morning,one,Morning,Kolkata,Economy,22.83,5,7412
62048,SpiceJet,SG-8710,Mumbai,Night,one,Night,Kolkata,Economy,25.25,5,7412
62049,SpiceJet,SG-163,Mumbai,Afternoon,one,Afternoon,Kolkata,Economy,25.33,5,7412
62050,SpiceJet,SG-4417,Mumbai,Evening,one,Night,Kolkata,Economy,25.58,5,7412
62051,SpiceJet,SG-251,Mumbai,Evening,one,Night,Kolkata,Economy,25.67,5,7412
62052,SpiceJet,SG-8152,Mumbai,Early_Morning,one,Morning,Kolkata,Economy,25.75,5,7412
62053,SpiceJet,SG-611,Mumbai,Early_Morning,one,Morning,Kolkata,Economy,26.75,5,7412
62054,SpiceJet,SG-8158,Mumbai,Evening,one,Night,Kolkata,Economy,27.58,5,7412
62055,SpiceJet,SG-3440,Mumbai,Afternoon,one,Evening,Kolkata,Economy,27.92,5,7728
62133,SpiceJet,SG-455,Mumbai,Afternoon,one,Night,Kolkata,Economy,5.92,5,12663
62142,SpiceJet,SG-488,Mumbai,Morning,one,Night,Kolkata,Economy,9.83,5,13293
62173,SpiceJet,SG-241,Mumbai,Early_Morning,zero,Morning,Kolkata,Economy,2.67,6,7412
62174,SpiceJet,SG-467,Mumbai,Evening,zero,Night,Kolkata,Economy,2.75,6,7412
62186,SpiceJet,SG-8710,Mumbai,Night,one,Morning,Kolkata,Economy,11.33,6,7412
62189,SpiceJet,SG-8158,Mumbai,Evening,one,Morning,Kolkata,Economy,13.67,6,7412
62193,SpiceJet,SG-611,Mumbai,Early_Morning,one,Night,Kolkata,Economy,15.17,6,7412
62194,SpiceJet,SG-8152,Mumbai,Early_Morning,one,Night,Kolkata,Economy,15.67,6,7412
62198,SpiceJet,SG-475,Mumbai,Night,one,Night,Kolkata,Economy,21.67,6,7412
62199,SpiceJet,SG-8710,Mumbai,Night,one,Night,Kolkata,Economy,25.25,6,7412
62200,SpiceJet,SG-163,Mumbai,Afternoon,one,Afternoon,Kolkata,Economy,25.33,6,7412
62201,SpiceJet,SG-251,Mumbai,Evening,one,Night,Kolkata,Economy,25.67,6,7412
62202,SpiceJet,SG-8152,Mumbai,Early_Morning,one,Morning,Kolkata,Economy,25.75,6,7412
62203,SpiceJet,SG-8158,Mumbai,Evening,one,Night,Kolkata,Economy,27.58,6,7412
62206,SpiceJet,SG-4417,Mumbai,Evening,one,Night,Kolkata,Economy,24.25,6,7518
62207,SpiceJet,SG-923,Mumbai,Afternoon,one,Night,Kolkata,Economy,6.58,6,7728
62208,SpiceJet,SG-3440,Mumbai,Afternoon,one,Evening,Kolkata,Economy,27.92,6,7728
62293,SpiceJet,SG-8702,Mumbai,Morning,one,Night,Kolkata,Economy,12.75,6,12217
62294,SpiceJet,SG-8702,Mumbai,Morning,one,Morning,Kolkata,Economy,22.83,6,12217
62315,SpiceJet,SG-276,Mumbai,Early_Morning,one,Night,Kolkata,Economy,15.5,6,13371
62337,SpiceJet,SG-5074,Mumbai,Early_Morning,zero,Morning,Kolkata,Economy,2.67,7,7412
62338,SpiceJet,SG-401,Mumbai,Early_Morning,zero,Morning,Kolkata,Economy,2.67,7,7412
62341,SpiceJet,SG-241,Mumbai,Early_Morning,zero,Morning,Kolkata,Economy,2.67,7,7412
62342,SpiceJet,SG-467,Mumbai,Evening,zero,Night,Kolkata,Economy,2.75,7,7412
62350,SpiceJet,SG-923,Mumbai,Afternoon,one,Night,Kolkata,Economy,6.58,7,7412
62354,SpiceJet,SG-8702,Mumbai,Morning,one,Night,Kolkata,Economy,12.75,7,7412
62355,SpiceJet,SG-251,Mumbai,Evening,one,Morning,Kolkata,Economy,13.25,7,7412
62360,SpiceJet,SG-611,Mumbai,Early_Morning,one,Night,Kolkata,Economy,15.17,7,7412
62361,SpiceJet,SG-8152,Mumbai,Early_Morning,one,Night,Kolkata,Economy,15.67,7,7412
62365,SpiceJet,SG-8710,Mumbai,Night,one,Night,Kolkata,Economy,25.25,7,7412
62366,SpiceJet,SG-251,Mumbai,Evening,one,Night,Kolkata,Economy,25.67,7,7412
62367,SpiceJet,SG-611,Mumbai,Early_Morning,one,Morning,Kolkata,Economy,26.75,7,7412
62368,SpiceJet,SG-8158,Mumbai,Evening,one,Night,Kolkata,Economy,27.58,7,7412
62369,SpiceJet,SG-8710,Mumbai,Night,one,Morning,Kolkata,Economy,11.33,7,7518
62370,SpiceJet,SG-8158,Mumbai,Evening,one,Morning,Kolkata,Economy,13.67,7,7518
62371,SpiceJet,SG-8702,Mumbai,Morning,one,Morning,Kolkata,Economy,22.83,7,7518
62372,SpiceJet,SG-163,Mumbai,Afternoon,one,Afternoon,Kolkata,Economy,25.33,7,7518
62373,SpiceJet,SG-4417,Mumbai,Evening,one,Night,Kolkata,Economy,25.58,7,7518
62374,SpiceJet,SG-8152,Mumbai,Early_Morning,one,Morning,Kolkata,Economy,25.75,7,7518
62375,SpiceJet,SG-3440,Mumbai,Afternoon,one,Evening,Kolkata,Economy,27.92,7,7728
62492,SpiceJet,SG-276,Mumbai,Early_Morning,one,Night,Kolkata,Economy,14.17,7,15261
62500,SpiceJet,SG-455,Mumbai,Afternoon,one,Night,Kolkata,Economy,5.92,7,16759
62501,SpiceJet,SG-488,Mumbai,Morning,one,Night,Kolkata,Economy,9.83,7,18859
62506,SpiceJet,SG-241,Mumbai,Early_Morning,zero,Morning,Kolkata,Economy,2.67,8,7412
62507,SpiceJet,SG-467,Mumbai,Evening,zero,Night,Kolkata,Economy,2.75,8,7412
62518,SpiceJet,SG-8702,Mumbai,Morning,one,Night,Kolkata,Economy,12.75,8,7412
62522,SpiceJet,SG-611,Mumbai,Early_Morning,one,Night,Kolkata,Economy,15.17,8,7412
62523,SpiceJet,SG-8152,Mumbai,Early_Morning,one,Night,Kolkata,Economy,15.67,8,7412
62527,SpiceJet,SG-475,Mumbai,Night,one,Night,Kolkata,Economy,21.67,8,7412
62528,SpiceJet,SG-251,Mumbai,Evening,one,Night,Kolkata,Economy,25.67,8,7412
62529,SpiceJet,SG-163,Mumbai,Afternoon,one,Afternoon,Kolkata,Economy,25.33,8,7518
62530,SpiceJet,SG-3440,Mumbai,Afternoon,one,Evening,Kolkata,Economy,27.92,8,7518
62531,SpiceJet,SG-8710,Mumbai,Night,one,Morning,Kolkata,Economy,11.33,8,7728
62532,SpiceJet,SG-8158,Mumbai,Evening,one,Morning,Kolkata,Economy,13.67,8,7728
62533,SpiceJet,SG-8702,Mumbai,Morning,one,Morning,Kolkata,Economy,22.83,8,7728
62534,SpiceJet,SG-8710,Mumbai,Night,one,Night,Kolkata,Economy,25.25,8,7728
62535,SpiceJet,SG-8152,Mumbai,Early_Morning,one,Morning,Kolkata,Economy,25.75,8,7728
62536,SpiceJet,SG-8158,Mumbai,Evening,one,Night,Kolkata,Economy,27.58,8,7728
62639,SpiceJet,SG-276,Mumbai,Early_Morning,one,Night,Kolkata,Economy,15.5,8,13477
62649,SpiceJet,SG-4417,Mumbai,Evening,one,Evening,Kolkata,Economy,24.08,8,14317
62668,SpiceJet,SG-923,Mumbai,Afternoon,one,Night,Kolkata,Economy,6.58,8,21169
62669,SpiceJet,SG-5074,Mumbai,Early_Morning,zero,Morning,Kolkata,Economy,2.67,9,7412
62670,SpiceJet,SG-241,Mumbai,Early_Morning,zero,Morning,Kolkata,Economy,2.67,9,7412
62671,SpiceJet,SG-467,Mumbai,Evening,zero,Night,Kolkata,Economy,2.75,9,7412
62672,SpiceJet,SG-401,Mumbai,Early_Morning,zero,Morning,Kolkata,Economy,2.83,9,7412
62677,SpiceJet,SG-923,Mumbai,Afternoon,one,Night,Kolkata,Economy,6.58,9,7412
62685,SpiceJet,SG-611,Mumbai,Early_Morning,one,Night,Kolkata,Economy,15.17,9,7412
62689,SpiceJet,SG-475,Mumbai,Night,one,Night,Kolkata,Economy,21.67,9,7412
62690,SpiceJet,SG-251,Mumbai,Evening,one,Night,Kolkata,Economy,25.67,9,7412
62692,SpiceJet,SG-163,Mumbai,Afternoon,one,Afternoon,Kolkata,Economy,25.33,9,7518
62693,SpiceJet,SG-3440,Mumbai,Afternoon,one,Evening,Kolkata,Economy,27.92,9,7518
62694,SpiceJet,SG-8710,Mumbai,Night,one,Morning,Kolkata,Economy,11.33,9,7728
62695,SpiceJet,SG-8702,Mumbai,Morning,one,Night,Kolkata,Economy,12.75,9,7728
62696,SpiceJet,SG-8158,Mumbai,Evening,one,Morning,Kolkata,Economy,13.67,9,7728
62697,SpiceJet,SG-8152,Mumbai,Early_Morning,one,Night,Kolkata,Economy,15.67,9,7728
62698,SpiceJet,SG-8702,Mumbai,Morning,one,Morning,Kolkata,Economy,22.83,9,7728
62699,SpiceJet,SG-8710,Mumbai,Night,one,Night,Kolkata,Economy,25.25,9,7728
62700,SpiceJet,SG-8152,Mumbai,Early_Morning,one,Morning,Kolkata,Economy,25.75,9,7728
62701,SpiceJet,SG-8158,Mumbai,Evening,one,Night,Kolkata,Economy,27.58,9,7728
62800,SpiceJet,SG-455,Mumbai,Afternoon,one,Night,Kolkata,Economy,5.92,9,13713
62818,SpiceJet,SG-276,Mumbai,Early_Morning,one,Evening,Kolkata,Economy,14.0,9,14631
62824,SpiceJet,SG-4417,Mumbai,Evening,one,Evening,Kolkata,Economy,24.08,9,17047
62826,SpiceJet,SG-488,Mumbai,Morning,one,Night,Kolkata,Economy,9.83,9,17703
62835,SpiceJet,SG-5018,Mumbai,Early_Morning,zero,Morning,Kolkata,Economy,2.67,10,7412
62836,SpiceJet,SG-5074,Mumbai,Early_Morning,zero,Morning,Kolkata,Economy,2.67,10,7412
62837,SpiceJet,SG-241,Mumbai,Early_Morning,zero,Morning,Kolkata,Economy,2.67,10,7412
62838,SpiceJet,SG-467,Mumbai,Evening,zero,Night,Kolkata,Economy,2.75,10,7412
62839,SpiceJet,SG-401,Mumbai,Early_Morning,zero,Morning,Kolkata,Economy,2.83,10,7412
62848,SpiceJet,SG-923,Mumbai,Afternoon,one,Night,Kolkata,Economy,6.58,10,7412
62851,SpiceJet,SG-8710,Mumbai,Night,one,Morning,Kolkata,Economy,11.33,10,7412
62853,SpiceJet,SG-8158,Mumbai,Evening,one,Morning,Kolkata,Economy,13.67,10,7412
62857,SpiceJet,SG-611,Mumbai,Early_Morning,one,Night,Kolkata,Economy,15.17,10,7412
62861,SpiceJet,SG-8702,Mumbai,Morning,one,Morning,Kolkata,Economy,22.83,10,7412
62862,SpiceJet,SG-8710,Mumbai,Night,one,Night,Kolkata,Economy,25.25,10,7412
62863,SpiceJet,SG-163,Mumbai,Afternoon,one,Afternoon,Kolkata,Economy,25.33,10,7412
62864,SpiceJet,SG-8152,Mumbai,Early_Morning,one,Morning,Kolkata,Economy,25.75,10,7412
62865,SpiceJet,SG-611,Mumbai,Early_Morning,one,Morning,Kolkata,Economy,26.75,10,7412
62866,SpiceJet,SG-8158,Mumbai,Evening,one,Night,Kolkata,Economy,27.58,10,7412
62867,SpiceJet,SG-3440,Mumbai,Afternoon,one,Evening,Kolkata,Economy,27.92,10,7518
62868,SpiceJet,SG-8702,Mumbai,Morning,one,Night,Kolkata,Economy,12.75,10,7728
62869,SpiceJet,SG-8152,Mumbai,Early_Morning,one,Night,Kolkata,Economy,15.67,10,7728
62918,SpiceJet,SG-251,Mumbai,Evening,one,Morning,Kolkata,Economy,13.25,10,11089
62919,SpiceJet,SG-251,Mumbai,Evening,one,Night,Kolkata,Economy,25.67,10,11089
62942,SpiceJet,SG-455,Mumbai,Afternoon,one,Night,Kolkata,Economy,5.92,10,11719
62980,SpiceJet,SG-488,Mumbai,Morning,one,Night,Kolkata,Economy,9.83,10,13713
62991,SpiceJet,SG-4417,Mumbai,Evening,one,Night,Kolkata,Economy,25.58,10,16207
62995,SpiceJet,SG-276,Mumbai,Early_Morning,one,Evening,Kolkata,Economy,14.0,10,17047
63002,SpiceJet,SG-5018,Mumbai,Early_Morning,zero,Morning,Kolkata,Economy,2.67,11,7412
63003,SpiceJet,SG-241,Mumbai,Early_Morning,zero,Morning,Kolkata,Economy,2.67,11,7412
63007,SpiceJet,SG-467,Mumbai,Evening,zero,Night,Kolkata,Economy,2.75,11,7412
63023,SpiceJet,SG-923,Mumbai,Afternoon,one,Night,Kolkata,Economy,6.58,11,7412
63035,SpiceJet,SG-8710,Mumbai,Night,one,Morning,Kolkata,Economy,11.33,11,7412
63038,SpiceJet,SG-8702,Mumbai,Morning,one,Night,Kolkata,Economy,12.75,11,7412
63040,SpiceJet,SG-8158,Mumbai,Evening,one,Morning,Kolkata,Economy,13.67,11,7412
63044,SpiceJet,SG-611,Mumbai,Early_Morning,one,Night,Kolkata,Economy,15.17,11,7412
63046,SpiceJet,SG-8152,Mumbai,Early_Morning,one,Night,Kolkata,Economy,15.67,11,7412
63050,SpiceJet,SG-475,Mumbai,Night,one,Night,Kolkata,Economy,21.67,11,7412
63051,SpiceJet,SG-8702,Mumbai,Morning,one,Morning,Kolkata,Economy,22.83,11,7412
63052,SpiceJet,SG-8710,Mumbai,Night,one,Night,Kolkata,Economy,25.25,11,7412
63053,SpiceJet,SG-163,Mumbai,Afternoon,one,Afternoon,Kolkata,Economy,25.33,11,7412
63054,SpiceJet,SG-251,Mumbai,Evening,one,Night,Kolkata,Economy,25.67,11,7412
63055,SpiceJet,SG-8152,Mumbai,Early_Morning,one,Morning,Kolkata,Economy,25.75,11,7412
63056,SpiceJet,SG-8158,Mumbai,Evening,one,Night,Kolkata,Economy,27.58,11,7412
63059,SpiceJet,SG-3440,Mumbai,Afternoon,one,Evening,Kolkata,Economy,27.92,11,7518
63172,SpiceJet,SG-4417,Mumbai,Evening,one,Evening,Kolkata,Economy,24.08,11,12637
63186,SpiceJet,SG-276,Mumbai,Early_Morning,one,Night,Kolkata,Economy,15.5,11,16207
63191,SpiceJet,SG-5018,Mumbai,Early_Morning,zero,Morning,Kolkata,Economy,2.67,12,7412
63192,SpiceJet,SG-241,Mumbai,Early_Morning,zero,Morning,Kolkata,Economy,2.67,12,7412
63193,SpiceJet,SG-5074,Mumbai,Early_Morning,zero,Morning,Kolkata,Economy,2.67,12,7412
63194,SpiceJet,SG-5079,Mumbai,Evening,zero,Night,Kolkata,Economy,2.75,12,7412
63195,SpiceJet,SG-467,Mumbai,Evening,zero,Night,Kolkata,Economy,2.75,12,7412
63196,SpiceJet,SG-401,Mumbai,Early_Morning,zero,Morning,Kolkata,Economy,2.83,12,7412
63217,SpiceJet,SG-923,Mumbai,Afternoon,one,Night,Kolkata,Economy,6.58,12,7412
63231,SpiceJet,SG-8702,Mumbai,Morning,one,Night,Kolkata,Economy,12.75,12,7412
63232,SpiceJet,SG-251,Mumbai,Evening,one,Morning,Kolkata,Economy,13.25,12,7412
63237,SpiceJet,SG-611,Mumbai,Early_Morning,one,Night,Kolkata,Economy,15.17,12,7412
63239,SpiceJet,SG-8152,Mumbai,Early_Morning,one,Night,Kolkata,Economy,15.67,12,7412
63243,SpiceJet,SG-8710,Mumbai,Night,one,Night,Kolkata,Economy,25.25,12,7412
63244,SpiceJet,SG-251,Mumbai,Evening,one,Night,Kolkata,Economy,25.67,12,7412
63245,SpiceJet,SG-611,Mumbai,Early_Morning,one,Morning,Kolkata,Economy,26.75,12,7412
63246,SpiceJet,SG-8158,Mumbai,Evening,one,Night,Kolkata,Economy,27.58,12,7412
63248,SpiceJet,SG-163,Mumbai,Afternoon,one,Afternoon,Kolkata,Economy,25.33,12,7518
63249,SpiceJet,SG-4417,Mumbai,Evening,one,Night,Kolkata,Economy,25.58,12,7518
63250,SpiceJet,SG-3440,Mumbai,Afternoon,one,Evening,Kolkata,Economy,27.92,12,7518
63251,SpiceJet,SG-8710,Mumbai,Night,one,Morning,Kolkata,Economy,11.33,12,7728
63252,SpiceJet,SG-8158,Mumbai,Evening,one,Morning,Kolkata,Economy,13.67,12,7728
63253,SpiceJet,SG-8702,Mumbai,Morning,one,Morning,Kolkata,Economy,22.83,12,7728
63254,SpiceJet,SG-8152,Mumbai,Early_Morning,one,Morning,Kolkata,Economy,25.75,12,7728
63349,SpiceJet,SG-455,Mumbai,Afternoon,one,Night,Kolkata,Economy,5.92,12,12349
63350,SpiceJet,SG-276,Mumbai,Early_Morning,one,Evening,Kolkata,Economy,14.0,12,12637
63351,SpiceJet,SG-488,Mumbai,Morning,one,Night,Kolkata,Economy,9.83,12,12663
63376,SpiceJet,SG-5018,Mumbai,Early_Morning,zero,Morning,Kolkata,Economy,2.67,13,7412
63377,SpiceJet,SG-241,Mumbai,Early_Morning,zero,Morning,Kolkata,Economy,2.67,13,7412
63378,SpiceJet,SG-5079,Mumbai,Evening,zero,Night,Kolkata,Economy,2.75,13,7412
63379,SpiceJet,SG-467,Mumbai,Evening,zero,Night,Kolkata,Economy,2.75,13,7412
63416,SpiceJet,SG-8710,Mumbai,Night,one,Morning,Kolkata,Economy,11.33,13,7412
63418,SpiceJet,SG-8702,Mumbai,Morning,one,Night,Kolkata,Economy,12.75,13,7412
63420,SpiceJet,SG-8158,Mumbai,Evening,one,Morning,Kolkata,Economy,13.67,13,7412
63424,SpiceJet,SG-611,Mumbai,Early_Morning,one,Night,Kolkata,Economy,15.17,13,7412
63426,SpiceJet,SG-8152,Mumbai,Early_Morning,one,Night,Kolkata,Economy,15.67,13,7412
63430,SpiceJet,SG-475,Mumbai,Night,one,Night,Kolkata,Economy,21.67,13,7412
63431,SpiceJet,SG-8702,Mumbai,Morning,one,Morning,Kolkata,Economy,22.83,13,7412
63432,SpiceJet,SG-8710,Mumbai,Night,one,Night,Kolkata,Economy,25.25,13,7412
63433,SpiceJet,SG-163,Mumbai,Afternoon,one,Afternoon,Kolkata,Economy,25.33,13,7412
63434,SpiceJet,SG-251,Mumbai,Evening,one,Night,Kolkata,Economy,25.67,13,7412
63435,SpiceJet,SG-8152,Mumbai,Early_Morning,one,Morning,Kolkata,Economy,25.75,13,7412
63436,SpiceJet,SG-8158,Mumbai,Evening,one,Night,Kolkata,Economy,27.58,13,7412
63438,SpiceJet,SG-276,Mumbai,Early_Morning,one,Night,Kolkata,Economy,15.5,13,7518
63439,SpiceJet,SG-4417,Mumbai,Evening,one,Night,Kolkata,Economy,24.25,13,7518
63440,SpiceJet,SG-3440,Mumbai,Afternoon,one,Evening,Kolkata,Economy,27.92,13,7518
63557,SpiceJet,SG-5018,Mumbai,Early_Morning,zero,Morning,Kolkata,Economy,2.67,14,7412
63558,SpiceJet,SG-241,Mumbai,Early_Morning,zero,Morning,Kolkata,Economy,2.67,14,7412
63559,SpiceJet,SG-5074,Mumbai,Early_Morning,zero,Morning,Kolkata,Economy,2.67,14,7412
63560,SpiceJet,SG-401,Mumbai,Early_Morning,zero,Morning,Kolkata,Economy,2.67,14,7412
63565,SpiceJet,SG-467,Mumbai,Evening,zero,Night,Kolkata,Economy,2.75,14,7412
63583,SpiceJet,SG-923,Mumbai,Afternoon,one,Night,Kolkata,Economy,6.58,14,7412
63594,SpiceJet,SG-8710,Mumbai,Night,one,Morning,Kolkata,Economy,11.33,14,7412
63596,SpiceJet,SG-8702,Mumbai,Morning,one,Night,Kolkata,Economy,12.75,14,7412
63597,SpiceJet,SG-251,Mumbai,Evening,one,Morning,Kolkata,Economy,13.25,14,7412
63599,SpiceJet,SG-8158,Mumbai,Evening,one,Morning,Kolkata,Economy,13.67,14,7412
63603,SpiceJet,SG-611,Mumbai,Early_Morning,one,Night,Kolkata,Economy,15.17,14,7412
63605,SpiceJet,SG-8152,Mumbai,Early_Morning,one,Night,Kolkata,Economy,15.67,14,7412
63609,SpiceJet,SG-8702,Mumbai,Morning,one,Morning,Kolkata,Economy,22.83,14,7412
63610,SpiceJet,SG-8710,Mumbai,Night,one,Night,Kolkata,Economy,25.25,14,7412
63611,SpiceJet,SG-163,Mumbai,Afternoon,one,Afternoon,Kolkata,Economy,25.33,14,7412
63612,SpiceJet,SG-251,Mumbai,Evening,one,Night,Kolkata,Economy,25.67,14,7412
63613,SpiceJet,SG-8152,Mumbai,Early_Morning,one,Morning,Kolkata,Economy,25.75,14,7412
63614,SpiceJet,SG-611,Mumbai,Early_Morning,one,Morning,Kolkata,Economy,26.75,14,7412
63615,SpiceJet,SG-8158,Mumbai,Evening,one,Night,Kolkata,Economy,27.58,14,7412
63617,SpiceJet,SG-276,Mumbai,Early_Morning,one,Night,Kolkata,Economy,14.17,14,7518
63618,SpiceJet,SG-4417,Mumbai,Evening,one,Night,Kolkata,Economy,25.58,14,7518
63619,SpiceJet,SG-3440,Mumbai,Afternoon,one,Evening,Kolkata,Economy,27.92,14,7518
63735,SpiceJet,SG-455,Mumbai,Afternoon,one,Night,Kolkata,Economy,5.92,14,13713
63741,SpiceJet,SG-488,Mumbai,Morning,one,Night,Kolkata,Economy,9.83,14,15393
63746,SpiceJet,SG-5018,Mumbai,Early_Morning,zero,Morning,Kolkata,Economy,2.67,15,4715
63747,SpiceJet,SG-241,Mumbai,Early_Morning,zero,Morning,Kolkata,Economy,2.67,15,4715
63748,SpiceJet,SG-467,Mumbai,Evening,zero,Night,Kolkata,Economy,2.75,15,4715
63765,SpiceJet,SG-923,Mumbai,Afternoon,one,Night,Kolkata,Economy,6.58,15,7412
63777,SpiceJet,SG-8710,Mumbai,Night,one,Morning,Kolkata,Economy,11.33,15,7412
63780,SpiceJet,SG-8702,Mumbai,Morning,one,Night,Kolkata,Economy,12.75,15,7412
63782,SpiceJet,SG-8158,Mumbai,Evening,one,Morning,Kolkata,Economy,13.67,15,7412
63786,SpiceJet,SG-611,Mumbai,Early_Morning,one,Night,Kolkata,Economy,15.17,15,7412
63788,SpiceJet,SG-8152,Mumbai,Early_Morning,one,Night,Kolkata,Economy,15.67,15,7412
63792,SpiceJet,SG-8702,Mumbai,Morning,one,Morning,Kolkata,Economy,22.83,15,7412
63793,SpiceJet,SG-8710,Mumbai,Night,one,Night,Kolkata,Economy,25.25,15,7412
63794,SpiceJet,SG-251,Mumbai,Evening,one,Night,Kolkata,Economy,25.67,15,7412
63795,SpiceJet,SG-8152,Mumbai,Early_Morning,one,Morning,Kolkata,Economy,25.75,15,7412
63796,SpiceJet,SG-8158,Mumbai,Evening,one,Night,Kolkata,Economy,27.58,15,7412
63797,SpiceJet,SG-3440,Mumbai,Afternoon,one,Evening,Kolkata,Economy,27.92,15,7412
63800,SpiceJet,SG-163,Mumbai,Afternoon,one,Afternoon,Kolkata,Economy,25.33,15,7518
63801,SpiceJet,SG-276,Mumbai,Early_Morning,one,Night,Kolkata,Economy,15.5,15,7728
63808,SpiceJet,SG-4417,Mumbai,Evening,one,Evening,Kolkata,Economy,24.08,15,8118
63866,SpiceJet,SG-475,Mumbai,Night,one,Night,Kolkata,Economy,21.67,15,10174
63946,SpiceJet,SG-5018,Mumbai,Early_Morning,zero,Morning,Kolkata,Economy,2.67,16,4715
63947,SpiceJet,SG-241,Mumbai,Early_Morning,zero,Morning,Kolkata,Economy,2.67,16,4715
63948,SpiceJet,SG-5074,Mumbai,Early_Morning,zero,Morning,Kolkata,Economy,2.67,16,4715
63949,SpiceJet,SG-401,Mumbai,Early_Morning,zero,Morning,Kolkata,Economy,2.83,16,4715
63953,SpiceJet,SG-467,Mumbai,Evening,zero,Night,Kolkata,Economy,2.75,16,4998
63969,SpiceJet,SG-8710,Mumbai,Night,one,Morning,Kolkata,Economy,11.33,16,5289
63970,SpiceJet,SG-8702,Mumbai,Morning,one,Night,Kolkata,Economy,12.75,16,5289
63971,SpiceJet,SG-8158,Mumbai,Evening,one,Morning,Kolkata,Economy,13.67,16,5289
63972,SpiceJet,SG-8152,Mumbai,Early_Morning,one,Night,Kolkata,Economy,15.67,16,5289
63973,SpiceJet,SG-8702,Mumbai,Morning,one,Morning,Kolkata,Economy,22.83,16,5289
63974,SpiceJet,SG-8710,Mumbai,Night,one,Night,Kolkata,Economy,25.25,16,5289
63975,SpiceJet,SG-8152,Mumbai,Early_Morning,one,Morning,Kolkata,Economy,25.75,16,5289
63976,SpiceJet,SG-8158,Mumbai,Evening,one,Night,Kolkata,Economy,27.58,16,5289
63980,SpiceJet,SG-923,Mumbai,Afternoon,one,Night,Kolkata,Economy,6.58,16,5333
64030,SpiceJet,SG-611,Mumbai,Early_Morning,one,Night,Kolkata,Economy,15.17,16,5915
64031,SpiceJet,SG-251,Mumbai,Evening,one,Night,Kolkata,Economy,25.67,16,5915
64032,SpiceJet,SG-3440,Mumbai,Afternoon,one,Evening,Kolkata,Economy,27.92,16,5915
64034,SpiceJet,SG-475,Mumbai,Night,one,Night,Kolkata,Economy,21.67,16,6196
64052,SpiceJet,SG-4417,Mumbai,Evening,one,Evening,Kolkata,Economy,24.08,16,6988
64060,SpiceJet,SG-276,Mumbai,Early_Morning,one,Evening,Kolkata,Economy,14.0,16,6942
64111,SpiceJet,SG-455,Mumbai,Afternoon,one,Night,Kolkata,Economy,5.92,16,9625
64123,SpiceJet,SG-488,Mumbai,Morning,one,Night,Kolkata,Economy,9.83,16,13534
64128,SpiceJet,SG-163,Mumbai,Afternoon,one,Afternoon,Kolkata,Economy,25.33,16,14348
64141,SpiceJet,SG-5018,Mumbai,Early_Morning,zero,Morning,Kolkata,Economy,2.67,17,4715
64142,SpiceJet,SG-241,Mumbai,Early_Morning,zero,Morning,Kolkata,Economy,2.67,17,4715
64143,SpiceJet,SG-5074,Mumbai,Early_Morning,zero,Morning,Kolkata,Economy,2.67,17,4715
64144,SpiceJet,SG-467,Mumbai,Evening,zero,Night,Kolkata,Economy,2.75,17,4715
64145,SpiceJet,SG-401,Mumbai,Early_Morning,zero,Morning,Kolkata,Economy,2.83,17,4715
64149,SpiceJet,SG-4417,Mumbai,Evening,one,Night,Kolkata,Economy,25.58,17,4438
64181,SpiceJet,SG-8710,Mumbai,Night,one,Morning,Kolkata,Economy,11.33,17,5289
64182,SpiceJet,SG-8702,Mumbai,Morning,one,Night,Kolkata,Economy,12.75,17,5289
64183,SpiceJet,SG-8158,Mumbai,Evening,one,Morning,Kolkata,Economy,13.67,17,5289
64184,SpiceJet,SG-8152,Mumbai,Early_Morning,one,Night,Kolkata,Economy,15.67,17,5289
64185,SpiceJet,SG-8702,Mumbai,Morning,one,Morning,Kolkata,Economy,22.83,17,5289
64186,SpiceJet,SG-8710,Mumbai,Night,one,Night,Kolkata,Economy,25.25,17,5289
64187,SpiceJet,SG-8152,Mumbai,Early_Morning,one,Morning,Kolkata,Economy,25.75,17,5289
64188,SpiceJet,SG-8158,Mumbai,Evening,one,Night,Kolkata,Economy,27.58,17,5289
64192,SpiceJet,SG-923,Mumbai,Afternoon,one,Night,Kolkata,Economy,6.58,17,5333
64246,SpiceJet,SG-251,Mumbai,Evening,one,Morning,Kolkata,Economy,13.25,17,5915
64247,SpiceJet,SG-611,Mumbai,Early_Morning,one,Night,Kolkata,Economy,15.17,17,5915
64248,SpiceJet,SG-251,Mumbai,Evening,one,Night,Kolkata,Economy,25.67,17,5915
64249,SpiceJet,SG-611,Mumbai,Early_Morning,one,Morning,Kolkata,Economy,26.75,17,5915
64250,SpiceJet,SG-3440,Mumbai,Afternoon,one,Evening,Kolkata,Economy,27.92,17,5915
64271,SpiceJet,SG-276,Mumbai,Early_Morning,one,Evening,Kolkata,Economy,14.0,17,6988
64310,SpiceJet,SG-455,Mumbai,Afternoon,one,Night,Kolkata,Economy,5.92,17,9384
64317,SpiceJet,SG-488,Mumbai,Morning,one,Night,Kolkata,Economy,9.83,17,10330
64324,SpiceJet,SG-163,Mumbai,Afternoon,one,Afternoon,Kolkata,Economy,25.33,17,14506
64343,SpiceJet,SG-5018,Mumbai,Early_Morning,zero,Morning,Kolkata,Economy,2.67,18,4715
64344,SpiceJet,SG-241,Mumbai,Early_Morning,zero,Morning,Kolkata,Economy,2.67,18,4715
64345,SpiceJet,SG-5079,Mumbai,Evening,zero,Night,Kolkata,Economy,2.75,18,4715
64346,SpiceJet,SG-467,Mumbai,Evening,zero,Night,Kolkata,Economy,2.75,18,4715
64350,SpiceJet,SG-276,Mumbai,Early_Morning,one,Night,Kolkata,Economy,15.5,18,4438
64384,SpiceJet,SG-8710,Mumbai,Night,one,Morning,Kolkata,Economy,11.33,18,5289
64385,SpiceJet,SG-8702,Mumbai,Morning,one,Night,Kolkata,Economy,12.75,18,5289
64386,SpiceJet,SG-8158,Mumbai,Evening,one,Morning,Kolkata,Economy,13.67,18,5289
64387,SpiceJet,SG-8152,Mumbai,Early_Morning,one,Night,Kolkata,Economy,15.67,18,5289
64388,SpiceJet,SG-8702,Mumbai,Morning,one,Morning,Kolkata,Economy,22.83,18,5289
64389,SpiceJet,SG-8710,Mumbai,Night,one,Night,Kolkata,Economy,25.25,18,5289
64390,SpiceJet,SG-8152,Mumbai,Early_Morning,one,Morning,Kolkata,Economy,25.75,18,5289
64391,SpiceJet,SG-8158,Mumbai,Evening,one,Night,Kolkata,Economy,27.58,18,5289
64392,SpiceJet,SG-923,Mumbai,Afternoon,one,Night,Kolkata,Economy,6.58,18,5333
64467,SpiceJet,SG-611,Mumbai,Early_Morning,one,Night,Kolkata,Economy,15.17,18,5915
64468,SpiceJet,SG-475,Mumbai,Night,one,Night,Kolkata,Economy,21.67,18,5915
64469,SpiceJet,SG-251,Mumbai,Evening,one,Night,Kolkata,Economy,25.67,18,5915
64470,SpiceJet,SG-3440,Mumbai,Afternoon,one,Evening,Kolkata,Economy,27.92,18,5915
64471,SpiceJet,SG-4417,Mumbai,Evening,one,Night,Kolkata,Economy,25.58,18,6044
64515,SpiceJet,SG-163,Mumbai,Afternoon,one,Afternoon,Kolkata,Economy,25.33,18,14348
64531,SpiceJet,SG-241,Mumbai,Early_Morning,zero,Morning,Kolkata,Economy,2.67,19,4715
64532,SpiceJet,SG-467,Mumbai,Evening,zero,Night,Kolkata,Economy,2.75,19,4715
64570,SpiceJet,SG-8710,Mumbai,Night,one,Morning,Kolkata,Economy,11.33,19,5289
64571,SpiceJet,SG-8702,Mumbai,Morning,one,Night,Kolkata,Economy,12.75,19,5289
64572,SpiceJet,SG-8158,Mumbai,Evening,one,Morning,Kolkata,Economy,13.67,19,5289
64573,SpiceJet,SG-8152,Mumbai,Early_Morning,one,Night,Kolkata,Economy,15.67,19,5289
64574,SpiceJet,SG-8702,Mumbai,Morning,one,Morning,Kolkata,Economy,22.83,19,5289
64575,SpiceJet,SG-8710,Mumbai,Night,one,Night,Kolkata,Economy,25.25,19,5289
64576,SpiceJet,SG-8152,Mumbai,Early_Morning,one,Morning,Kolkata,Economy,25.75,19,5289
64577,SpiceJet,SG-8158,Mumbai,Evening,one,Night,Kolkata,Economy,27.58,19,5289
64578,SpiceJet,SG-923,Mumbai,Afternoon,one,Night,Kolkata,Economy,6.58,19,5333
64651,SpiceJet,SG-251,Mumbai,Evening,one,Morning,Kolkata,Economy,13.25,19,5915
64652,SpiceJet,SG-611,Mumbai,Early_Morning,one,Night,Kolkata,Economy,15.17,19,5915
64653,SpiceJet,SG-251,Mumbai,Evening,one,Night,Kolkata,Economy,25.67,19,5915
64654,SpiceJet,SG-611,Mumbai,Early_Morning,one,Morning,Kolkata,Economy,26.75,19,5915
64655,SpiceJet,SG-3440,Mumbai,Afternoon,one,Evening,Kolkata,Economy,27.92,19,5915
64660,SpiceJet,SG-455,Mumbai,Afternoon,one,Night,Kolkata,Economy,5.92,19,6196
64661,SpiceJet,SG-276,Mumbai,Early_Morning,one,Night,Kolkata,Economy,15.5,19,6196
64662,SpiceJet,SG-4417,Mumbai,Evening,one,Night,Kolkata,Economy,25.58,19,6196
64687,SpiceJet,SG-488,Mumbai,Morning,one,Night,Kolkata,Economy,9.83,19,7419
64704,SpiceJet,SG-163,Mumbai,Afternoon,one,Afternoon,Kolkata,Economy,25.33,19,14348
64720,SpiceJet,SG-241,Mumbai,Early_Morning,zero,Morning,Kolkata,Economy,2.67,20,4715
64721,SpiceJet,SG-467,Mumbai,Evening,zero,Night,Kolkata,Economy,2.75,20,4715
64748,SpiceJet,SG-4417,Mumbai,Evening,one,Night,Kolkata,Economy,25.58,20,5000
64759,SpiceJet,SG-8710,Mumbai,Night,one,Morning,Kolkata,Economy,11.33,20,5289
64760,SpiceJet,SG-8702,Mumbai,Morning,one,Night,Kolkata,Economy,12.75,20,5289
64761,SpiceJet,SG-8158,Mumbai,Evening,one,Morning,Kolkata,Economy,13.67,20,5289
64762,SpiceJet,SG-8152,Mumbai,Early_Morning,one,Night,Kolkata,Economy,15.67,20,5289
64763,SpiceJet,SG-8702,Mumbai,Morning,one,Morning,Kolkata,Economy,22.83,20,5289
64764,SpiceJet,SG-8710,Mumbai,Night,one,Night,Kolkata,Economy,25.25,20,5289
64765,SpiceJet,SG-8152,Mumbai,Early_Morning,one,Morning,Kolkata,Economy,25.75,20,5289
64766,SpiceJet,SG-8158,Mumbai,Evening,one,Night,Kolkata,Economy,27.58,20,5289
64815,SpiceJet,SG-923,Mumbai,Afternoon,one,Night,Kolkata,Economy,6.58,20,6090
64839,SpiceJet,SG-611,Mumbai,Early_Morning,one,Night,Kolkata,Economy,15.17,20,5915
64840,SpiceJet,SG-475,Mumbai,Night,one,Night,Kolkata,Economy,21.67,20,5915
64841,SpiceJet,SG-251,Mumbai,Evening,one,Night,Kolkata,Economy,25.67,20,5915
64842,SpiceJet,SG-3440,Mumbai,Afternoon,one,Evening,Kolkata,Economy,27.92,20,5915
64843,SpiceJet,SG-276,Mumbai,Early_Morning,one,Night,Kolkata,Economy,15.5,20,6196
64883,SpiceJet,SG-163,Mumbai,Afternoon,one,Afternoon,Kolkata,Economy,25.33,20,14348
64901,SpiceJet,SG-241,Mumbai,Early_Morning,zero,Morning,Kolkata,Economy,2.67,21,4715
64902,SpiceJet,SG-467,Mumbai,Evening,zero,Night,Kolkata,Economy,2.75,21,4715
64933,SpiceJet,SG-4417,Mumbai,Evening,one,Night,Kolkata,Economy,25.58,21,5000
64941,SpiceJet,SG-8710,Mumbai,Night,one,Morning,Kolkata,Economy,11.33,21,5289
64942,SpiceJet,SG-8702,Mumbai,Morning,one,Night,Kolkata,Economy,12.75,21,5289
64943,SpiceJet,SG-8158,Mumbai,Evening,one,Morning,Kolkata,Economy,13.67,21,5289
64944,SpiceJet,SG-8152,Mumbai,Early_Morning,one,Night,Kolkata,Economy,15.67,21,5289
64945,SpiceJet,SG-8702,Mumbai,Morning,one,Morning,Kolkata,Economy,22.83,21,5289
64946,SpiceJet,SG-8710,Mumbai,Night,one,Night,Kolkata,Economy,25.25,21,5289
64947,SpiceJet,SG-8152,Mumbai,Early_Morning,one,Morning,Kolkata,Economy,25.75,21,5289
64948,SpiceJet,SG-8158,Mumbai,Evening,one,Night,Kolkata,Economy,27.58,21,5289
64949,SpiceJet,SG-923,Mumbai,Afternoon,one,Night,Kolkata,Economy,6.58,21,5333
65005,SpiceJet,SG-276,Mumbai,Early_Morning,one,Night,Kolkata,Economy,15.5,21,5788
65026,SpiceJet,SG-251,Mumbai,Evening,one,Morning,Kolkata,Economy,13.25,21,5915
65027,SpiceJet,SG-611,Mumbai,Early_Morning,one,Night,Kolkata,Economy,15.17,21,5915
65028,SpiceJet,SG-251,Mumbai,Evening,one,Night,Kolkata,Economy,25.67,21,5915
65029,SpiceJet,SG-611,Mumbai,Early_Morning,one,Morning,Kolkata,Economy,26.75,21,5915
65030,SpiceJet,SG-3440,Mumbai,Afternoon,one,Evening,Kolkata,Economy,27.92,21,5915
65053,SpiceJet,SG-455,Mumbai,Afternoon,one,Night,Kolkata,Economy,5.92,21,7419
65068,SpiceJet,SG-488,Mumbai,Morning,one,Night,Kolkata,Economy,9.83,21,9099
65074,SpiceJet,SG-163,Mumbai,Afternoon,one,Afternoon,Kolkata,Economy,25.33,21,14348
65091,SpiceJet,SG-241,Mumbai,Early_Morning,zero,Morning,Kolkata,Economy,2.67,22,4715
65092,SpiceJet,SG-467,Mumbai,Evening,zero,Night,Kolkata,Economy,2.75,22,4715
65129,SpiceJet,SG-8710,Mumbai,Night,one,Morning,Kolkata,Economy,11.33,22,5289
65130,SpiceJet,SG-8702,Mumbai,Morning,one,Night,Kolkata,Economy,12.75,22,5289
65131,SpiceJet,SG-8158,Mumbai,Evening,one,Morning,Kolkata,Economy,13.67,22,5289
65132,SpiceJet,SG-8152,Mumbai,Early_Morning,one,Night,Kolkata,Economy,15.67,22,5289
65133,SpiceJet,SG-8702,Mumbai,Morning,one,Morning,Kolkata,Economy,22.83,22,5289
65134,SpiceJet,SG-8710,Mumbai,Night,one,Night,Kolkata,Economy,25.25,22,5289
65135,SpiceJet,SG-8152,Mumbai,Early_Morning,one,Morning,Kolkata,Economy,25.75,22,5289
65136,SpiceJet,SG-8158,Mumbai,Evening,one,Night,Kolkata,Economy,27.58,22,5289
65137,SpiceJet,SG-923,Mumbai,Afternoon,one,Night,Kolkata,Economy,6.58,22,5333
65141,SpiceJet,SG-276,Mumbai,Early_Morning,one,Night,Kolkata,Economy,15.5,22,5472
65214,SpiceJet,SG-611,Mumbai,Early_Morning,one,Night,Kolkata,Economy,15.17,22,5915
65215,SpiceJet,SG-475,Mumbai,Night,one,Night,Kolkata,Economy,21.67,22,5915
65216,SpiceJet,SG-251,Mumbai,Evening,one,Night,Kolkata,Economy,25.67,22,5915
65217,SpiceJet,SG-3440,Mumbai,Afternoon,one,Evening,Kolkata,Economy,27.92,22,5915
65236,SpiceJet,SG-4417,Mumbai,Evening,one,Night,Kolkata,Economy,25.58,22,6932
65263,SpiceJet,SG-163,Mumbai,Afternoon,one,Afternoon,Kolkata,Economy,25.33,22,14348
65278,SpiceJet,SG-241,Mumbai,Early_Morning,zero,Morning,Kolkata,Economy,2.67,23,4715
65279,SpiceJet,SG-467,Mumbai,Evening,zero,Night,Kolkata,Economy,2.75,23,4715
65317,SpiceJet,SG-8710,Mumbai,Night,one,Morning,Kolkata,Economy,11.33,23,5289
65318,SpiceJet,SG-8702,Mumbai,Morning,one,Night,Kolkata,Economy,12.75,23,5289
65319,SpiceJet,SG-8158,Mumbai,Evening,one,Morning,Kolkata,Economy,13.67,23,5289
65320,SpiceJet,SG-8152,Mumbai,Early_Morning,one,Night,Kolkata,Economy,15.67,23,5289
65321,SpiceJet,SG-8702,Mumbai,Morning,one,Morning,Kolkata,Economy,22.83,23,5289
65322,SpiceJet,SG-8710,Mumbai,Night,one,Night,Kolkata,Economy,25.25,23,5289
65323,SpiceJet,SG-8152,Mumbai,Early_Morning,one,Morning,Kolkata,Economy,25.75,23,5289
65324,SpiceJet,SG-8158,Mumbai,Evening,one,Night,Kolkata,Economy,27.58,23,5289
65327,SpiceJet,SG-923,Mumbai,Afternoon,one,Night,Kolkata,Economy,6.58,23,5774
65393,SpiceJet,SG-611,Mumbai,Early_Morning,one,Night,Kolkata,Economy,15.17,23,5915
65394,SpiceJet,SG-251,Mumbai,Evening,one,Night,Kolkata,Economy,25.67,23,5915
65395,SpiceJet,SG-3440,Mumbai,Afternoon,one,Evening,Kolkata,Economy,27.92,23,5915
65405,SpiceJet,SG-455,Mumbai,Afternoon,one,Night,Kolkata,Economy,5.92,23,6512
65418,SpiceJet,SG-276,Mumbai,Early_Morning,one,Night,Kolkata,Economy,15.5,23,6932
65433,SpiceJet,SG-4417,Mumbai,Evening,one,Night,Kolkata,Economy,25.58,23,7970
65440,SpiceJet,SG-488,Mumbai,Morning,one,Night,Kolkata,Economy,9.83,23,8575
65448,SpiceJet,SG-475,Mumbai,Night,one,Night,Kolkata,Economy,21.67,23,11378
65451,SpiceJet,SG-163,Mumbai,Afternoon,one,Afternoon,Kolkata,Economy,25.33,23,14348
65471,SpiceJet,SG-241,Mumbai,Early_Morning,zero,Morning,Kolkata,Economy,2.67,24,4715
65472,SpiceJet,SG-467,Mumbai,Evening,zero,Night,Kolkata,Economy,2.75,24,4715
65506,SpiceJet,SG-8710,Mumbai,Night,one,Morning,Kolkata,Economy,11.33,24,5289
65507,SpiceJet,SG-8702,Mumbai,Morning,one,Night,Kolkata,Economy,12.75,24,5289
65508,SpiceJet,SG-8158,Mumbai,Evening,one,Morning,Kolkata,Economy,13.67,24,5289
65509,SpiceJet,SG-8152,Mumbai,Early_Morning,one,Night,Kolkata,Economy,15.67,24,5289
65510,SpiceJet,SG-8702,Mumbai,Morning,one,Morning,Kolkata,Economy,22.83,24,5289
65511,SpiceJet,SG-8710,Mumbai,Night,one,Night,Kolkata,Economy,25.25,24,5289
65512,SpiceJet,SG-8152,Mumbai,Early_Morning,one,Morning,Kolkata,Economy,25.75,24,5289
65513,SpiceJet,SG-8158,Mumbai,Evening,one,Night,Kolkata,Economy,27.58,24,5289
65514,SpiceJet,SG-923,Mumbai,Afternoon,one,Night,Kolkata,Economy,6.58,24,5333
65585,SpiceJet,SG-251,Mumbai,Evening,one,Morning,Kolkata,Economy,13.25,24,5915
65586,SpiceJet,SG-611,Mumbai,Early_Morning,one,Night,Kolkata,Economy,15.17,24,5915
65587,SpiceJet,SG-251,Mumbai,Evening,one,Night,Kolkata,Economy,25.67,24,5915
65588,SpiceJet,SG-611,Mumbai,Early_Morning,one,Morning,Kolkata,Economy,26.75,24,5915
65589,SpiceJet,SG-3440,Mumbai,Afternoon,one,Evening,Kolkata,Economy,27.92,24,5915
65628,SpiceJet,SG-276,Mumbai,Early_Morning,one,Night,Kolkata,Economy,15.5,24,7970
65629,SpiceJet,SG-4417,Mumbai,Evening,one,Night,Kolkata,Economy,25.58,24,7970
65645,SpiceJet,SG-455,Mumbai,Afternoon,one,Night,Kolkata,Economy,5.92,24,11904
65646,SpiceJet,SG-488,Mumbai,Morning,one,Night,Kolkata,Economy,9.83,24,11904
65649,SpiceJet,SG-163,Mumbai,Afternoon,one,Afternoon,Kolkata,Economy,25.33,24,14348
65668,SpiceJet,SG-241,Mumbai,Early_Morning,zero,Morning,Kolkata,Economy,2.67,25,4715
65669,SpiceJet,SG-467,Mumbai,Evening,zero,Night,Kolkata,Economy,2.75,25,4715
65710,SpiceJet,SG-8710,Mumbai,Night,one,Morning,Kolkata,Economy,11.33,25,5289
65711,SpiceJet,SG-8702,Mumbai,Morning,one,Night,Kolkata,Economy,12.75,25,5289
65712,SpiceJet,SG-8158,Mumbai,Evening,one,Morning,Kolkata,Economy,13.67,25,5289
65713,SpiceJet,SG-8152,Mumbai,Early_Morning,one,Night,Kolkata,Economy,15.67,25,5289
65714,SpiceJet,SG-8702,Mumbai,Morning,one,Morning,Kolkata,Economy,22.83,25,5289
65715,SpiceJet,SG-8710,Mumbai,Night,one,Night,Kolkata,Economy,25.25,25,5289
65716,SpiceJet,SG-8152,Mumbai,Early_Morning,one,Morning,Kolkata,Economy,25.75,25,5289
65717,SpiceJet,SG-8158,Mumbai,Evening,one,Night,Kolkata,Economy,27.58,25,5289
65718,SpiceJet,SG-923,Mumbai,Afternoon,one,Night,Kolkata,Economy,6.58,25,5333
65795,SpiceJet,SG-611,Mumbai,Early_Morning,one,Night,Kolkata,Economy,15.17,25,5915
65796,SpiceJet,SG-475,Mumbai,Night,one,Night,Kolkata,Economy,21.67,25,5915
65797,SpiceJet,SG-251,Mumbai,Evening,one,Night,Kolkata,Economy,25.67,25,5915
65798,SpiceJet,SG-3440,Mumbai,Afternoon,one,Evening,Kolkata,Economy,27.92,25,5915
65805,SpiceJet,SG-4417,Mumbai,Evening,one,Night,Kolkata,Economy,25.58,25,6196
65827,SpiceJet,SG-276,Mumbai,Early_Morning,one,Night,Kolkata,Economy,15.5,25,7970
65838,SpiceJet,SG-163,Mumbai,Afternoon,one,Afternoon,Kolkata,Economy,25.33,25,14348
65858,SpiceJet,SG-241,Mumbai,Early_Morning,zero,Morning,Kolkata,Economy,2.67,26,4715
65859,SpiceJet,SG-467,Mumbai,Evening,zero,Night,Kolkata,Economy,2.75,26,4715
65904,SpiceJet,SG-8710,Mumbai,Night,one,Morning,Kolkata,Economy,11.33,26,5289
65905,SpiceJet,SG-8702,Mumbai,Morning,one,Night,Kolkata,Economy,12.75,26,5289
65906,SpiceJet,SG-8158,Mumbai,Evening,one,Morning,Kolkata,Economy,13.67,26,5289
65907,SpiceJet,SG-8152,Mumbai,Early_Morning,one,Night,Kolkata,Economy,15.67,26,5289
65908,SpiceJet,SG-8702,Mumbai,Morning,one,Morning,Kolkata,Economy,22.83,26,5289
65909,SpiceJet,SG-8710,Mumbai,Night,one,Night,Kolkata,Economy,25.25,26,5289
65910,SpiceJet,SG-8152,Mumbai,Early_Morning,one,Morning,Kolkata,Economy,25.75,26,5289
65911,SpiceJet,SG-8158,Mumbai,Evening,one,Night,Kolkata,Economy,27.58,26,5289
65912,SpiceJet,SG-923,Mumbai,Afternoon,one,Night,Kolkata,Economy,6.58,26,5333
65984,SpiceJet,SG-455,Mumbai,Afternoon,one,Night,Kolkata,Economy,5.92,26,5915
65985,SpiceJet,SG-251,Mumbai,Evening,one,Morning,Kolkata,Economy,13.25,26,5915
65986,SpiceJet,SG-611,Mumbai,Early_Morning,one,Night,Kolkata,Economy,15.17,26,5915
65987,SpiceJet,SG-251,Mumbai,Evening,one,Night,Kolkata,Economy,25.67,26,5915
65988,SpiceJet,SG-611,Mumbai,Early_Morning,one,Morning,Kolkata,Economy,26.75,26,5915
65989,SpiceJet,SG-3440,Mumbai,Afternoon,one,Evening,Kolkata,Economy,27.92,26,5915
65998,SpiceJet,SG-488,Mumbai,Morning,one,Night,Kolkata,Economy,9.83,26,6196
65999,SpiceJet,SG-276,Mumbai,Early_Morning,one,Night,Kolkata,Economy,15.5,26,6196
66005,SpiceJet,SG-4417,Mumbai,Evening,one,Night,Kolkata,Economy,25.58,26,6512
66031,SpiceJet,SG-163,Mumbai,Afternoon,one,Afternoon,Kolkata,Economy,25.33,26,14348
66049,SpiceJet,SG-241,Mumbai,Early_Morning,zero,Morning,Kolkata,Economy,2.67,27,4715
66050,SpiceJet,SG-467,Mumbai,Evening,zero,Night,Kolkata,Economy,2.75,27,4715
66100,SpiceJet,SG-8710,Mumbai,Night,one,Morning,Kolkata,Economy,11.33,27,5289
66101,SpiceJet,SG-8702,Mumbai,Morning,one,Night,Kolkata,Economy,12.75,27,5289
66102,SpiceJet,SG-8158,Mumbai,Evening,one,Morning,Kolkata,Economy,13.67,27,5289
66103,SpiceJet,SG-8152,Mumbai,Early_Morning,one,Night,Kolkata,Economy,15.67,27,5289
66104,SpiceJet,SG-8702,Mumbai,Morning,one,Morning,Kolkata,Economy,22.83,27,5289
66105,SpiceJet,SG-8710,Mumbai,Night,one,Night,Kolkata,Economy,25.25,27,5289
66106,SpiceJet,SG-8152,Mumbai,Early_Morning,one,Morning,Kolkata,Economy,25.75,27,5289
66107,SpiceJet,SG-8158,Mumbai,Evening,one,Night,Kolkata,Economy,27.58,27,5289
66108,SpiceJet,SG-923,Mumbai,Afternoon,one,Night,Kolkata,Economy,6.58,27,5333
66172,SpiceJet,SG-611,Mumbai,Early_Morning,one,Night,Kolkata,Economy,15.17,27,5915
66173,SpiceJet,SG-475,Mumbai,Night,one,Night,Kolkata,Economy,21.67,27,5915
66174,SpiceJet,SG-251,Mumbai,Evening,one,Night,Kolkata,Economy,25.67,27,5915
66175,SpiceJet,SG-3440,Mumbai,Afternoon,one,Evening,Kolkata,Economy,27.92,27,5915
66176,SpiceJet,SG-4417,Mumbai,Evening,one,Night,Kolkata,Economy,25.58,27,6196
66184,SpiceJet,SG-276,Mumbai,Early_Morning,one,Night,Kolkata,Economy,15.5,27,6512
66211,SpiceJet,SG-163,Mumbai,Afternoon,one,Afternoon,Kolkata,Economy,25.33,27,14348
66231,SpiceJet,SG-241,Mumbai,Early_Morning,zero,Morning,Kolkata,Economy,2.67,28,4715
66232,SpiceJet,SG-467,Mumbai,Evening,zero,Night,Kolkata,Economy,2.75,28,4715
66273,SpiceJet,SG-8710,Mumbai,Night,one,Morning,Kolkata,Economy,11.33,28,5289
66274,SpiceJet,SG-8702,Mumbai,Morning,one,Night,Kolkata,Economy,12.75,28,5289
66275,SpiceJet,SG-8158,Mumbai,Evening,one,Morning,Kolkata,Economy,13.67,28,5289
66276,SpiceJet,SG-8152,Mumbai,Early_Morning,one,Night,Kolkata,Economy,15.67,28,5289
66277,SpiceJet,SG-8702,Mumbai,Morning,one,Morning,Kolkata,Economy,22.83,28,5289
66278,SpiceJet,SG-8710,Mumbai,Night,one,Night,Kolkata,Economy,25.25,28,5289
66279,SpiceJet,SG-8152,Mumbai,Early_Morning,one,Morning,Kolkata,Economy,25.75,28,5289
66280,SpiceJet,SG-8158,Mumbai,Evening,one,Night,Kolkata,Economy,27.58,28,5289
66281,SpiceJet,SG-923,Mumbai,Afternoon,one,Night,Kolkata,Economy,6.58,28,5333
66360,SpiceJet,SG-455,Mumbai,Afternoon,one,Night,Kolkata,Economy,5.92,28,5915
66361,SpiceJet,SG-251,Mumbai,Evening,one,Morning,Kolkata,Economy,13.25,28,5915
66362,SpiceJet,SG-611,Mumbai,Early_Morning,one,Night,Kolkata,Economy,15.17,28,5915
66363,SpiceJet,SG-4417,Mumbai,Evening,one,Night,Kolkata,Economy,25.58,28,5915
66364,SpiceJet,SG-251,Mumbai,Evening,one,Night,Kolkata,Economy,25.67,28,5915
66365,SpiceJet,SG-611,Mumbai,Early_Morning,one,Morning,Kolkata,Economy,26.75,28,5915
66366,SpiceJet,SG-3440,Mumbai,Afternoon,one,Evening,Kolkata,Economy,27.92,28,5915
66368,SpiceJet,SG-276,Mumbai,Early_Morning,one,Night,Kolkata,Economy,15.5,28,6196
66391,SpiceJet,SG-488,Mumbai,Morning,one,Night,Kolkata,Economy,9.83,28,8155
66399,SpiceJet,SG-163,Mumbai,Afternoon,one,Afternoon,Kolkata,Economy,25.33,28,14348
66416,SpiceJet,SG-241,Mumbai,Early_Morning,zero,Morning,Kolkata,Economy,2.67,29,4715
66417,SpiceJet,SG-467,Mumbai,Evening,zero,Night,Kolkata,Economy,2.75,29,4715
66447,SpiceJet,SG-4417,Mumbai,Evening,one,Night,Kolkata,Economy,25.58,29,5000
66458,SpiceJet,SG-8710,Mumbai,Night,one,Morning,Kolkata,Economy,11.33,29,5289
66459,SpiceJet,SG-8702,Mumbai,Morning,one,Night,Kolkata,Economy,12.75,29,5289
66460,SpiceJet,SG-8158,Mumbai,Evening,one,Morning,Kolkata,Economy,13.67,29,5289
66461,SpiceJet,SG-8152,Mumbai,Early_Morning,one,Night,Kolkata,Economy,15.67,29,5289
66462,SpiceJet,SG-8702,Mumbai,Morning,one,Morning,Kolkata,Economy,22.83,29,5289
66463,SpiceJet,SG-8710,Mumbai,Night,one,Night,Kolkata,Economy,25.25,29,5289
66464,SpiceJet,SG-8152,Mumbai,Early_Morning,one,Morning,Kolkata,Economy,25.75,29,5289
66465,SpiceJet,SG-8158,Mumbai,Evening,one,Night,Kolkata,Economy,27.58,29,5289
66466,SpiceJet,SG-923,Mumbai,Afternoon,one,Night,Kolkata,Economy,6.58,29,5333
66523,SpiceJet,SG-611,Mumbai,Early_Morning,one,Night,Kolkata,Economy,15.17,29,5915
66524,SpiceJet,SG-276,Mumbai,Early_Morning,one,Night,Kolkata,Economy,15.5,29,5915
66525,SpiceJet,SG-475,Mumbai,Night,one,Night,Kolkata,Economy,21.67,29,5915
66526,SpiceJet,SG-251,Mumbai,Evening,one,Night,Kolkata,Economy,25.67,29,5915
66527,SpiceJet,SG-3440,Mumbai,Afternoon,one,Evening,Kolkata,Economy,27.92,29,5915
66585,SpiceJet,SG-163,Mumbai,Afternoon,one,Afternoon,Kolkata,Economy,25.33,29,14348
66603,SpiceJet,SG-241,Mumbai,Early_Morning,zero,Morning,Kolkata,Economy,2.67,30,4715
66604,SpiceJet,SG-467,Mumbai,Evening,zero,Night,Kolkata,Economy,2.75,30,4715
66635,SpiceJet,SG-276,Mumbai,Early_Morning,one,Night,Kolkata,Economy,15.5,30,5000
66636,SpiceJet,SG-251,Mumbai,Evening,one,Night,Kolkata,Economy,25.67,30,5004
66642,SpiceJet,SG-8710,Mumbai,Night,one,Morning,Kolkata,Economy,11.33,30,5636
66643,SpiceJet,SG-8158,Mumbai,Evening,one,Morning,Kolkata,Economy,13.67,30,5636
66644,SpiceJet,SG-8702,Mumbai,Morning,one,Morning,Kolkata,Economy,22.83,30,5636
66645,SpiceJet,SG-8710,Mumbai,Night,one,Night,Kolkata,Economy,25.25,30,5636
66646,SpiceJet,SG-8152,Mumbai,Early_Morning,one,Morning,Kolkata,Economy,25.75,30,5636
66647,SpiceJet,SG-8158,Mumbai,Evening,one,Night,Kolkata,Economy,27.58,30,5636
66648,SpiceJet,SG-8702,Mumbai,Morning,one,Night,Kolkata,Economy,12.75,30,5289
66649,SpiceJet,SG-8152,Mumbai,Early_Morning,one,Night,Kolkata,Economy,15.67,30,5289
66725,SpiceJet,SG-611,Mumbai,Early_Morning,one,Night,Kolkata,Economy,15.17,30,5915
66726,SpiceJet,SG-475,Mumbai,Night,one,Night,Kolkata,Economy,21.67,30,5915
66727,SpiceJet,SG-3440,Mumbai,Afternoon,one,Evening,Kolkata,Economy,27.92,30,5915
66728,SpiceJet,SG-4417,Mumbai,Evening,one,Night,Kolkata,Economy,25.58,30,5924
66735,SpiceJet,SG-455,Mumbai,Afternoon,one,Night,Kolkata,Economy,5.92,30,6196
66742,SpiceJet,SG-923,Mumbai,Afternoon,one,Night,Kolkata,Economy,6.58,30,6824
66757,SpiceJet,SG-488,Mumbai,Morning,one,Night,Kolkata,Economy,9.83,30,8155
66769,SpiceJet,SG-163,Mumbai,Afternoon,one,Afternoon,Kolkata,Economy,25.33,30,12994
66809,SpiceJet,SG-241,Mumbai,Early_Morning,zero,Morning,Kolkata,Economy,2.67,31,4500
66810,SpiceJet,SG-467,Mumbai,Evening,zero,Night,Kolkata,Economy,2.75,31,4500
66831,SpiceJet,SG-251,Mumbai,Evening,one,Morning,Kolkata,Economy,13.25,31,4939
66832,SpiceJet,SG-611,Mumbai,Early_Morning,one,Morning,Kolkata,Economy,26.75,31,4939
66852,SpiceJet,SG-4417,Mumbai,Evening,one,Night,Kolkata,Economy,25.58,31,5231
66853,SpiceJet,SG-611,Mumbai,Early_Morning,one,Night,Kolkata,Economy,15.17,31,5253
66854,SpiceJet,SG-251,Mumbai,Evening,one,Night,Kolkata,Economy,25.67,31,5253
66859,SpiceJet,SG-923,Mumbai,Afternoon,one,Night,Kolkata,Economy,6.58,31,5763
66862,SpiceJet,SG-276,Mumbai,Early_Morning,one,Night,Kolkata,Economy,15.5,31,5441
66864,SpiceJet,SG-8710,Mumbai,Night,one,Morning,Kolkata,Economy,11.33,31,5818
66865,SpiceJet,SG-8702,Mumbai,Morning,one,Night,Kolkata,Economy,12.75,31,5818
66866,SpiceJet,SG-8152,Mumbai,Early_Morning,one,Night,Kolkata,Economy,15.67,31,5818
66867,SpiceJet,SG-8702,Mumbai,Morning,one,Morning,Kolkata,Economy,22.83,31,5818
66868,SpiceJet,SG-8710,Mumbai,Night,one,Night,Kolkata,Economy,25.25,31,5818
66869,SpiceJet,SG-8152,Mumbai,Early_Morning,one,Morning,Kolkata,Economy,25.75,31,5818
66912,SpiceJet,SG-8158,Mumbai,Evening,one,Morning,Kolkata,Economy,13.67,31,6093
66913,SpiceJet,SG-8158,Mumbai,Evening,one,Night,Kolkata,Economy,27.58,31,6093
66950,SpiceJet,SG-455,Mumbai,Afternoon,one,Night,Kolkata,Economy,5.92,31,6953
66956,SpiceJet,SG-488,Mumbai,Morning,one,Night,Kolkata,Economy,9.83,31,7528
66965,SpiceJet,SG-3440,Mumbai,Afternoon,one,Evening,Kolkata,Economy,27.92,31,10384
66966,SpiceJet,SG-163,Mumbai,Afternoon,one,Afternoon,Kolkata,Economy,25.33,31,10496
67010,SpiceJet,SG-241,Mumbai,Early_Morning,zero,Morning,Kolkata,Economy,2.67,32,4500
67011,SpiceJet,SG-467,Mumbai,Evening,zero,Night,Kolkata,Economy,2.75,32,4500
67058,SpiceJet,SG-276,Mumbai,Early_Morning,one,Night,Kolkata,Economy,15.5,32,5231
67059,SpiceJet,SG-611,Mumbai,Early_Morning,one,Night,Kolkata,Economy,15.17,32,5253
67060,SpiceJet,SG-251,Mumbai,Evening,one,Night,Kolkata,Economy,25.67,32,5253
67064,SpiceJet,SG-8710,Mumbai,Night,one,Morning,Kolkata,Economy,11.33,32,5818
67065,SpiceJet,SG-8702,Mumbai,Morning,one,Night,Kolkata,Economy,12.75,32,5818
67066,SpiceJet,SG-8158,Mumbai,Evening,one,Morning,Kolkata,Economy,13.67,32,5818
67067,SpiceJet,SG-8152,Mumbai,Early_Morning,one,Night,Kolkata,Economy,15.67,32,5818
67068,SpiceJet,SG-8702,Mumbai,Morning,one,Morning,Kolkata,Economy,22.83,32,5818
67069,SpiceJet,SG-8152,Mumbai,Early_Morning,one,Morning,Kolkata,Economy,25.75,32,5818
67111,SpiceJet,SG-923,Mumbai,Afternoon,one,Night,Kolkata,Economy,6.58,32,5763
67118,SpiceJet,SG-8710,Mumbai,Night,one,Night,Kolkata,Economy,25.25,32,5818
67119,SpiceJet,SG-8158,Mumbai,Evening,one,Night,Kolkata,Economy,27.58,32,5818
67138,SpiceJet,SG-475,Mumbai,Night,one,Night,Kolkata,Economy,21.67,32,6953
67150,SpiceJet,SG-4417,Mumbai,Evening,one,Night,Kolkata,Economy,25.58,32,8801
67151,SpiceJet,SG-3440,Mumbai,Afternoon,one,Evening,Kolkata,Economy,27.92,32,10384
67152,SpiceJet,SG-163,Mumbai,Afternoon,one,Afternoon,Kolkata,Economy,25.33,32,10496
67196,SpiceJet,SG-241,Mumbai,Early_Morning,zero,Morning,Kolkata,Economy,2.67,33,4500
67197,SpiceJet,SG-467,Mumbai,Evening,zero,Night,Kolkata,Economy,2.75,33,4500
67239,SpiceJet,SG-611,Mumbai,Early_Morning,one,Night,Kolkata,Economy,15.17,33,5253
67240,SpiceJet,SG-251,Mumbai,Evening,one,Night,Kolkata,Economy,25.67,33,5253
67245,SpiceJet,SG-8710,Mumbai,Night,one,Morning,Kolkata,Economy,11.33,33,5818
67246,SpiceJet,SG-8702,Mumbai,Morning,one,Morning,Kolkata,Economy,22.83,33,5818
67247,SpiceJet,SG-8152,Mumbai,Early_Morning,one,Morning,Kolkata,Economy,25.75,33,5818
67253,SpiceJet,SG-251,Mumbai,Evening,one,Morning,Kolkata,Economy,13.25,33,5567
67254,SpiceJet,SG-611,Mumbai,Early_Morning,one,Morning,Kolkata,Economy,26.75,33,5567
67294,SpiceJet,SG-8158,Mumbai,Evening,one,Morning,Kolkata,Economy,13.67,33,6093
67301,SpiceJet,SG-8702,Mumbai,Morning,one,Night,Kolkata,Economy,12.75,33,5818
67302,SpiceJet,SG-8152,Mumbai,Early_Morning,one,Night,Kolkata,Economy,15.67,33,5818
67311,SpiceJet,SG-8710,Mumbai,Night,one,Night,Kolkata,Economy,25.25,33,6134
67322,SpiceJet,SG-8158,Mumbai,Evening,one,Night,Kolkata,Economy,27.58,33,6407
67324,SpiceJet,SG-923,Mumbai,Afternoon,one,Night,Kolkata,Economy,6.58,33,6813
67325,SpiceJet,SG-455,Mumbai,Afternoon,one,Night,Kolkata,Economy,5.92,33,6953
67328,SpiceJet,SG-488,Mumbai,Morning,one,Night,Kolkata,Economy,9.83,33,7318
67338,SpiceJet,SG-276,Mumbai,Early_Morning,one,Night,Kolkata,Economy,15.5,33,8801
67339,SpiceJet,SG-163,Mumbai,Afternoon,one,Afternoon,Kolkata,Economy,25.33,33,10496
67340,SpiceJet,SG-4417,Mumbai,Evening,one,Night,Kolkata,Economy,25.58,33,10377
67341,SpiceJet,SG-3440,Mumbai,Afternoon,one,Evening,Kolkata,Economy,27.92,33,10384
67378,SpiceJet,SG-241,Mumbai,Early_Morning,zero,Morning,Kolkata,Economy,2.67,34,4500
67379,SpiceJet,SG-467,Mumbai,Evening,zero,Night,Kolkata,Economy,2.75,34,4500
67417,SpiceJet,SG-4417,Mumbai,Evening,one,Night,Kolkata,Economy,25.58,34,5231
67418,SpiceJet,SG-611,Mumbai,Early_Morning,one,Night,Kolkata,Economy,15.17,34,5253
67419,SpiceJet,SG-251,Mumbai,Evening,one,Night,Kolkata,Economy,25.67,34,5253
67470,SpiceJet,SG-8158,Mumbai,Evening,one,Morning,Kolkata,Economy,13.67,34,6093
67482,SpiceJet,SG-8702,Mumbai,Morning,one,Morning,Kolkata,Economy,22.83,34,5818
67486,SpiceJet,SG-8710,Mumbai,Night,one,Morning,Kolkata,Economy,11.33,34,6093
67487,SpiceJet,SG-8152,Mumbai,Early_Morning,one,Morning,Kolkata,Economy,25.75,34,6093
67488,SpiceJet,SG-8702,Mumbai,Morning,one,Night,Kolkata,Economy,12.75,34,6134
67495,SpiceJet,SG-8152,Mumbai,Early_Morning,one,Night,Kolkata,Economy,15.67,34,6407
67501,SpiceJet,SG-8710,Mumbai,Night,one,Night,Kolkata,Economy,25.25,34,6723
67502,SpiceJet,SG-8158,Mumbai,Evening,one,Night,Kolkata,Economy,27.58,34,6723
67507,SpiceJet,SG-475,Mumbai,Night,one,Night,Kolkata,Economy,21.67,34,6953
67512,SpiceJet,SG-923,Mumbai,Afternoon,one,Night,Kolkata,Economy,6.58,34,7757
67520,SpiceJet,SG-163,Mumbai,Afternoon,one,Afternoon,Kolkata,Economy,25.33,34,10496
67523,SpiceJet,SG-276,Mumbai,Early_Morning,one,Night,Kolkata,Economy,15.5,34,10377
67524,SpiceJet,SG-3440,Mumbai,Afternoon,one,Evening,Kolkata,Economy,27.92,34,10384
67565,SpiceJet,SG-467,Mumbai,Evening,zero,Night,Kolkata,Economy,2.75,35,4783
67567,SpiceJet,SG-251,Mumbai,Evening,one,Morning,Kolkata,Economy,13.25,35,4939
67568,SpiceJet,SG-611,Mumbai,Early_Morning,one,Morning,Kolkata,Economy,26.75,35,4939
67595,SpiceJet,SG-611,Mumbai,Early_Morning,one,Night,Kolkata,Economy,15.17,35,5253
67596,SpiceJet,SG-251,Mumbai,Evening,one,Night,Kolkata,Economy,25.67,35,5253
67603,SpiceJet,SG-4417,Mumbai,Evening,one,Night,Kolkata,Economy,25.58,35,5398
67607,SpiceJet,SG-8702,Mumbai,Morning,one,Morning,Kolkata,Economy,22.83,35,5818
67608,SpiceJet,SG-241,Mumbai,Early_Morning,zero,Morning,Kolkata,Economy,2.67,35,5517
67646,SpiceJet,SG-276,Mumbai,Early_Morning,one,Night,Kolkata,Economy,15.5,35,5642
67653,SpiceJet,SG-8710,Mumbai,Night,one,Morning,Kolkata,Economy,11.33,35,6093
67654,SpiceJet,SG-8152,Mumbai,Early_Morning,one,Morning,Kolkata,Economy,25.75,35,6093
67669,SpiceJet,SG-8158,Mumbai,Evening,one,Morning,Kolkata,Economy,13.67,35,6093
67688,SpiceJet,SG-8702,Mumbai,Morning,one,Night,Kolkata,Economy,12.75,35,6448
67694,SpiceJet,SG-8152,Mumbai,Early_Morning,one,Night,Kolkata,Economy,15.67,35,6723
67695,SpiceJet,SG-8710,Mumbai,Night,one,Night,Kolkata,Economy,25.25,35,6723
67696,SpiceJet,SG-8158,Mumbai,Evening,one,Night,Kolkata,Economy,27.58,35,6723
67700,SpiceJet,SG-923,Mumbai,Afternoon,one,Night,Kolkata,Economy,6.58,35,7233
67713,SpiceJet,SG-455,Mumbai,Afternoon,one,Night,Kolkata,Economy,5.92,35,9418
67714,SpiceJet,SG-3440,Mumbai,Afternoon,one,Evening,Kolkata,Economy,27.92,35,10384
67715,SpiceJet,SG-163,Mumbai,Afternoon,one,Afternoon,Kolkata,Economy,25.33,35,10894
67716,SpiceJet,SG-488,Mumbai,Morning,one,Night,Kolkata,Economy,9.83,35,10574
67733,SpiceJet,SG-467,Mumbai,Evening,zero,Night,Kolkata,Economy,2.75,36,4500
67792,SpiceJet,SG-276,Mumbai,Early_Morning,one,Night,Kolkata,Economy,15.5,36,5231
67793,SpiceJet,SG-4417,Mumbai,Evening,one,Night,Kolkata,Economy,25.58,36,5231
67795,SpiceJet,SG-611,Mumbai,Early_Morning,one,Night,Kolkata,Economy,15.17,36,5253
67796,SpiceJet,SG-251,Mumbai,Evening,one,Night,Kolkata,Economy,25.67,36,5253
67801,SpiceJet,SG-8702,Mumbai,Morning,one,Morning,Kolkata,Economy,22.83,36,5818
67802,SpiceJet,SG-241,Mumbai,Early_Morning,zero,Morning,Kolkata,Economy,2.67,36,5517
67852,SpiceJet,SG-8710,Mumbai,Night,one,Morning,Kolkata,Economy,11.33,36,6093
67853,SpiceJet,SG-8158,Mumbai,Evening,one,Morning,Kolkata,Economy,13.67,36,6093
67854,SpiceJet,SG-8710,Mumbai,Night,one,Night,Kolkata,Economy,25.25,36,6093
67855,SpiceJet,SG-8158,Mumbai,Evening,one,Night,Kolkata,Economy,27.58,36,6093
67863,SpiceJet,SG-8152,Mumbai,Early_Morning,one,Morning,Kolkata,Economy,25.75,36,6093
67887,SpiceJet,SG-8702,Mumbai,Morning,one,Night,Kolkata,Economy,12.75,36,6448
67889,SpiceJet,SG-8152,Mumbai,Early_Morning,one,Night,Kolkata,Economy,15.67,36,6723
67891,SpiceJet,SG-923,Mumbai,Afternoon,one,Night,Kolkata,Economy,6.58,36,6813
67892,SpiceJet,SG-475,Mumbai,Night,one,Night,Kolkata,Economy,21.67,36,6953
67904,SpiceJet,SG-3440,Mumbai,Afternoon,one,Evening,Kolkata,Economy,27.92,36,10384
67906,SpiceJet,SG-163,Mumbai,Afternoon,one,Afternoon,Kolkata,Economy,25.33,36,10894
67923,SpiceJet,SG-467,Mumbai,Evening,zero,Night,Kolkata,Economy,2.75,37,4500
67952,SpiceJet,SG-241,Mumbai,Early_Morning,zero,Morning,Kolkata,Economy,2.67,37,4783
67968,SpiceJet,SG-276,Mumbai,Early_Morning,one,Night,Kolkata,Economy,15.5,37,5231
67969,SpiceJet,SG-4417,Mumbai,Evening,one,Night,Kolkata,Economy,25.58,37,5231
67970,SpiceJet,SG-611,Mumbai,Early_Morning,one,Night,Kolkata,Economy,15.17,37,5253
67971,SpiceJet,SG-251,Mumbai,Evening,one,Night,Kolkata,Economy,25.67,37,5253
67978,SpiceJet,SG-8710,Mumbai,Night,one,Morning,Kolkata,Economy,11.33,37,5818
67979,SpiceJet,SG-8702,Mumbai,Morning,one,Night,Kolkata,Economy,12.75,37,5818
67980,SpiceJet,SG-8702,Mumbai,Morning,one,Morning,Kolkata,Economy,22.83,37,5818
67981,SpiceJet,SG-8710,Mumbai,Night,one,Night,Kolkata,Economy,25.25,37,5818
68024,SpiceJet,SG-8158,Mumbai,Evening,one,Morning,Kolkata,Economy,13.67,37,6093
68025,SpiceJet,SG-8152,Mumbai,Early_Morning,one,Night,Kolkata,Economy,15.67,37,6093
68026,SpiceJet,SG-8152,Mumbai,Early_Morning,one,Morning,Kolkata,Economy,25.75,37,6093
68027,SpiceJet,SG-8158,Mumbai,Evening,one,Night,Kolkata,Economy,27.58,37,6093
68067,SpiceJet,SG-923,Mumbai,Afternoon,one,Night,Kolkata,Economy,6.58,37,6393
68072,SpiceJet,SG-455,Mumbai,Afternoon,one,Night,Kolkata,Economy,5.92,37,7108
68078,SpiceJet,SG-488,Mumbai,Morning,one,Night,Kolkata,Economy,9.83,37,7528
68086,SpiceJet,SG-3440,Mumbai,Afternoon,one,Evening,Kolkata,Economy,27.92,37,10384
68087,SpiceJet,SG-475,Mumbai,Night,one,Night,Kolkata,Economy,21.67,37,10420
68094,SpiceJet,SG-163,Mumbai,Afternoon,one,Afternoon,Kolkata,Economy,25.33,37,14066
68111,SpiceJet,SG-467,Mumbai,Evening,zero,Night,Kolkata,Economy,2.75,38,4500
68128,SpiceJet,SG-241,Mumbai,Early_Morning,zero,Morning,Kolkata,Economy,2.67,38,4783
68130,SpiceJet,SG-251,Mumbai,Evening,one,Morning,Kolkata,Economy,13.25,38,4939
68131,SpiceJet,SG-251,Mumbai,Evening,one,Night,Kolkata,Economy,25.67,38,4939
68132,SpiceJet,SG-611,Mumbai,Early_Morning,one,Morning,Kolkata,Economy,26.75,38,4939
68151,SpiceJet,SG-276,Mumbai,Early_Morning,one,Night,Kolkata,Economy,15.5,38,5231
68152,SpiceJet,SG-4417,Mumbai,Evening,one,Night,Kolkata,Economy,25.58,38,5231
68154,SpiceJet,SG-611,Mumbai,Early_Morning,one,Night,Kolkata,Economy,15.17,38,5253
68159,SpiceJet,SG-923,Mumbai,Afternoon,one,Night,Kolkata,Economy,6.58,38,5763
68162,SpiceJet,SG-8702,Mumbai,Morning,one,Night,Kolkata,Economy,12.75,38,5818
68163,SpiceJet,SG-8702,Mumbai,Morning,one,Morning,Kolkata,Economy,22.83,38,5818
68199,SpiceJet,SG-8158,Mumbai,Evening,one,Morning,Kolkata,Economy,13.67,38,6093
68200,SpiceJet,SG-8152,Mumbai,Early_Morning,one,Night,Kolkata,Economy,15.67,38,6093
68201,SpiceJet,SG-8152,Mumbai,Early_Morning,one,Morning,Kolkata,Economy,25.75,38,6093
68202,SpiceJet,SG-8158,Mumbai,Evening,one,Night,Kolkata,Economy,27.58,38,6093
68231,SpiceJet,SG-8710,Mumbai,Night,one,Morning,Kolkata,Economy,11.33,38,6093
68232,SpiceJet,SG-8710,Mumbai,Night,one,Night,Kolkata,Economy,25.25,38,6093
68272,SpiceJet,SG-3440,Mumbai,Afternoon,one,Evening,Kolkata,Economy,27.92,38,10384
68273,SpiceJet,SG-455,Mumbai,Afternoon,one,Night,Kolkata,Economy,5.92,38,10420
68275,SpiceJet,SG-488,Mumbai,Morning,one,Night,Kolkata,Economy,9.83,38,10575
68290,SpiceJet,SG-163,Mumbai,Afternoon,one,Afternoon,Kolkata,Economy,25.33,38,20470
68330,SpiceJet,SG-467,Mumbai,Evening,zero,Night,Kolkata,Economy,2.75,39,4500
68348,SpiceJet,SG-241,Mumbai,Early_Morning,zero,Morning,Kolkata,Economy,2.67,39,4783
68350,SpiceJet,SG-611,Mumbai,Early_Morning,one,Night,Kolkata,Economy,15.17,39,4939
68351,SpiceJet,SG-251,Mumbai,Evening,one,Night,Kolkata,Economy,25.67,39,4939
68377,SpiceJet,SG-276,Mumbai,Early_Morning,one,Night,Kolkata,Economy,15.5,39,5231
68378,SpiceJet,SG-4417,Mumbai,Evening,one,Night,Kolkata,Economy,25.58,39,5231
68380,SpiceJet,SG-923,Mumbai,Afternoon,one,Night,Kolkata,Economy,6.58,39,5763
68383,SpiceJet,SG-8710,Mumbai,Night,one,Morning,Kolkata,Economy,11.33,39,5818
68384,SpiceJet,SG-8702,Mumbai,Morning,one,Night,Kolkata,Economy,12.75,39,5818
68385,SpiceJet,SG-8158,Mumbai,Evening,one,Morning,Kolkata,Economy,13.67,39,5818
68386,SpiceJet,SG-8152,Mumbai,Early_Morning,one,Night,Kolkata,Economy,15.67,39,5818
68387,SpiceJet,SG-8702,Mumbai,Morning,one,Morning,Kolkata,Economy,22.83,39,5818
68388,SpiceJet,SG-8710,Mumbai,Night,one,Night,Kolkata,Economy,25.25,39,5818
68389,SpiceJet,SG-8152,Mumbai,Early_Morning,one,Morning,Kolkata,Economy,25.75,39,5818
68390,SpiceJet,SG-8158,Mumbai,Evening,one,Night,Kolkata,Economy,27.58,39,5818
68462,SpiceJet,SG-475,Mumbai,Night,one,Night,Kolkata,Economy,21.67,39,6953
68473,SpiceJet,SG-3440,Mumbai,Afternoon,one,Evening,Kolkata,Economy,27.92,39,10384
68477,SpiceJet,SG-163,Mumbai,Afternoon,one,Afternoon,Kolkata,Economy,25.33,39,20470
68517,SpiceJet,SG-241,Mumbai,Early_Morning,zero,Morning,Kolkata,Economy,2.67,40,4500
68518,SpiceJet,SG-467,Mumbai,Evening,zero,Night,Kolkata,Economy,2.75,40,4500
68550,SpiceJet,SG-251,Mumbai,Evening,one,Morning,Kolkata,Economy,13.25,40,4939
68551,SpiceJet,SG-611,Mumbai,Early_Morning,one,Night,Kolkata,Economy,15.17,40,4939
68552,SpiceJet,SG-251,Mumbai,Evening,one,Night,Kolkata,Economy,25.67,40,4939
68553,SpiceJet,SG-611,Mumbai,Early_Morning,one,Morning,Kolkata,Economy,26.75,40,4939
68565,SpiceJet,SG-4417,Mumbai,Evening,one,Night,Kolkata,Economy,25.58,40,5007
68573,SpiceJet,SG-276,Mumbai,Early_Morning,one,Night,Kolkata,Economy,15.5,40,5231
68578,SpiceJet,SG-923,Mumbai,Afternoon,one,Night,Kolkata,Economy,6.58,40,5763
68581,SpiceJet,SG-8710,Mumbai,Night,one,Morning,Kolkata,Economy,11.33,40,5818
68582,SpiceJet,SG-8702,Mumbai,Morning,one,Night,Kolkata,Economy,12.75,40,5818
68583,SpiceJet,SG-8158,Mumbai,Evening,one,Morning,Kolkata,Economy,13.67,40,5818
68584,SpiceJet,SG-8702,Mumbai,Morning,one,Morning,Kolkata,Economy,22.83,40,5818
68585,SpiceJet,SG-8710,Mumbai,Night,one,Night,Kolkata,Economy,25.25,40,5818
68586,SpiceJet,SG-8158,Mumbai,Evening,one,Night,Kolkata,Economy,27.58,40,5818
68634,SpiceJet,SG-8152,Mumbai,Early_Morning,one,Night,Kolkata,Economy,15.67,40,6093
68635,SpiceJet,SG-8152,Mumbai,Early_Morning,one,Morning,Kolkata,Economy,25.75,40,6093
68653,SpiceJet,SG-455,Mumbai,Afternoon,one,Night,Kolkata,Economy,5.92,40,6953
68654,SpiceJet,SG-488,Mumbai,Morning,one,Night,Kolkata,Economy,9.83,40,7108
68663,SpiceJet,SG-3440,Mumbai,Afternoon,one,Evening,Kolkata,Economy,27.92,40,10384
68666,SpiceJet,SG-163,Mumbai,Afternoon,one,Afternoon,Kolkata,Economy,25.33,40,20470
68704,SpiceJet,SG-241,Mumbai,Early_Morning,zero,Morning,Kolkata,Economy,2.67,41,4500
68705,SpiceJet,SG-467,Mumbai,Evening,zero,Night,Kolkata,Economy,2.75,41,4500
68744,SpiceJet,SG-611,Mumbai,Early_Morning,one,Night,Kolkata,Economy,15.17,41,4939
68745,SpiceJet,SG-251,Mumbai,Evening,one,Night,Kolkata,Economy,25.67,41,4939
68750,SpiceJet,SG-276,Mumbai,Early_Morning,one,Night,Kolkata,Economy,15.5,41,5007
68751,SpiceJet,SG-4417,Mumbai,Evening,one,Night,Kolkata,Economy,25.58,41,5007
68757,SpiceJet,SG-923,Mumbai,Afternoon,one,Night,Kolkata,Economy,6.58,41,5763
68760,SpiceJet,SG-8710,Mumbai,Night,one,Morning,Kolkata,Economy,11.33,41,5818
68761,SpiceJet,SG-8702,Mumbai,Morning,one,Night,Kolkata,Economy,12.75,41,5818
68762,SpiceJet,SG-8158,Mumbai,Evening,one,Morning,Kolkata,Economy,13.67,41,5818
68763,SpiceJet,SG-8702,Mumbai,Morning,one,Morning,Kolkata,Economy,22.83,41,5818
68764,SpiceJet,SG-8710,Mumbai,Night,one,Night,Kolkata,Economy,25.25,41,5818
68765,SpiceJet,SG-8158,Mumbai,Evening,one,Night,Kolkata,Economy,27.58,41,5818
68812,SpiceJet,SG-8152,Mumbai,Early_Morning,one,Night,Kolkata,Economy,15.67,41,6093
68813,SpiceJet,SG-8152,Mumbai,Early_Morning,one,Morning,Kolkata,Economy,25.75,41,6093
68835,SpiceJet,SG-475,Mumbai,Night,one,Night,Kolkata,Economy,21.67,41,6953
68843,SpiceJet,SG-3440,Mumbai,Afternoon,one,Evening,Kolkata,Economy,27.92,41,10384
68847,SpiceJet,SG-163,Mumbai,Afternoon,one,Afternoon,Kolkata,Economy,25.33,41,20470
68891,SpiceJet,SG-241,Mumbai,Early_Morning,zero,Morning,Kolkata,Economy,2.67,42,4500
68892,SpiceJet,SG-467,Mumbai,Evening,zero,Night,Kolkata,Economy,2.75,42,4500
68915,SpiceJet,SG-251,Mumbai,Evening,one,Morning,Kolkata,Economy,13.25,42,4939
68916,SpiceJet,SG-611,Mumbai,Early_Morning,one,Night,Kolkata,Economy,15.17,42,4939
68917,SpiceJet,SG-611,Mumbai,Early_Morning,one,Morning,Kolkata,Economy,26.75,42,4939
68935,SpiceJet,SG-276,Mumbai,Early_Morning,one,Night,Kolkata,Economy,15.5,42,5007
68939,SpiceJet,SG-4417,Mumbai,Evening,one,Night,Kolkata,Economy,25.58,42,5231
68940,SpiceJet,SG-251,Mumbai,Evening,one,Night,Kolkata,Economy,25.67,42,5253
68944,SpiceJet,SG-923,Mumbai,Afternoon,one,Night,Kolkata,Economy,6.58,42,5763
68947,SpiceJet,SG-8710,Mumbai,Night,one,Morning,Kolkata,Economy,11.33,42,5818
68948,SpiceJet,SG-8702,Mumbai,Morning,one,Night,Kolkata,Economy,12.75,42,5818
68949,SpiceJet,SG-8158,Mumbai,Evening,one,Morning,Kolkata,Economy,13.67,42,5818
68950,SpiceJet,SG-8152,Mumbai,Early_Morning,one,Night,Kolkata,Economy,15.67,42,5818
68951,SpiceJet,SG-8702,Mumbai,Morning,one,Morning,Kolkata,Economy,22.83,42,5818
68952,SpiceJet,SG-8710,Mumbai,Night,one,Night,Kolkata,Economy,25.25,42,5818
68953,SpiceJet,SG-8152,Mumbai,Early_Morning,one,Morning,Kolkata,Economy,25.75,42,5818
68954,SpiceJet,SG-8158,Mumbai,Evening,one,Night,Kolkata,Economy,27.58,42,5818
69022,SpiceJet,SG-455,Mumbai,Afternoon,one,Night,Kolkata,Economy,5.92,42,6953
69032,SpiceJet,SG-488,Mumbai,Morning,one,Night,Kolkata,Economy,9.83,42,8894
69034,SpiceJet,SG-3440,Mumbai,Afternoon,one,Evening,Kolkata,Economy,27.92,42,10384
69037,SpiceJet,SG-163,Mumbai,Afternoon,one,Afternoon,Kolkata,Economy,25.33,42,20470
69079,SpiceJet,SG-467,Mumbai,Evening,zero,Night,Kolkata,Economy,2.75,43,4500
69106,SpiceJet,SG-241,Mumbai,Early_Morning,zero,Morning,Kolkata,Economy,2.67,43,4783
69124,SpiceJet,SG-4417,Mumbai,Evening,one,Night,Kolkata,Economy,25.58,43,5231
69125,SpiceJet,SG-611,Mumbai,Early_Morning,one,Night,Kolkata,Economy,15.17,43,5253
69126,SpiceJet,SG-251,Mumbai,Evening,one,Night,Kolkata,Economy,25.67,43,5253
69129,SpiceJet,SG-276,Mumbai,Early_Morning,one,Night,Kolkata,Economy,15.5,43,5398
69130,SpiceJet,SG-923,Mumbai,Afternoon,one,Night,Kolkata,Economy,6.58,43,5763
69133,SpiceJet,SG-8710,Mumbai,Night,one,Morning,Kolkata,Economy,11.33,43,5818
69134,SpiceJet,SG-8702,Mumbai,Morning,one,Night,Kolkata,Economy,12.75,43,5818
69135,SpiceJet,SG-8158,Mumbai,Evening,one,Morning,Kolkata,Economy,13.67,43,5818
69136,SpiceJet,SG-8152,Mumbai,Early_Morning,one,Night,Kolkata,Economy,15.67,43,5818
69137,SpiceJet,SG-8702,Mumbai,Morning,one,Morning,Kolkata,Economy,22.83,43,5818
69138,SpiceJet,SG-8710,Mumbai,Night,one,Night,Kolkata,Economy,25.25,43,5818
69139,SpiceJet,SG-8152,Mumbai,Early_Morning,one,Morning,Kolkata,Economy,25.75,43,5818
69140,SpiceJet,SG-8158,Mumbai,Evening,one,Night,Kolkata,Economy,27.58,43,5818
69209,SpiceJet,SG-475,Mumbai,Night,one,Night,Kolkata,Economy,21.67,43,6953
69220,SpiceJet,SG-3440,Mumbai,Afternoon,one,Evening,Kolkata,Economy,27.92,43,10384
69223,SpiceJet,SG-163,Mumbai,Afternoon,one,Afternoon,Kolkata,Economy,25.33,43,20470
69253,SpiceJet,SG-241,Mumbai,Early_Morning,zero,Morning,Kolkata,Economy,2.67,44,4500
69294,SpiceJet,SG-467,Mumbai,Evening,zero,Night,Kolkata,Economy,2.75,44,5097
69300,SpiceJet,SG-276,Mumbai,Early_Morning,one,Night,Kolkata,Economy,15.5,44,5231
69301,SpiceJet,SG-611,Mumbai,Early_Morning,one,Night,Kolkata,Economy,15.17,44,5253
69307,SpiceJet,SG-8702,Mumbai,Morning,one,Night,Kolkata,Economy,12.75,44,5818
69308,SpiceJet,SG-8152,Mumbai,Early_Morning,one,Night,Kolkata,Economy,15.67,44,5818
69369,SpiceJet,SG-8710,Mumbai,Night,one,Morning,Kolkata,Economy,10.33,44,5818
69370,SpiceJet,SG-8158,Mumbai,Evening,one,Morning,Kolkata,Economy,12.67,44,5818
69371,SpiceJet,SG-8710,Mumbai,Night,one,Morning,Kolkata,Economy,13.92,44,5818
69372,SpiceJet,SG-8158,Mumbai,Evening,one,Morning,Kolkata,Economy,16.25,44,5818
69373,SpiceJet,SG-8702,Mumbai,Morning,one,Morning,Kolkata,Economy,21.83,44,5818
69374,SpiceJet,SG-8152,Mumbai,Early_Morning,one,Morning,Kolkata,Economy,24.75,44,5818
69375,SpiceJet,SG-8702,Mumbai,Morning,one,Morning,Kolkata,Economy,25.42,44,5818
69377,SpiceJet,SG-923,Mumbai,Afternoon,one,Night,Kolkata,Economy,6.58,44,6077
69388,SpiceJet,SG-8710,Mumbai,Night,one,Night,Kolkata,Economy,22.75,44,6448
69389,SpiceJet,SG-8158,Mumbai,Evening,one,Night,Kolkata,Economy,25.08,44,6448
69393,SpiceJet,SG-455,Mumbai,Afternoon,one,Night,Kolkata,Economy,5.92,44,6953
69400,SpiceJet,SG-488,Mumbai,Morning,one,Night,Kolkata,Economy,9.83,44,7528
69405,SpiceJet,SG-3440,Mumbai,Afternoon,one,Afternoon,Kolkata,Economy,25.0,44,10384
69406,SpiceJet,SG-163,Mumbai,Afternoon,one,Morning,Kolkata,Economy,21.67,44,10496
69407,SpiceJet,SG-163,Mumbai,Afternoon,one,Afternoon,Kolkata,Economy,25.33,44,10496
69452,SpiceJet,SG-487,Mumbai,Evening,zero,Night,Kolkata,Economy,2.58,45,4500
69453,SpiceJet,SG-241,Mumbai,Early_Morning,zero,Morning,Kolkata,Economy,2.75,45,4500
69483,SpiceJet,SG-634,Mumbai,Night,one,Morning,Kolkata,Economy,10.83,45,4963
69484,SpiceJet,SG-415,Mumbai,Night,one,Morning,Kolkata,Economy,12.0,45,4963
69502,SpiceJet,SG-634,Mumbai,Night,one,Night,Kolkata,Economy,23.08,45,5167
69503,SpiceJet,SG-415,Mumbai,Night,one,Night,Kolkata,Economy,24.25,45,5167
69506,SpiceJet,SG-251,Mumbai,Evening,one,Morning,Kolkata,Economy,13.5,45,5253
69561,SpiceJet,SG-8179,Mumbai,Night,one,Morning,Kolkata,Economy,11.58,45,5818
69562,SpiceJet,SG-8179,Mumbai,Night,one,Morning,Kolkata,Economy,15.17,45,5818
69563,SpiceJet,SG-8702,Mumbai,Morning,one,Morning,Kolkata,Economy,21.83,45,5818
69564,SpiceJet,SG-8179,Mumbai,Night,one,Night,Kolkata,Economy,24.0,45,5818
69565,SpiceJet,SG-8152,Mumbai,Early_Morning,one,Morning,Kolkata,Economy,24.75,45,5818
69566,SpiceJet,SG-8702,Mumbai,Morning,one,Morning,Kolkata,Economy,25.42,45,5818
69567,SpiceJet,SG-8158,Mumbai,Evening,one,Morning,Kolkata,Economy,12.58,45,6093
69568,SpiceJet,SG-8158,Mumbai,Evening,one,Morning,Kolkata,Economy,16.17,45,6093
69569,SpiceJet,SG-8158,Mumbai,Evening,one,Night,Kolkata,Economy,25.0,45,6093
69580,SpiceJet,SG-8702,Mumbai,Morning,one,Night,Kolkata,Economy,10.25,45,6448
69581,SpiceJet,SG-8152,Mumbai,Early_Morning,one,Night,Kolkata,Economy,13.17,45,6448
69595,SpiceJet,SG-163,Mumbai,Afternoon,one,Morning,Kolkata,Economy,22.0,45,10496
69596,SpiceJet,SG-163,Mumbai,Afternoon,one,Afternoon,Kolkata,Economy,25.67,45,10496
69597,SpiceJet,SG-3248,Mumbai,Afternoon,one,Afternoon,Kolkata,Economy,23.92,45,10384
69644,SpiceJet,SG-487,Mumbai,Evening,zero,Night,Kolkata,Economy,2.58,46,4500
69645,SpiceJet,SG-241,Mumbai,Early_Morning,zero,Morning,Kolkata,Economy,2.75,46,4500
69669,SpiceJet,SG-634,Mumbai,Night,one,Morning,Kolkata,Economy,10.83,46,4963
69670,SpiceJet,SG-415,Mumbai,Night,one,Morning,Kolkata,Economy,12.0,46,4963
69688,SpiceJet,SG-634,Mumbai,Night,one,Night,Kolkata,Economy,23.08,46,5167
69689,SpiceJet,SG-415,Mumbai,Night,one,Night,Kolkata,Economy,24.25,46,5167
69744,SpiceJet,SG-8702,Mumbai,Morning,one,Night,Kolkata,Economy,10.25,46,5818
69745,SpiceJet,SG-8179,Mumbai,Night,one,Morning,Kolkata,Economy,11.58,46,5818
69746,SpiceJet,SG-8152,Mumbai,Early_Morning,one,Night,Kolkata,Economy,13.17,46,5818
69747,SpiceJet,SG-8179,Mumbai,Night,one,Morning,Kolkata,Economy,15.17,46,5818
69748,SpiceJet,SG-8702,Mumbai,Morning,one,Morning,Kolkata,Economy,21.83,46,5818
69749,SpiceJet,SG-8179,Mumbai,Night,one,Night,Kolkata,Economy,24.0,46,5818
69750,SpiceJet,SG-8152,Mumbai,Early_Morning,one,Morning,Kolkata,Economy,24.75,46,5818
69751,SpiceJet,SG-8702,Mumbai,Morning,one,Morning,Kolkata,Economy,25.42,46,5818
69754,SpiceJet,SG-8158,Mumbai,Evening,one,Morning,Kolkata,Economy,12.58,46,6093
69755,SpiceJet,SG-8158,Mumbai,Evening,one,Morning,Kolkata,Economy,16.17,46,6093
69756,SpiceJet,SG-8158,Mumbai,Evening,one,Night,Kolkata,Economy,25.0,46,6093
69774,SpiceJet,SG-163,Mumbai,Afternoon,one,Morning,Kolkata,Economy,22.0,46,10496
69775,SpiceJet,SG-3248,Mumbai,Afternoon,one,Afternoon,Kolkata,Economy,23.92,46,10384
69776,SpiceJet,SG-163,Mumbai,Afternoon,one,Afternoon,Kolkata,Economy,25.67,46,10496
69821,SpiceJet,SG-487,Mumbai,Evening,zero,Night,Kolkata,Economy,2.58,47,4500
69822,SpiceJet,SG-241,Mumbai,Early_Morning,zero,Morning,Kolkata,Economy,2.75,47,4500
69852,SpiceJet,SG-634,Mumbai,Night,one,Morning,Kolkata,Economy,10.83,47,4963
69853,SpiceJet,SG-415,Mumbai,Night,one,Morning,Kolkata,Economy,12.0,47,4963
69864,SpiceJet,SG-634,Mumbai,Night,one,Night,Kolkata,Economy,23.08,47,5167
69865,SpiceJet,SG-251,Mumbai,Evening,one,Morning,Kolkata,Economy,13.5,47,5253
69922,SpiceJet,SG-8702,Mumbai,Morning,one,Night,Kolkata,Economy,10.25,47,5818
69923,SpiceJet,SG-8179,Mumbai,Night,one,Morning,Kolkata,Economy,11.58,47,5818
69924,SpiceJet,SG-8158,Mumbai,Evening,one,Morning,Kolkata,Economy,12.58,47,5818
69925,SpiceJet,SG-8152,Mumbai,Early_Morning,one,Night,Kolkata,Economy,13.17,47,5818
69926,SpiceJet,SG-8179,Mumbai,Night,one,Morning,Kolkata,Economy,15.17,47,5818
69927,SpiceJet,SG-8158,Mumbai,Evening,one,Morning,Kolkata,Economy,16.17,47,5818
69928,SpiceJet,SG-8702,Mumbai,Morning,one,Morning,Kolkata,Economy,21.83,47,5818
69929,SpiceJet,SG-8179,Mumbai,Night,one,Night,Kolkata,Economy,24.0,47,5818
69949,SpiceJet,SG-163,Mumbai,Afternoon,one,Morning,Kolkata,Economy,22.0,47,10496
69950,SpiceJet,SG-3248,Mumbai,Afternoon,one,Afternoon,Kolkata,Economy,23.92,47,10384
69989,SpiceJet,SG-487,Mumbai,Evening,zero,Night,Kolkata,Economy,2.58,48,4500
69990,SpiceJet,SG-241,Mumbai,Early_Morning,zero,Morning,Kolkata,Economy,2.75,48,4500
70018,SpiceJet,SG-634,Mumbai,Night,one,Morning,Kolkata,Economy,10.83,48,4963
70019,SpiceJet,SG-415,Mumbai,Night,one,Morning,Kolkata,Economy,12.0,48,4963
70030,SpiceJet,SG-634,Mumbai,Night,one,Night,Kolkata,Economy,23.08,48,5167
70031,SpiceJet,SG-415,Mumbai,Night,one,Night,Kolkata,Economy,24.25,48,5167
70092,SpiceJet,SG-8702,Mumbai,Morning,one,Night,Kolkata,Economy,10.25,48,5818
70093,SpiceJet,SG-8179,Mumbai,Night,one,Morning,Kolkata,Economy,11.58,48,5818
70094,SpiceJet,SG-8158,Mumbai,Evening,one,Morning,Kolkata,Economy,12.58,48,5818
70095,SpiceJet,SG-8152,Mumbai,Early_Morning,one,Night,Kolkata,Economy,13.17,48,5818
70096,SpiceJet,SG-8179,Mumbai,Night,one,Morning,Kolkata,Economy,15.17,48,5818
70097,SpiceJet,SG-8158,Mumbai,Evening,one,Morning,Kolkata,Economy,16.17,48,5818
70098,SpiceJet,SG-8702,Mumbai,Morning,one,Morning,Kolkata,Economy,21.83,48,5818
70099,SpiceJet,SG-8152,Mumbai,Early_Morning,one,Morning,Kolkata,Economy,24.75,48,5818
70100,SpiceJet,SG-8702,Mumbai,Morning,one,Morning,Kolkata,Economy,25.42,48,5818
70101,SpiceJet,SG-8179,Mumbai,Night,one,Night,Kolkata,Economy,24.0,48,6134
70102,SpiceJet,SG-8158,Mumbai,Evening,one,Night,Kolkata,Economy,25.0,48,6134
70123,SpiceJet,SG-163,Mumbai,Afternoon,one,Morning,Kolkata,Economy,22.0,48,10496
70124,SpiceJet,SG-163,Mumbai,Afternoon,one,Afternoon,Kolkata,Economy,25.67,48,10496
70125,SpiceJet,SG-3248,Mumbai,Afternoon,one,Afternoon,Kolkata,Economy,23.92,48,10384
70170,SpiceJet,SG-487,Mumbai,Evening,zero,Night,Kolkata,Economy,2.58,49,4500
70171,SpiceJet,SG-241,Mumbai,Early_Morning,zero,Morning,Kolkata,Economy,2.75,49,4500
70210,SpiceJet,SG-634,Mumbai,Night,one,Morning,Kolkata,Economy,10.83,49,5481
70211,SpiceJet,SG-415,Mumbai,Night,one,Morning,Kolkata,Economy,12.0,49,5481
70247,SpiceJet,SG-634,Mumbai,Night,one,Night,Kolkata,Economy,23.08,49,5797
70248,SpiceJet,SG-415,Mumbai,Night,one,Night,Kolkata,Economy,24.25,49,5797
70261,SpiceJet,SG-8179,Mumbai,Night,one,Morning,Kolkata,Economy,11.58,49,5818
70262,SpiceJet,SG-8179,Mumbai,Night,one,Morning,Kolkata,Economy,15.17,49,5818
70263,SpiceJet,SG-8702,Mumbai,Morning,one,Morning,Kolkata,Economy,21.83,49,5818
70264,SpiceJet,SG-8179,Mumbai,Night,one,Night,Kolkata,Economy,24.0,49,5818
70265,SpiceJet,SG-8152,Mumbai,Early_Morning,one,Morning,Kolkata,Economy,24.75,49,5818
70266,SpiceJet,SG-8702,Mumbai,Morning,one,Morning,Kolkata,Economy,25.42,49,5818
70267,SpiceJet,SG-8158,Mumbai,Evening,one,Morning,Kolkata,Economy,12.58,49,6093
70268,SpiceJet,SG-8158,Mumbai,Evening,one,Morning,Kolkata,Economy,16.17,49,6093
70269,SpiceJet,SG-8158,Mumbai,Evening,one,Night,Kolkata,Economy,25.0,49,6093
70271,SpiceJet,SG-8702,Mumbai,Morning,one,Night,Kolkata,Economy,10.25,49,6134
70272,SpiceJet,SG-8152,Mumbai,Early_Morning,one,Night,Kolkata,Economy,13.17,49,6134
70285,SpiceJet,SG-251,Mumbai,Evening,one,Morning,Kolkata,Economy,13.5,49,6303
70303,SpiceJet,SG-3248,Mumbai,Afternoon,one,Afternoon,Kolkata,Economy,23.92,49,10384
70304,SpiceJet,SG-163,Mumbai,Afternoon,one,Morning,Kolkata,Economy,22.0,49,10810
70305,SpiceJet,SG-163,Mumbai,Afternoon,one,Afternoon,Kolkata,Economy,25.67,49,10496
77330,SpiceJet,SG-475,Mumbai,Night,one,Evening,Chennai,Economy,18.67,1,13713
77337,SpiceJet,SG-251,Mumbai,Night,zero,Night,Chennai,Economy,1.83,1,14238
77382,SpiceJet,SG-251,Mumbai,Evening,zero,Night,Chennai,Economy,1.83,2,6258
77434,SpiceJet,SG-488,Mumbai,Morning,one,Evening,Chennai,Economy,6.83,2,13713
77449,SpiceJet,SG-611,Mumbai,Early_Morning,zero,Early_Morning,Chennai,Economy,2.0,2,14238
77477,SpiceJet,SG-251,Mumbai,Evening,zero,Night,Chennai,Economy,1.83,3,5942
77478,SpiceJet,SG-611,Mumbai,Early_Morning,zero,Early_Morning,Chennai,Economy,2.0,3,5942
77600,SpiceJet,SG-251,Mumbai,Evening,zero,Night,Chennai,Economy,1.83,4,5942
77601,SpiceJet,SG-6003,Mumbai,Early_Morning,zero,Early_Morning,Chennai,Economy,2.0,4,5942
77602,SpiceJet,SG-611,Mumbai,Early_Morning,zero,Early_Morning,Chennai,Economy,2.0,4,5942
77605,SpiceJet,SG-475,Mumbai,Night,one,Evening,Chennai,Economy,18.67,4,6258
77720,SpiceJet,SG-251,Mumbai,Evening,zero,Night,Chennai,Economy,1.83,5,5942
77721,SpiceJet,SG-6003,Mumbai,Early_Morning,zero,Early_Morning,Chennai,Economy,2.0,5,5942
77722,SpiceJet,SG-611,Mumbai,Early_Morning,zero,Early_Morning,Chennai,Economy,2.0,5,5942
77784,SpiceJet,SG-488,Mumbai,Morning,one,Evening,Chennai,Economy,6.83,5,10669
77844,SpiceJet,SG-251,Mumbai,Evening,zero,Night,Chennai,Economy,1.83,6,5942
77845,SpiceJet,SG-6003,Mumbai,Early_Morning,zero,Early_Morning,Chennai,Economy,2.0,6,5942
77846,SpiceJet,SG-611,Mumbai,Early_Morning,zero,Early_Morning,Chennai,Economy,2.0,6,5942
77851,SpiceJet,SG-475,Mumbai,Night,one,Evening,Chennai,Economy,18.67,6,5942
77973,SpiceJet,SG-5019,Mumbai,Evening,zero,Night,Chennai,Economy,1.83,7,5942
77974,SpiceJet,SG-251,Mumbai,Evening,zero,Night,Chennai,Economy,1.83,7,5942
77975,SpiceJet,SG-6003,Mumbai,Early_Morning,zero,Early_Morning,Chennai,Economy,2.0,7,5942
77976,SpiceJet,SG-611,Mumbai,Early_Morning,zero,Early_Morning,Chennai,Economy,2.0,7,5942
78098,SpiceJet,SG-488,Mumbai,Morning,one,Evening,Chennai,Economy,6.83,7,16549
78110,SpiceJet,SG-5019,Mumbai,Evening,zero,Night,Chennai,Economy,1.83,8,5942
78111,SpiceJet,SG-251,Mumbai,Evening,zero,Night,Chennai,Economy,1.83,8,5942
78112,SpiceJet,SG-6003,Mumbai,Early_Morning,zero,Early_Morning,Chennai,Economy,2.0,8,5942
78113,SpiceJet,SG-611,Mumbai,Early_Morning,zero,Early_Morning,Chennai,Economy,2.0,8,5942
78115,SpiceJet,SG-475,Mumbai,Night,one,Evening,Chennai,Economy,18.67,8,5942
78243,SpiceJet,SG-5019,Mumbai,Evening,zero,Night,Chennai,Economy,1.83,9,5942
78244,SpiceJet,SG-251,Mumbai,Evening,zero,Night,Chennai,Economy,1.83,9,5942
78245,SpiceJet,SG-6003,Mumbai,Early_Morning,zero,Early_Morning,Chennai,Economy,2.0,9,5942
78246,SpiceJet,SG-611,Mumbai,Early_Morning,zero,Early_Morning,Chennai,Economy,2.0,9,5942
78320,SpiceJet,SG-475,Mumbai,Night,one,Evening,Chennai,Economy,18.67,9,11613
78341,SpiceJet,SG-488,Mumbai,Morning,one,Evening,Chennai,Economy,6.83,9,15393
78372,SpiceJet,SG-6003,Mumbai,Early_Morning,zero,Early_Morning,Chennai,Economy,2.0,10,5942
78373,SpiceJet,SG-611,Mumbai,Early_Morning,zero,Early_Morning,Chennai,Economy,2.0,10,5942
78377,SpiceJet,SG-251,Mumbai,Evening,zero,Night,Chennai,Economy,1.83,10,6468
78464,SpiceJet,SG-488,Mumbai,Morning,one,Evening,Chennai,Economy,6.83,10,14133
78500,SpiceJet,SG-5019,Mumbai,Evening,zero,Night,Chennai,Economy,1.83,11,5942
78501,SpiceJet,SG-251,Mumbai,Evening,zero,Night,Chennai,Economy,1.83,11,5942
78502,SpiceJet,SG-6003,Mumbai,Early_Morning,zero,Early_Morning,Chennai,Economy,2.0,11,5942
78503,SpiceJet,SG-611,Mumbai,Early_Morning,zero,Early_Morning,Chennai,Economy,2.0,11,5942
78513,SpiceJet,SG-475,Mumbai,Night,one,Evening,Chennai,Economy,18.67,11,5942
78644,SpiceJet,SG-5019,Mumbai,Evening,zero,Night,Chennai,Economy,1.83,12,5942
78645,SpiceJet,SG-251,Mumbai,Evening,zero,Night,Chennai,Economy,1.83,12,5942
78646,SpiceJet,SG-6003,Mumbai,Early_Morning,zero,Early_Morning,Chennai,Economy,2.0,12,5942
78647,SpiceJet,SG-611,Mumbai,Early_Morning,zero,Early_Morning,Chennai,Economy,2.0,12,5942
78723,SpiceJet,SG-488,Mumbai,Morning,one,Evening,Chennai,Economy,6.83,12,10353
78787,SpiceJet,SG-5019,Mumbai,Evening,zero,Night,Chennai,Economy,1.83,13,5942
78788,SpiceJet,SG-251,Mumbai,Evening,zero,Night,Chennai,Economy,1.83,13,5942
78789,SpiceJet,SG-6003,Mumbai,Early_Morning,zero,Early_Morning,Chennai,Economy,2.0,13,5942
78790,SpiceJet,SG-611,Mumbai,Early_Morning,zero,Early_Morning,Chennai,Economy,2.0,13,5942
78805,SpiceJet,SG-475,Mumbai,Night,one,Evening,Chennai,Economy,18.67,13,5942
78926,SpiceJet,SG-5019,Mumbai,Evening,zero,Night,Chennai,Economy,1.83,14,5942
78927,SpiceJet,SG-251,Mumbai,Evening,zero,Night,Chennai,Economy,1.83,14,5942
78928,SpiceJet,SG-6003,Mumbai,Early_Morning,zero,Early_Morning,Chennai,Economy,2.0,14,5942
78929,SpiceJet,SG-611,Mumbai,Early_Morning,zero,Early_Morning,Chennai,Economy,2.0,14,5942
79027,SpiceJet,SG-488,Mumbai,Morning,one,Evening,Chennai,Economy,6.83,14,13083
79061,SpiceJet,SG-5019,Mumbai,Evening,zero,Night,Chennai,Economy,1.83,15,3140
79062,SpiceJet,SG-251,Mumbai,Evening,zero,Night,Chennai,Economy,1.83,15,3140
79063,SpiceJet,SG-6003,Mumbai,Early_Morning,zero,Early_Morning,Chennai,Economy,2.0,15,3140
79064,SpiceJet,SG-611,Mumbai,Early_Morning,zero,Early_Morning,Chennai,Economy,2.0,15,3140
79144,SpiceJet,SG-475,Mumbai,Night,one,Evening,Chennai,Economy,18.67,15,9761
79221,SpiceJet,SG-5019,Mumbai,Evening,zero,Night,Chennai,Economy,1.83,16,3140
79222,SpiceJet,SG-251,Mumbai,Evening,zero,Night,Chennai,Economy,1.83,16,3140
79223,SpiceJet,SG-6003,Mumbai,Early_Morning,zero,Early_Morning,Chennai,Economy,2.0,16,3140
79224,SpiceJet,SG-611,Mumbai,Early_Morning,zero,Early_Morning,Chennai,Economy,2.0,16,3140
79279,SpiceJet,SG-475,Mumbai,Night,one,Evening,Chennai,Economy,18.67,16,5850
79334,SpiceJet,SG-488,Mumbai,Morning,one,Evening,Chennai,Economy,6.83,16,11861
79359,SpiceJet,SG-5019,Mumbai,Evening,zero,Night,Chennai,Economy,1.83,17,3140
79360,SpiceJet,SG-251,Mumbai,Evening,zero,Night,Chennai,Economy,1.83,17,3140
79361,SpiceJet,SG-6003,Mumbai,Early_Morning,zero,Early_Morning,Chennai,Economy,2.0,17,3140
79362,SpiceJet,SG-611,Mumbai,Early_Morning,zero,Early_Morning,Chennai,Economy,2.0,17,3140
79462,SpiceJet,SG-488,Mumbai,Morning,one,Evening,Chennai,Economy,6.83,17,8688
79511,SpiceJet,SG-5019,Mumbai,Evening,zero,Night,Chennai,Economy,1.83,18,3140
79512,SpiceJet,SG-251,Mumbai,Evening,zero,Night,Chennai,Economy,1.83,18,3140
79513,SpiceJet,SG-6003,Mumbai,Early_Morning,zero,Early_Morning,Chennai,Economy,2.0,18,3140
79514,SpiceJet,SG-611,Mumbai,Early_Morning,zero,Early_Morning,Chennai,Economy,2.0,18,3140
79552,SpiceJet,SG-475,Mumbai,Night,one,Evening,Chennai,Economy,18.67,18,4038
79660,SpiceJet,SG-251,Mumbai,Evening,zero,Night,Chennai,Economy,1.83,19,3140
79661,SpiceJet,SG-611,Mumbai,Early_Morning,zero,Early_Morning,Chennai,Economy,2.0,19,3140
79761,SpiceJet,SG-488,Mumbai,Morning,one,Evening,Chennai,Economy,6.83,19,7220
79801,SpiceJet,SG-251,Mumbai,Evening,zero,Night,Chennai,Economy,1.83,20,3140
79802,SpiceJet,SG-611,Mumbai,Early_Morning,zero,Early_Morning,Chennai,Economy,2.0,20,3140
79848,SpiceJet,SG-475,Mumbai,Night,one,Evening,Chennai,Economy,18.67,20,4038
79935,SpiceJet,SG-251,Mumbai,Evening,zero,Night,Chennai,Economy,1.83,21,3140
79936,SpiceJet,SG-611,Mumbai,Early_Morning,zero,Early_Morning,Chennai,Economy,2.0,21,3140
80061,SpiceJet,SG-488,Mumbai,Morning,one,Evening,Chennai,Economy,6.83,21,8900
80081,SpiceJet,SG-251,Mumbai,Evening,zero,Night,Chennai,Economy,1.83,22,3140
80082,SpiceJet,SG-611,Mumbai,Early_Morning,zero,Early_Morning,Chennai,Economy,2.0,22,3140
80121,SpiceJet,SG-475,Mumbai,Night,one,Evening,Chennai,Economy,18.67,22,4038
80227,SpiceJet,SG-251,Mumbai,Evening,zero,Night,Chennai,Economy,1.83,23,3140
80228,SpiceJet,SG-611,Mumbai,Early_Morning,zero,Early_Morning,Chennai,Economy,2.0,23,3140
80273,SpiceJet,SG-475,Mumbai,Night,one,Evening,Chennai,Economy,18.67,23,4394
80346,SpiceJet,SG-488,Mumbai,Morning,one,Evening,Chennai,Economy,6.83,23,8374
80374,SpiceJet,SG-251,Mumbai,Evening,zero,Night,Chennai,Economy,1.83,24,3140
80375,SpiceJet,SG-611,Mumbai,Early_Morning,zero,Early_Morning,Chennai,Economy,2.0,24,3140
80418,SpiceJet,SG-488,Mumbai,Morning,one,Evening,Chennai,Economy,6.83,24,4394
80523,SpiceJet,SG-251,Mumbai,Evening,zero,Night,Chennai,Economy,1.83,25,3140
80524,SpiceJet,SG-611,Mumbai,Early_Morning,zero,Early_Morning,Chennai,Economy,2.0,25,3140
80570,SpiceJet,SG-475,Mumbai,Night,one,Evening,Chennai,Economy,18.67,25,4038
80671,SpiceJet,SG-251,Mumbai,Evening,zero,Night,Chennai,Economy,1.83,26,3140
80672,SpiceJet,SG-611,Mumbai,Early_Morning,zero,Early_Morning,Chennai,Economy,2.0,26,3140
80729,SpiceJet,SG-488,Mumbai,Morning,one,Evening,Chennai,Economy,6.83,26,4394
80814,SpiceJet,SG-251,Mumbai,Evening,zero,Night,Chennai,Economy,1.83,27,3140
80815,SpiceJet,SG-611,Mumbai,Early_Morning,zero,Early_Morning,Chennai,Economy,2.0,27,3140
80857,SpiceJet,SG-475,Mumbai,Night,one,Evening,Chennai,Economy,18.67,27,4038
80949,SpiceJet,SG-251,Mumbai,Evening,zero,Night,Chennai,Economy,1.83,28,3140
80950,SpiceJet,SG-611,Mumbai,Early_Morning,zero,Early_Morning,Chennai,Economy,2.0,28,3140
81064,SpiceJet,SG-488,Mumbai,Morning,one,Evening,Chennai,Economy,6.83,28,7534
81092,SpiceJet,SG-251,Mumbai,Evening,zero,Night,Chennai,Economy,1.83,29,3140
81093,SpiceJet,SG-611,Mumbai,Early_Morning,zero,Early_Morning,Chennai,Economy,2.0,29,3140
81137,SpiceJet,SG-475,Mumbai,Night,one,Evening,Chennai,Economy,18.67,29,4038
81245,SpiceJet,SG-251,Mumbai,Evening,zero,Night,Chennai,Economy,1.83,30,3140
81246,SpiceJet,SG-611,Mumbai,Early_Morning,zero,Early_Morning,Chennai,Economy,2.0,30,3140
81340,SpiceJet,SG-475,Mumbai,Night,one,Evening,Chennai,Economy,18.67,30,5181
81360,SpiceJet,SG-488,Mumbai,Morning,one,Evening,Chennai,Economy,6.83,30,7954
81404,SpiceJet,SG-251,Mumbai,Evening,zero,Night,Chennai,Economy,1.83,31,3000
81407,SpiceJet,SG-611,Mumbai,Early_Morning,zero,Early_Morning,Chennai,Economy,2.0,31,3000
81499,SpiceJet,SG-488,Mumbai,Morning,one,Evening,Chennai,Economy,6.83,31,5954
81556,SpiceJet,SG-251,Mumbai,Evening,zero,Night,Chennai,Economy,1.83,32,3000
81561,SpiceJet,SG-611,Mumbai,Early_Morning,zero,Early_Morning,Chennai,Economy,2.0,32,3000
81596,SpiceJet,SG-475,Mumbai,Night,one,Evening,Chennai,Economy,18.67,32,4098
81701,SpiceJet,SG-251,Mumbai,Evening,zero,Night,Chennai,Economy,1.83,33,3000
81706,SpiceJet,SG-611,Mumbai,Early_Morning,zero,Early_Morning,Chennai,Economy,2.0,33,3000
81772,SpiceJet,SG-488,Mumbai,Morning,one,Evening,Chennai,Economy,6.83,33,4463
81845,SpiceJet,SG-251,Mumbai,Evening,zero,Night,Chennai,Economy,1.83,34,3000
81850,SpiceJet,SG-611,Mumbai,Early_Morning,zero,Early_Morning,Chennai,Economy,2.0,34,3000
81880,SpiceJet,SG-475,Mumbai,Night,one,Evening,Chennai,Economy,18.67,34,4098
81961,SpiceJet,SG-251,Mumbai,Evening,zero,Night,Chennai,Economy,1.83,35,3000
81966,SpiceJet,SG-611,Mumbai,Early_Morning,zero,Early_Morning,Chennai,Economy,2.0,35,3000
82090,SpiceJet,SG-488,Mumbai,Morning,one,Evening,Chennai,Economy,6.83,35,7719
82112,SpiceJet,SG-251,Mumbai,Evening,zero,Night,Chennai,Economy,1.83,36,3000
82116,SpiceJet,SG-611,Mumbai,Early_Morning,zero,Early_Morning,Chennai,Economy,2.0,36,3000
82175,SpiceJet,SG-475,Mumbai,Night,one,Evening,Chennai,Economy,18.67,36,4098
82262,SpiceJet,SG-251,Mumbai,Evening,zero,Night,Chennai,Economy,1.83,37,3000
82267,SpiceJet,SG-611,Mumbai,Early_Morning,zero,Early_Morning,Chennai,Economy,2.0,37,3000
82341,SpiceJet,SG-488,Mumbai,Morning,one,Evening,Chennai,Economy,6.83,37,4673
82361,SpiceJet,SG-475,Mumbai,Night,one,Evening,Chennai,Economy,18.67,37,5379
82412,SpiceJet,SG-251,Mumbai,Evening,zero,Night,Chennai,Economy,1.83,38,3000
82416,SpiceJet,SG-611,Mumbai,Early_Morning,zero,Early_Morning,Chennai,Economy,2.0,38,3000
82512,SpiceJet,SG-488,Mumbai,Morning,one,Evening,Chennai,Economy,6.83,38,5534
82581,SpiceJet,SG-251,Mumbai,Evening,zero,Night,Chennai,Economy,1.83,39,3000
82586,SpiceJet,SG-611,Mumbai,Early_Morning,zero,Early_Morning,Chennai,Economy,2.0,39,3000
82622,SpiceJet,SG-475,Mumbai,Night,one,Evening,Chennai,Economy,18.67,39,4329
82727,SpiceJet,SG-251,Mumbai,Evening,zero,Night,Chennai,Economy,1.83,40,3000
82732,SpiceJet,SG-611,Mumbai,Early_Morning,zero,Early_Morning,Chennai,Economy,2.0,40,3000
82797,SpiceJet,SG-488,Mumbai,Morning,one,Evening,Chennai,Economy,6.83,40,4484
82870,SpiceJet,SG-251,Mumbai,Evening,zero,Night,Chennai,Economy,1.83,41,3000
82874,SpiceJet,SG-611,Mumbai,Early_Morning,zero,Early_Morning,Chennai,Economy,2.0,41,3000
82892,SpiceJet,SG-475,Mumbai,Night,one,Evening,Chennai,Economy,18.67,41,4098
83010,SpiceJet,SG-251,Mumbai,Evening,zero,Night,Chennai,Economy,1.83,42,3000
83015,SpiceJet,SG-611,Mumbai,Early_Morning,zero,Early_Morning,Chennai,Economy,2.0,42,3000
83109,SpiceJet,SG-488,Mumbai,Morning,one,Evening,Chennai,Economy,6.83,42,6039
83158,SpiceJet,SG-251,Mumbai,Evening,zero,Night,Chennai,Economy,1.83,43,3000
83162,SpiceJet,SG-611,Mumbai,Early_Morning,zero,Early_Morning,Chennai,Economy,2.0,43,3000
83202,SpiceJet,SG-475,Mumbai,Night,one,Evening,Chennai,Economy,18.67,43,4098
83305,SpiceJet,SG-251,Mumbai,Evening,zero,Night,Chennai,Economy,1.83,44,3000
83310,SpiceJet,SG-611,Mumbai,Early_Morning,zero,Early_Morning,Chennai,Economy,2.0,44,3000
83383,SpiceJet,SG-488,Mumbai,Morning,one,Evening,Chennai,Economy,6.83,44,4673
83450,SpiceJet,SG-251,Mumbai,Evening,zero,Night,Chennai,Economy,1.83,45,3000
83584,SpiceJet,SG-251,Mumbai,Evening,zero,Night,Chennai,Economy,1.83,46,3000
83716,SpiceJet,SG-251,Mumbai,Evening,zero,Night,Chennai,Economy,1.83,47,3000
83843,SpiceJet,SG-251,Mumbai,Evening,zero,Night,Chennai,Economy,1.83,48,3000
83969,SpiceJet,SG-251,Mumbai,Evening,zero,Night,Chennai,Economy,1.83,49,3000
84080,SpiceJet,SG-136,Bangalore,Early_Morning,zero,Morning,Delhi,Economy,2.75,1,7593
84118,SpiceJet,SG-4009,Bangalore,Early_Morning,one,Morning,Delhi,Economy,25.92,1,12738
84121,SpiceJet,SG-531,Bangalore,Morning,one,Morning,Delhi,Economy,22.33,1,12948
84138,SpiceJet,SG-209,Bangalore,Early_Morning,one,Evening,Delhi,Economy,12.83,1,14416
84162,SpiceJet,SG-3027,Bangalore,Early_Morning,one,Evening,Delhi,Economy,12.0,1,18934
84163,SpiceJet,SG-3027,Bangalore,Early_Morning,one,Night,Delhi,Economy,16.42,1,18934
84164,SpiceJet,SG-3027,Bangalore,Early_Morning,one,Late_Night,Delhi,Economy,19.25,1,18934
84199,SpiceJet,SG-198,Bangalore,Night,zero,Late_Night,Delhi,Economy,2.67,2,7803
84226,SpiceJet,SG-4009,Bangalore,Early_Morning,one,Morning,Delhi,Economy,25.92,2,12214
84232,SpiceJet,SG-401,Bangalore,Early_Morning,one,Night,Delhi,Economy,15.92,2,12392
84233,SpiceJet,SG-401,Bangalore,Early_Morning,one,Night,Delhi,Economy,17.83,2,12392
84243,SpiceJet,SG-401,Bangalore,Early_Morning,one,Afternoon,Delhi,Economy,6.75,2,12915
84302,SpiceJet,SG-768,Bangalore,Afternoon,one,Night,Delhi,Economy,5.5,2,25758
84305,SpiceJet,SG-768,Bangalore,Afternoon,one,Morning,Delhi,Economy,19.58,2,34158
84306,SpiceJet,SG-136,Bangalore,Early_Morning,zero,Morning,Delhi,Economy,2.75,3,7488
84315,SpiceJet,SG-198,Bangalore,Night,zero,Late_Night,Delhi,Economy,2.67,3,7488
84330,SpiceJet,SG-401,Bangalore,Early_Morning,one,Afternoon,Delhi,Economy,6.75,3,7488
84331,SpiceJet,SG-531,Bangalore,Morning,one,Evening,Delhi,Economy,9.42,3,7488
84332,SpiceJet,SG-401,Bangalore,Early_Morning,one,Night,Delhi,Economy,15.92,3,7488
84333,SpiceJet,SG-401,Bangalore,Early_Morning,one,Night,Delhi,Economy,17.83,3,7488
84334,SpiceJet,SG-4009,Bangalore,Early_Morning,one,Late_Night,Delhi,Economy,18.33,3,7488
84335,SpiceJet,SG-4009,Bangalore,Early_Morning,one,Morning,Delhi,Economy,25.92,3,7488
84336,SpiceJet,SG-4005,Bangalore,Afternoon,one,Evening,Delhi,Economy,26.5,3,7488
84368,SpiceJet,SG-517,Bangalore,Evening,one,Night,Delhi,Economy,6.33,3,11269
84369,SpiceJet,SG-327,Bangalore,Early_Morning,one,Night,Delhi,Economy,16.33,3,11269
84375,SpiceJet,SG-531,Bangalore,Morning,one,Morning,Delhi,Economy,22.67,3,11794
84425,SpiceJet,SG-3027,Bangalore,Early_Morning,one,Evening,Delhi,Economy,12.0,3,17148
84426,SpiceJet,SG-3027,Bangalore,Early_Morning,one,Night,Delhi,Economy,16.42,3,17148
84430,SpiceJet,SG-3023,Bangalore,Morning,one,Evening,Delhi,Economy,10.17,3,17508
84435,SpiceJet,SG-768,Bangalore,Afternoon,one,Morning,Delhi,Economy,19.58,3,18514
84441,SpiceJet,SG-768,Bangalore,Afternoon,one,Night,Delhi,Economy,5.5,3,24184
84444,SpiceJet,SG-5013,Bangalore,Night,zero,Late_Night,Delhi,Economy,2.67,4,7488
84445,SpiceJet,SG-198,Bangalore,Night,zero,Late_Night,Delhi,Economy,2.67,4,7488
84446,SpiceJet,SG-136,Bangalore,Early_Morning,zero,Morning,Delhi,Economy,2.75,4,7488
84447,SpiceJet,SG-5002,Bangalore,Evening,zero,Night,Delhi,Economy,2.75,4,7488
84448,SpiceJet,SG-535,Bangalore,Evening,zero,Night,Delhi,Economy,2.75,4,7488
84495,SpiceJet,SG-768,Bangalore,Afternoon,one,Night,Delhi,Economy,5.5,4,7488
84496,SpiceJet,SG-531,Bangalore,Morning,one,Evening,Delhi,Economy,9.42,4,7488
84497,SpiceJet,SG-3027,Bangalore,Early_Morning,one,Night,Delhi,Economy,16.42,4,7488
84498,SpiceJet,SG-3027,Bangalore,Early_Morning,one,Late_Night,Delhi,Economy,19.25,4,7488
84499,SpiceJet,SG-768,Bangalore,Afternoon,one,Morning,Delhi,Economy,19.58,4,7488
84500,SpiceJet,SG-531,Bangalore,Morning,one,Morning,Delhi,Economy,22.33,4,7488
84501,SpiceJet,SG-3027,Bangalore,Early_Morning,one,Evening,Delhi,Economy,12.0,4,7803
84502,SpiceJet,SG-209,Bangalore,Early_Morning,one,Evening,Delhi,Economy,12.83,4,7803
84576,SpiceJet,SG-3023,Bangalore,Morning,one,Evening,Delhi,Economy,10.17,4,10998
84596,SpiceJet,SG-4009,Bangalore,Early_Morning,one,Late_Night,Delhi,Economy,18.33,4,12949
84621,SpiceJet,SG-5013,Bangalore,Night,zero,Late_Night,Delhi,Economy,2.67,5,7488
84622,SpiceJet,SG-198,Bangalore,Night,zero,Late_Night,Delhi,Economy,2.67,5,7488
84634,SpiceJet,SG-136,Bangalore,Early_Morning,zero,Morning,Delhi,Economy,2.75,5,7488
84664,SpiceJet,SG-768,Bangalore,Afternoon,one,Night,Delhi,Economy,5.5,5,7488
84665,SpiceJet,SG-401,Bangalore,Early_Morning,one,Afternoon,Delhi,Economy,6.75,5,7488
84666,SpiceJet,SG-531,Bangalore,Morning,one,Evening,Delhi,Economy,9.42,5,7488
84667,SpiceJet,SG-401,Bangalore,Early_Morning,one,Night,Delhi,Economy,15.92,5,7488
84668,SpiceJet,SG-401,Bangalore,Early_Morning,one,Night,Delhi,Economy,17.83,5,7488
84669,SpiceJet,SG-4009,Bangalore,Early_Morning,one,Late_Night,Delhi,Economy,18.33,5,7488
84670,SpiceJet,SG-768,Bangalore,Afternoon,one,Morning,Delhi,Economy,19.58,5,7488
84671,SpiceJet,SG-531,Bangalore,Morning,one,Morning,Delhi,Economy,22.67,5,7488
84672,SpiceJet,SG-4009,Bangalore,Early_Morning,one,Morning,Delhi,Economy,25.92,5,7488
84673,SpiceJet,SG-4005,Bangalore,Afternoon,one,Evening,Delhi,Economy,26.5,5,7488
84775,SpiceJet,SG-3023,Bangalore,Morning,one,Evening,Delhi,Economy,10.17,5,13938
84785,SpiceJet,SG-3027,Bangalore,Early_Morning,one,Late_Night,Delhi,Economy,19.25,5,20298
84787,SpiceJet,SG-3027,Bangalore,Early_Morning,one,Evening,Delhi,Economy,12.0,5,21244
84789,SpiceJet,SG-3027,Bangalore,Early_Morning,one,Night,Delhi,Economy,16.42,5,21768
84791,SpiceJet,SG-5013,Bangalore,Night,zero,Late_Night,Delhi,Economy,2.67,6,7488
84792,SpiceJet,SG-198,Bangalore,Night,zero,Late_Night,Delhi,Economy,2.67,6,7488
84793,SpiceJet,SG-5002,Bangalore,Evening,zero,Night,Delhi,Economy,2.75,6,7488
84794,SpiceJet,SG-535,Bangalore,Evening,zero,Night,Delhi,Economy,2.75,6,7488
84807,SpiceJet,SG-136,Bangalore,Early_Morning,zero,Morning,Delhi,Economy,2.75,6,7488
84848,SpiceJet,SG-768,Bangalore,Afternoon,one,Night,Delhi,Economy,5.5,6,7488
84849,SpiceJet,SG-531,Bangalore,Morning,one,Evening,Delhi,Economy,9.42,6,7488
84850,SpiceJet,SG-4009,Bangalore,Early_Morning,one,Late_Night,Delhi,Economy,18.33,6,7488
84851,SpiceJet,SG-768,Bangalore,Afternoon,one,Morning,Delhi,Economy,19.58,6,7488
84852,SpiceJet,SG-531,Bangalore,Morning,one,Morning,Delhi,Economy,22.67,6,7488
84853,SpiceJet,SG-4005,Bangalore,Afternoon,one,Evening,Delhi,Economy,26.5,6,7488
84854,SpiceJet,SG-4009,Bangalore,Early_Morning,one,Morning,Delhi,Economy,25.92,6,7593
84855,SpiceJet,SG-209,Bangalore,Early_Morning,one,Evening,Delhi,Economy,12.83,6,7803
84883,SpiceJet,SG-3023,Bangalore,Morning,one,Evening,Delhi,Economy,10.17,6,10262
84951,SpiceJet,SG-3027,Bangalore,Early_Morning,one,Late_Night,Delhi,Economy,19.25,6,11898
84955,SpiceJet,SG-3027,Bangalore,Early_Morning,one,Night,Delhi,Economy,16.42,6,12214
84966,SpiceJet,SG-3027,Bangalore,Early_Morning,one,Evening,Delhi,Economy,12.0,6,13578
84990,SpiceJet,SG-198,Bangalore,Night,zero,Late_Night,Delhi,Economy,2.67,7,7488
84991,SpiceJet,SG-136,Bangalore,Early_Morning,zero,Morning,Delhi,Economy,2.75,7,7488
85025,SpiceJet,SG-768,Bangalore,Afternoon,one,Night,Delhi,Economy,5.5,7,7488
85026,SpiceJet,SG-517,Bangalore,Evening,one,Night,Delhi,Economy,6.33,7,7488
85027,SpiceJet,SG-401,Bangalore,Early_Morning,one,Afternoon,Delhi,Economy,7.67,7,7488
85028,SpiceJet,SG-531,Bangalore,Morning,one,Evening,Delhi,Economy,9.42,7,7488
85029,SpiceJet,SG-327,Bangalore,Early_Morning,one,Night,Delhi,Economy,16.33,7,7488
85030,SpiceJet,SG-401,Bangalore,Early_Morning,one,Night,Delhi,Economy,16.83,7,7488
85031,SpiceJet,SG-4009,Bangalore,Early_Morning,one,Late_Night,Delhi,Economy,18.33,7,7488
85032,SpiceJet,SG-401,Bangalore,Early_Morning,one,Night,Delhi,Economy,18.75,7,7488
85033,SpiceJet,SG-768,Bangalore,Afternoon,one,Morning,Delhi,Economy,19.58,7,7488
85034,SpiceJet,SG-4009,Bangalore,Early_Morning,one,Morning,Delhi,Economy,25.92,7,7488
85035,SpiceJet,SG-4005,Bangalore,Afternoon,one,Evening,Delhi,Economy,26.5,7,7488
85117,SpiceJet,SG-531,Bangalore,Morning,one,Morning,Delhi,Economy,22.67,7,11478
85135,SpiceJet,SG-3027,Bangalore,Early_Morning,one,Late_Night,Delhi,Economy,19.25,7,16414
85137,SpiceJet,SG-3027,Bangalore,Early_Morning,one,Night,Delhi,Economy,16.42,7,17464
85138,SpiceJet,SG-3023,Bangalore,Morning,one,Evening,Delhi,Economy,10.17,7,17508
85141,SpiceJet,SG-3027,Bangalore,Early_Morning,one,Evening,Delhi,Economy,12.0,7,18934
85146,SpiceJet,SG-5013,Bangalore,Night,zero,Late_Night,Delhi,Economy,2.67,8,7488
85147,SpiceJet,SG-198,Bangalore,Night,zero,Late_Night,Delhi,Economy,2.67,8,7488
85148,SpiceJet,SG-5002,Bangalore,Evening,zero,Night,Delhi,Economy,2.75,8,7488
85149,SpiceJet,SG-535,Bangalore,Evening,zero,Night,Delhi,Economy,2.75,8,7488
85160,SpiceJet,SG-136,Bangalore,Early_Morning,zero,Morning,Delhi,Economy,2.75,8,7488
85199,SpiceJet,SG-768,Bangalore,Afternoon,one,Night,Delhi,Economy,5.5,8,7488
85200,SpiceJet,SG-531,Bangalore,Morning,one,Evening,Delhi,Economy,9.42,8,7488
85201,SpiceJet,SG-4009,Bangalore,Early_Morning,one,Late_Night,Delhi,Economy,18.33,8,7488
85202,SpiceJet,SG-4005,Bangalore,Afternoon,one,Evening,Delhi,Economy,26.5,8,7488
85203,SpiceJet,SG-209,Bangalore,Early_Morning,one,Evening,Delhi,Economy,12.83,8,7593
85207,SpiceJet,SG-3023,Bangalore,Morning,one,Evening,Delhi,Economy,10.17,8,9318
85290,SpiceJet,SG-531,Bangalore,Morning,one,Morning,Delhi,Economy,22.67,8,12108
85316,SpiceJet,SG-768,Bangalore,Afternoon,one,Morning,Delhi,Economy,19.58,8,15365
85319,SpiceJet,SG-4009,Bangalore,Early_Morning,one,Morning,Delhi,Economy,25.92,8,16308
85329,SpiceJet,SG-3027,Bangalore,Early_Morning,one,Late_Night,Delhi,Economy,19.25,8,17884
85330,SpiceJet,SG-3027,Bangalore,Early_Morning,one,Night,Delhi,Economy,16.42,8,18094
85331,SpiceJet,SG-3027,Bangalore,Early_Morning,one,Evening,Delhi,Economy,12.0,8,18724
85344,SpiceJet,SG-198,Bangalore,Night,zero,Late_Night,Delhi,Economy,2.67,9,7488
85345,SpiceJet,SG-136,Bangalore,Early_Morning,zero,Morning,Delhi,Economy,2.75,9,7488
85366,SpiceJet,SG-768,Bangalore,Afternoon,one,Night,Delhi,Economy,5.5,9,7488
85367,SpiceJet,SG-517,Bangalore,Evening,one,Night,Delhi,Economy,6.33,9,7488
85368,SpiceJet,SG-401,Bangalore,Early_Morning,one,Afternoon,Delhi,Economy,6.75,9,7488
85369,SpiceJet,SG-401,Bangalore,Early_Morning,one,Night,Delhi,Economy,15.92,9,7488
85370,SpiceJet,SG-327,Bangalore,Early_Morning,one,Night,Delhi,Economy,16.33,9,7488
85371,SpiceJet,SG-401,Bangalore,Early_Morning,one,Night,Delhi,Economy,17.83,9,7488
85372,SpiceJet,SG-4009,Bangalore,Early_Morning,one,Late_Night,Delhi,Economy,18.33,9,7488
85373,SpiceJet,SG-4009,Bangalore,Early_Morning,one,Morning,Delhi,Economy,25.92,9,7488
85374,SpiceJet,SG-4005,Bangalore,Afternoon,one,Evening,Delhi,Economy,26.5,9,7488
85478,SpiceJet,SG-768,Bangalore,Afternoon,one,Morning,Delhi,Economy,19.58,9,13895
85496,SpiceJet,SG-5006,Bangalore,Early_Morning,zero,Morning,Delhi,Economy,2.75,10,7488
85508,SpiceJet,SG-198,Bangalore,Night,zero,Late_Night,Delhi,Economy,2.67,10,7488
85509,SpiceJet,SG-136,Bangalore,Early_Morning,zero,Morning,Delhi,Economy,2.75,10,7488
85543,SpiceJet,SG-517,Bangalore,Evening,one,Night,Delhi,Economy,6.33,10,7488
85544,SpiceJet,SG-401,Bangalore,Early_Morning,one,Afternoon,Delhi,Economy,6.75,10,7488
85545,SpiceJet,SG-401,Bangalore,Early_Morning,one,Night,Delhi,Economy,15.92,10,7488
85546,SpiceJet,SG-327,Bangalore,Early_Morning,one,Night,Delhi,Economy,16.33,10,7488
85547,SpiceJet,SG-401,Bangalore,Early_Morning,one,Night,Delhi,Economy,17.83,10,7488
85548,SpiceJet,SG-4009,Bangalore,Early_Morning,one,Late_Night,Delhi,Economy,18.33,10,7488
85549,SpiceJet,SG-768,Bangalore,Afternoon,one,Morning,Delhi,Economy,19.58,10,7488
85550,SpiceJet,SG-4009,Bangalore,Early_Morning,one,Morning,Delhi,Economy,25.92,10,7488
85551,SpiceJet,SG-4005,Bangalore,Afternoon,one,Evening,Delhi,Economy,26.5,10,7488
85552,SpiceJet,SG-768,Bangalore,Afternoon,one,Night,Delhi,Economy,5.5,10,7593
85658,SpiceJet,SG-531,Bangalore,Morning,one,Evening,Delhi,Economy,9.42,10,12004
85659,SpiceJet,SG-531,Bangalore,Morning,one,Morning,Delhi,Economy,22.67,10,12004
85673,SpiceJet,SG-3023,Bangalore,Morning,one,Evening,Delhi,Economy,10.17,10,13308
85679,SpiceJet,SG-3027,Bangalore,Early_Morning,one,Late_Night,Delhi,Economy,19.25,10,15468
85686,SpiceJet,SG-3027,Bangalore,Early_Morning,one,Evening,Delhi,Economy,12.0,10,17148
85688,SpiceJet,SG-3027,Bangalore,Early_Morning,one,Night,Delhi,Economy,16.42,10,19144
85690,SpiceJet,SG-5013,Bangalore,Night,zero,Late_Night,Delhi,Economy,2.67,11,7488
85691,SpiceJet,SG-198,Bangalore,Night,zero,Late_Night,Delhi,Economy,2.67,11,7488
85692,SpiceJet,SG-5006,Bangalore,Early_Morning,zero,Morning,Delhi,Economy,2.75,11,7488
85693,SpiceJet,SG-136,Bangalore,Early_Morning,zero,Morning,Delhi,Economy,2.75,11,7488
85694,SpiceJet,SG-5002,Bangalore,Evening,zero,Night,Delhi,Economy,2.75,11,7488
85695,SpiceJet,SG-535,Bangalore,Evening,zero,Night,Delhi,Economy,2.75,11,7488
85775,SpiceJet,SG-768,Bangalore,Afternoon,one,Night,Delhi,Economy,5.5,11,7488
85776,SpiceJet,SG-531,Bangalore,Morning,one,Evening,Delhi,Economy,9.42,11,7488
85777,SpiceJet,SG-4009,Bangalore,Early_Morning,one,Late_Night,Delhi,Economy,18.33,11,7488
85778,SpiceJet,SG-768,Bangalore,Afternoon,one,Morning,Delhi,Economy,19.58,11,7488
85779,SpiceJet,SG-531,Bangalore,Morning,one,Morning,Delhi,Economy,22.67,11,7488
85780,SpiceJet,SG-4009,Bangalore,Early_Morning,one,Morning,Delhi,Economy,25.92,11,7488
85781,SpiceJet,SG-4005,Bangalore,Afternoon,one,Evening,Delhi,Economy,26.5,11,7488
85782,SpiceJet,SG-209,Bangalore,Early_Morning,one,Evening,Delhi,Economy,12.83,11,7593
85783,SpiceJet,SG-3023,Bangalore,Morning,one,Evening,Delhi,Economy,10.17,11,7803
85899,SpiceJet,SG-3027,Bangalore,Early_Morning,one,Late_Night,Delhi,Economy,19.25,11,13054
85908,SpiceJet,SG-3027,Bangalore,Early_Morning,one,Evening,Delhi,Economy,12.0,11,14734
85910,SpiceJet,SG-3027,Bangalore,Early_Morning,one,Night,Delhi,Economy,16.42,11,16308
85912,SpiceJet,SG-5013,Bangalore,Night,zero,Late_Night,Delhi,Economy,2.67,12,7488
85913,SpiceJet,SG-198,Bangalore,Night,zero,Late_Night,Delhi,Economy,2.67,12,7488
85914,SpiceJet,SG-5006,Bangalore,Early_Morning,zero,Morning,Delhi,Economy,2.75,12,7488
85930,SpiceJet,SG-136,Bangalore,Early_Morning,zero,Morning,Delhi,Economy,2.75,12,7488
85997,SpiceJet,SG-768,Bangalore,Afternoon,one,Night,Delhi,Economy,5.5,12,7488
85998,SpiceJet,SG-517,Bangalore,Evening,one,Night,Delhi,Economy,6.33,12,7488
85999,SpiceJet,SG-401,Bangalore,Early_Morning,one,Afternoon,Delhi,Economy,6.75,12,7488
86000,SpiceJet,SG-531,Bangalore,Morning,one,Evening,Delhi,Economy,9.42,12,7488
86001,SpiceJet,SG-401,Bangalore,Early_Morning,one,Night,Delhi,Economy,15.92,12,7488
86002,SpiceJet,SG-327,Bangalore,Early_Morning,one,Night,Delhi,Economy,16.33,12,7488
86003,SpiceJet,SG-401,Bangalore,Early_Morning,one,Night,Delhi,Economy,17.83,12,7488
86004,SpiceJet,SG-4009,Bangalore,Early_Morning,one,Late_Night,Delhi,Economy,18.33,12,7488
86005,SpiceJet,SG-768,Bangalore,Afternoon,one,Morning,Delhi,Economy,19.58,12,7488
86006,SpiceJet,SG-531,Bangalore,Morning,one,Morning,Delhi,Economy,22.67,12,7488
86007,SpiceJet,SG-4009,Bangalore,Early_Morning,one,Morning,Delhi,Economy,25.92,12,7488
86008,SpiceJet,SG-4005,Bangalore,Afternoon,one,Evening,Delhi,Economy,26.5,12,7488
86105,SpiceJet,SG-3023,Bangalore,Morning,one,Evening,Delhi,Economy,10.17,12,10998
86119,SpiceJet,SG-3027,Bangalore,Early_Morning,one,Late_Night,Delhi,Economy,19.25,12,12634
86121,SpiceJet,SG-3027,Bangalore,Early_Morning,one,Evening,Delhi,Economy,12.0,12,13054
86123,SpiceJet,SG-3027,Bangalore,Early_Morning,one,Night,Delhi,Economy,16.42,12,13578
86128,SpiceJet,SG-5013,Bangalore,Night,zero,Late_Night,Delhi,Economy,2.67,13,7488
86129,SpiceJet,SG-198,Bangalore,Night,zero,Late_Night,Delhi,Economy,2.67,13,7488
86130,SpiceJet,SG-5006,Bangalore,Early_Morning,zero,Morning,Delhi,Economy,2.75,13,7488
86131,SpiceJet,SG-136,Bangalore,Early_Morning,zero,Morning,Delhi,Economy,2.75,13,7488
86132,SpiceJet,SG-5002,Bangalore,Evening,zero,Night,Delhi,Economy,2.75,13,7488
86133,SpiceJet,SG-535,Bangalore,Evening,zero,Night,Delhi,Economy,2.75,13,7488
86209,SpiceJet,SG-768,Bangalore,Afternoon,one,Night,Delhi,Economy,5.5,13,7488
86210,SpiceJet,SG-531,Bangalore,Morning,one,Evening,Delhi,Economy,9.42,13,7488
86211,SpiceJet,SG-3023,Bangalore,Morning,one,Evening,Delhi,Economy,10.17,13,7488
86212,SpiceJet,SG-4009,Bangalore,Early_Morning,one,Late_Night,Delhi,Economy,18.33,13,7488
86213,SpiceJet,SG-768,Bangalore,Afternoon,one,Morning,Delhi,Economy,19.58,13,7488
86214,SpiceJet,SG-531,Bangalore,Morning,one,Morning,Delhi,Economy,22.67,13,7488
86215,SpiceJet,SG-4009,Bangalore,Early_Morning,one,Morning,Delhi,Economy,25.92,13,7488
86216,SpiceJet,SG-4005,Bangalore,Afternoon,one,Evening,Delhi,Economy,26.5,13,7488
86217,SpiceJet,SG-209,Bangalore,Early_Morning,one,Evening,Delhi,Economy,12.83,13,7593
86335,SpiceJet,SG-3027,Bangalore,Early_Morning,one,Late_Night,Delhi,Economy,19.25,13,11740
86343,SpiceJet,SG-3027,Bangalore,Early_Morning,one,Night,Delhi,Economy,16.42,13,13000
86346,SpiceJet,SG-3027,Bangalore,Early_Morning,one,Evening,Delhi,Economy,12.0,13,13946
86350,SpiceJet,SG-198,Bangalore,Night,zero,Late_Night,Delhi,Economy,2.67,14,7488
86351,SpiceJet,SG-5006,Bangalore,Early_Morning,zero,Morning,Delhi,Economy,2.75,14,7488
86352,SpiceJet,SG-136,Bangalore,Early_Morning,zero,Morning,Delhi,Economy,2.75,14,7488
86428,SpiceJet,SG-768,Bangalore,Afternoon,one,Night,Delhi,Economy,5.5,14,7488
86429,SpiceJet,SG-517,Bangalore,Evening,one,Night,Delhi,Economy,6.33,14,7488
86430,SpiceJet,SG-401,Bangalore,Early_Morning,one,Afternoon,Delhi,Economy,7.67,14,7488
86431,SpiceJet,SG-531,Bangalore,Morning,one,Evening,Delhi,Economy,9.42,14,7488
86432,SpiceJet,SG-3023,Bangalore,Morning,one,Evening,Delhi,Economy,10.17,14,7488
86433,SpiceJet,SG-327,Bangalore,Early_Morning,one,Night,Delhi,Economy,16.33,14,7488
86434,SpiceJet,SG-401,Bangalore,Early_Morning,one,Night,Delhi,Economy,16.83,14,7488
86435,SpiceJet,SG-4009,Bangalore,Early_Morning,one,Late_Night,Delhi,Economy,18.33,14,7488
86436,SpiceJet,SG-401,Bangalore,Early_Morning,one,Night,Delhi,Economy,18.75,14,7488
86437,SpiceJet,SG-768,Bangalore,Afternoon,one,Morning,Delhi,Economy,19.58,14,7488
86438,SpiceJet,SG-531,Bangalore,Morning,one,Morning,Delhi,Economy,22.67,14,7488
86439,SpiceJet,SG-4009,Bangalore,Early_Morning,one,Morning,Delhi,Economy,25.92,14,7488
86440,SpiceJet,SG-4005,Bangalore,Afternoon,one,Evening,Delhi,Economy,26.5,14,7488
86547,SpiceJet,SG-3027,Bangalore,Early_Morning,one,Late_Night,Delhi,Economy,19.25,14,16414
86551,SpiceJet,SG-3027,Bangalore,Early_Morning,one,Evening,Delhi,Economy,12.0,14,18408
86552,SpiceJet,SG-3027,Bangalore,Early_Morning,one,Night,Delhi,Economy,16.42,14,18408
86554,SpiceJet,SG-531,Bangalore,Morning,one,Morning,Delhi,Economy,22.67,15,3814
86555,SpiceJet,SG-5013,Bangalore,Night,zero,Late_Night,Delhi,Economy,2.67,15,4756
86556,SpiceJet,SG-198,Bangalore,Night,zero,Late_Night,Delhi,Economy,2.67,15,4756
86557,SpiceJet,SG-5006,Bangalore,Early_Morning,zero,Morning,Delhi,Economy,2.75,15,4756
86558,SpiceJet,SG-136,Bangalore,Early_Morning,zero,Morning,Delhi,Economy,2.75,15,4756
86559,SpiceJet,SG-5002,Bangalore,Evening,zero,Night,Delhi,Economy,2.75,15,4756
86560,SpiceJet,SG-535,Bangalore,Evening,zero,Night,Delhi,Economy,2.75,15,4756
86565,SpiceJet,SG-4009,Bangalore,Early_Morning,one,Morning,Delhi,Economy,25.92,15,7488
86653,SpiceJet,SG-768,Bangalore,Afternoon,one,Night,Delhi,Economy,5.5,15,7488
86654,SpiceJet,SG-531,Bangalore,Morning,one,Evening,Delhi,Economy,9.42,15,7488
86655,SpiceJet,SG-209,Bangalore,Early_Morning,one,Evening,Delhi,Economy,12.83,15,7488
86656,SpiceJet,SG-4009,Bangalore,Early_Morning,one,Late_Night,Delhi,Economy,18.33,15,7488
86657,SpiceJet,SG-768,Bangalore,Afternoon,one,Morning,Delhi,Economy,19.58,15,7488
86658,SpiceJet,SG-4005,Bangalore,Afternoon,one,Evening,Delhi,Economy,26.5,15,7488
86663,SpiceJet,SG-3023,Bangalore,Morning,one,Evening,Delhi,Economy,10.17,15,7803
86738,SpiceJet,SG-3027,Bangalore,Early_Morning,one,Late_Night,Delhi,Economy,19.25,15,11163
86761,SpiceJet,SG-3027,Bangalore,Early_Morning,one,Night,Delhi,Economy,16.42,15,14628
86762,SpiceJet,SG-3027,Bangalore,Early_Morning,one,Evening,Delhi,Economy,12.0,15,14944
86781,SpiceJet,SG-517,Bangalore,Evening,one,Night,Delhi,Economy,6.33,16,3101
86782,SpiceJet,SG-327,Bangalore,Early_Morning,one,Night,Delhi,Economy,16.33,16,3101
86783,SpiceJet,SG-4009,Bangalore,Early_Morning,one,Late_Night,Delhi,Economy,18.33,16,3216
86784,SpiceJet,SG-4009,Bangalore,Early_Morning,one,Morning,Delhi,Economy,25.92,16,3216
86816,SpiceJet,SG-401,Bangalore,Early_Morning,one,Afternoon,Delhi,Economy,6.75,16,3762
86817,SpiceJet,SG-401,Bangalore,Early_Morning,one,Night,Delhi,Economy,15.92,16,3762
86818,SpiceJet,SG-401,Bangalore,Early_Morning,one,Night,Delhi,Economy,17.83,16,3762
86856,SpiceJet,SG-5013,Bangalore,Night,zero,Late_Night,Delhi,Economy,2.67,16,4756
86857,SpiceJet,SG-198,Bangalore,Night,zero,Late_Night,Delhi,Economy,2.67,16,4756
86858,SpiceJet,SG-136,Bangalore,Early_Morning,zero,Morning,Delhi,Economy,2.75,16,4756
86907,SpiceJet,SG-768,Bangalore,Afternoon,one,Night,Delhi,Economy,5.5,16,5267
86908,SpiceJet,SG-768,Bangalore,Afternoon,one,Morning,Delhi,Economy,19.58,16,5267
86927,SpiceJet,SG-4005,Bangalore,Afternoon,one,Evening,Delhi,Economy,26.5,16,5971
86987,SpiceJet,SG-517,Bangalore,Evening,one,Night,Delhi,Economy,6.33,17,3101
86988,SpiceJet,SG-327,Bangalore,Early_Morning,one,Night,Delhi,Economy,16.33,17,3101
86993,SpiceJet,SG-4009,Bangalore,Early_Morning,one,Late_Night,Delhi,Economy,18.33,17,3216
86994,SpiceJet,SG-4009,Bangalore,Early_Morning,one,Morning,Delhi,Economy,25.92,17,3216
86995,SpiceJet,SG-531,Bangalore,Morning,one,Evening,Delhi,Economy,9.42,17,3234
86996,SpiceJet,SG-531,Bangalore,Morning,one,Morning,Delhi,Economy,22.67,17,3234
87040,SpiceJet,SG-401,Bangalore,Early_Morning,one,Afternoon,Delhi,Economy,6.75,17,3762
87041,SpiceJet,SG-401,Bangalore,Early_Morning,one,Night,Delhi,Economy,15.92,17,3762
87042,SpiceJet,SG-401,Bangalore,Early_Morning,one,Night,Delhi,Economy,17.83,17,3762
87100,SpiceJet,SG-5013,Bangalore,Night,zero,Late_Night,Delhi,Economy,2.67,17,4756
87101,SpiceJet,SG-198,Bangalore,Night,zero,Late_Night,Delhi,Economy,2.67,17,4756
87102,SpiceJet,SG-5006,Bangalore,Early_Morning,zero,Morning,Delhi,Economy,2.75,17,4756
87103,SpiceJet,SG-136,Bangalore,Early_Morning,zero,Morning,Delhi,Economy,2.75,17,4756
87141,SpiceJet,SG-768,Bangalore,Afternoon,one,Night,Delhi,Economy,5.5,17,5267
87142,SpiceJet,SG-768,Bangalore,Afternoon,one,Morning,Delhi,Economy,19.58,17,5267
87148,SpiceJet,SG-4005,Bangalore,Afternoon,one,Evening,Delhi,Economy,26.5,17,5654
87176,SpiceJet,SG-3023,Bangalore,Morning,one,Evening,Delhi,Economy,10.17,17,11838
87182,SpiceJet,SG-3027,Bangalore,Early_Morning,one,Late_Night,Delhi,Economy,19.25,17,12855
87184,SpiceJet,SG-3027,Bangalore,Early_Morning,one,Evening,Delhi,Economy,12.0,17,15165
87185,SpiceJet,SG-3027,Bangalore,Early_Morning,one,Night,Delhi,Economy,16.42,17,16635
87215,SpiceJet,SG-4009,Bangalore,Early_Morning,one,Late_Night,Delhi,Economy,18.33,18,3216
87216,SpiceJet,SG-4009,Bangalore,Early_Morning,one,Morning,Delhi,Economy,25.92,18,3216
87217,SpiceJet,SG-531,Bangalore,Morning,one,Evening,Delhi,Economy,9.42,18,3234
87239,SpiceJet,SG-531,Bangalore,Morning,one,Morning,Delhi,Economy,22.67,18,3756
87325,SpiceJet,SG-5013,Bangalore,Night,zero,Late_Night,Delhi,Economy,2.67,18,4756
87326,SpiceJet,SG-198,Bangalore,Night,zero,Late_Night,Delhi,Economy,2.67,18,4756
87327,SpiceJet,SG-5006,Bangalore,Early_Morning,zero,Morning,Delhi,Economy,2.75,18,4756
87328,SpiceJet,SG-136,Bangalore,Early_Morning,zero,Morning,Delhi,Economy,2.75,18,4756
87329,SpiceJet,SG-5002,Bangalore,Evening,zero,Night,Delhi,Economy,2.75,18,4756
87330,SpiceJet,SG-535,Bangalore,Evening,zero,Night,Delhi,Economy,2.75,18,4756
87365,SpiceJet,SG-768,Bangalore,Afternoon,one,Night,Delhi,Economy,5.5,18,5267
87375,SpiceJet,SG-3023,Bangalore,Morning,one,Evening,Delhi,Economy,10.17,18,5654
87376,SpiceJet,SG-209,Bangalore,Early_Morning,one,Evening,Delhi,Economy,12.83,18,5654
87377,SpiceJet,SG-768,Bangalore,Afternoon,one,Morning,Delhi,Economy,19.58,18,5654
87378,SpiceJet,SG-4005,Bangalore,Afternoon,one,Evening,Delhi,Economy,26.5,18,5654
87407,SpiceJet,SG-3027,Bangalore,Early_Morning,one,Night,Delhi,Economy,16.42,18,12855
87408,SpiceJet,SG-3027,Bangalore,Early_Morning,one,Late_Night,Delhi,Economy,19.25,18,12855
87411,SpiceJet,SG-3027,Bangalore,Early_Morning,one,Evening,Delhi,Economy,12.0,18,15165
87506,SpiceJet,SG-4009,Bangalore,Early_Morning,one,Late_Night,Delhi,Economy,18.33,19,3797
87507,SpiceJet,SG-4009,Bangalore,Early_Morning,one,Morning,Delhi,Economy,25.92,19,3797
87509,SpiceJet,SG-531,Bangalore,Morning,one,Evening,Delhi,Economy,9.42,19,4336
87510,SpiceJet,SG-531,Bangalore,Morning,one,Morning,Delhi,Economy,22.67,19,4336
87552,SpiceJet,SG-198,Bangalore,Night,zero,Late_Night,Delhi,Economy,2.67,19,4756
87553,SpiceJet,SG-136,Bangalore,Early_Morning,zero,Morning,Delhi,Economy,2.75,19,4756
87554,SpiceJet,SG-535,Bangalore,Evening,zero,Night,Delhi,Economy,2.75,19,4756
87599,SpiceJet,SG-768,Bangalore,Afternoon,one,Night,Delhi,Economy,5.5,19,5654
87600,SpiceJet,SG-209,Bangalore,Early_Morning,one,Evening,Delhi,Economy,12.83,19,5654
87601,SpiceJet,SG-768,Bangalore,Afternoon,one,Morning,Delhi,Economy,19.58,19,5654
87602,SpiceJet,SG-4005,Bangalore,Afternoon,one,Evening,Delhi,Economy,26.5,19,5654
87608,SpiceJet,SG-3023,Bangalore,Morning,one,Evening,Delhi,Economy,10.17,19,5971
87620,SpiceJet,SG-3027,Bangalore,Early_Morning,one,Late_Night,Delhi,Economy,19.25,19,10636
87622,SpiceJet,SG-3027,Bangalore,Early_Morning,one,Evening,Delhi,Economy,12.0,19,11476
87625,SpiceJet,SG-3027,Bangalore,Early_Morning,one,Night,Delhi,Economy,16.42,19,13366
87713,SpiceJet,SG-4009,Bangalore,Early_Morning,one,Late_Night,Delhi,Economy,18.33,20,3797
87714,SpiceJet,SG-4009,Bangalore,Early_Morning,one,Morning,Delhi,Economy,25.92,20,3797
87720,SpiceJet,SG-531,Bangalore,Morning,one,Evening,Delhi,Economy,9.42,20,4336
87721,SpiceJet,SG-531,Bangalore,Morning,one,Morning,Delhi,Economy,22.67,20,4336
87770,SpiceJet,SG-198,Bangalore,Night,zero,Late_Night,Delhi,Economy,2.67,20,4756
87771,SpiceJet,SG-136,Bangalore,Early_Morning,zero,Morning,Delhi,Economy,2.75,20,4756
87772,SpiceJet,SG-535,Bangalore,Evening,zero,Night,Delhi,Economy,2.75,20,4756
87811,SpiceJet,SG-768,Bangalore,Afternoon,one,Night,Delhi,Economy,5.5,20,5654
87812,SpiceJet,SG-468,Bangalore,Early_Morning,one,Afternoon,Delhi,Economy,8.67,20,5654
87813,SpiceJet,SG-3023,Bangalore,Morning,one,Evening,Delhi,Economy,10.17,20,5654
87814,SpiceJet,SG-3027,Bangalore,Early_Morning,one,Late_Night,Delhi,Economy,19.25,20,5654
87815,SpiceJet,SG-768,Bangalore,Afternoon,one,Morning,Delhi,Economy,19.58,20,5654
87816,SpiceJet,SG-4005,Bangalore,Afternoon,one,Evening,Delhi,Economy,26.5,20,5654
87839,SpiceJet,SG-3027,Bangalore,Early_Morning,one,Night,Delhi,Economy,16.42,20,8116
87843,SpiceJet,SG-3027,Bangalore,Early_Morning,one,Evening,Delhi,Economy,12.0,20,11476
87938,SpiceJet,SG-4009,Bangalore,Early_Morning,one,Late_Night,Delhi,Economy,18.33,21,3797
87939,SpiceJet,SG-4009,Bangalore,Early_Morning,one,Morning,Delhi,Economy,25.92,21,3797
87940,SpiceJet,SG-531,Bangalore,Morning,one,Morning,Delhi,Economy,22.67,21,3814
87945,SpiceJet,SG-531,Bangalore,Morning,one,Evening,Delhi,Economy,9.42,21,4336
87983,SpiceJet,SG-198,Bangalore,Night,zero,Late_Night,Delhi,Economy,2.67,21,4756
87984,SpiceJet,SG-136,Bangalore,Early_Morning,zero,Morning,Delhi,Economy,2.75,21,4756
87985,SpiceJet,SG-535,Bangalore,Evening,zero,Night,Delhi,Economy,2.75,21,4756
88022,SpiceJet,SG-768,Bangalore,Afternoon,one,Night,Delhi,Economy,5.5,21,5654
88023,SpiceJet,SG-3023,Bangalore,Morning,one,Evening,Delhi,Economy,10.17,21,5654
88024,SpiceJet,SG-209,Bangalore,Early_Morning,one,Evening,Delhi,Economy,12.83,21,5654
88025,SpiceJet,SG-3027,Bangalore,Early_Morning,one,Late_Night,Delhi,Economy,19.25,21,5654
88026,SpiceJet,SG-768,Bangalore,Afternoon,one,Morning,Delhi,Economy,19.58,21,5654
88027,SpiceJet,SG-4005,Bangalore,Afternoon,one,Evening,Delhi,Economy,26.5,21,5654
88033,SpiceJet,SG-3027,Bangalore,Early_Morning,one,Night,Delhi,Economy,16.42,21,5971
88048,SpiceJet,SG-3027,Bangalore,Early_Morning,one,Evening,Delhi,Economy,12.0,21,10636
88131,SpiceJet,SG-4009,Bangalore,Early_Morning,one,Late_Night,Delhi,Economy,18.33,22,3797
88132,SpiceJet,SG-4009,Bangalore,Early_Morning,one,Morning,Delhi,Economy,25.92,22,3797
88137,SpiceJet,SG-531,Bangalore,Morning,one,Evening,Delhi,Economy,9.42,22,4336
88138,SpiceJet,SG-531,Bangalore,Morning,one,Morning,Delhi,Economy,22.67,22,4336
88188,SpiceJet,SG-198,Bangalore,Night,zero,Late_Night,Delhi,Economy,2.67,22,4756
88189,SpiceJet,SG-136,Bangalore,Early_Morning,zero,Morning,Delhi,Economy,2.75,22,4756
88190,SpiceJet,SG-535,Bangalore,Evening,zero,Night,Delhi,Economy,2.75,22,4756
88237,SpiceJet,SG-768,Bangalore,Afternoon,one,Night,Delhi,Economy,5.5,22,5654
88238,SpiceJet,SG-468,Bangalore,Early_Morning,one,Afternoon,Delhi,Economy,8.67,22,5654
88239,SpiceJet,SG-3023,Bangalore,Morning,one,Evening,Delhi,Economy,10.17,22,5654
88240,SpiceJet,SG-3027,Bangalore,Early_Morning,one,Late_Night,Delhi,Economy,19.25,22,5654
88241,SpiceJet,SG-768,Bangalore,Afternoon,one,Morning,Delhi,Economy,19.58,22,5654
88242,SpiceJet,SG-4005,Bangalore,Afternoon,one,Evening,Delhi,Economy,26.5,22,5654
88246,SpiceJet,SG-3027,Bangalore,Early_Morning,one,Night,Delhi,Economy,16.42,22,5971
88261,SpiceJet,SG-3027,Bangalore,Early_Morning,one,Evening,Delhi,Economy,12.0,22,8116
88345,SpiceJet,SG-4009,Bangalore,Early_Morning,one,Late_Night,Delhi,Economy,18.33,23,3797
88346,SpiceJet,SG-4009,Bangalore,Early_Morning,one,Morning,Delhi,Economy,25.92,23,3797
88394,SpiceJet,SG-198,Bangalore,Night,zero,Late_Night,Delhi,Economy,2.67,23,4756
88395,SpiceJet,SG-136,Bangalore,Early_Morning,zero,Morning,Delhi,Economy,2.75,23,4756
88396,SpiceJet,SG-535,Bangalore,Evening,zero,Night,Delhi,Economy,2.75,23,4756
88443,SpiceJet,SG-768,Bangalore,Afternoon,one,Night,Delhi,Economy,5.5,23,5654
88444,SpiceJet,SG-209,Bangalore,Early_Morning,one,Evening,Delhi,Economy,12.83,23,5654
88445,SpiceJet,SG-768,Bangalore,Afternoon,one,Morning,Delhi,Economy,19.58,23,5654
88446,SpiceJet,SG-4005,Bangalore,Afternoon,one,Evening,Delhi,Economy,26.5,23,5654
88567,SpiceJet,SG-4009,Bangalore,Early_Morning,one,Late_Night,Delhi,Economy,18.33,24,3797
88568,SpiceJet,SG-4009,Bangalore,Early_Morning,one,Morning,Delhi,Economy,25.92,24,3797
88569,SpiceJet,SG-531,Bangalore,Morning,one,Morning,Delhi,Economy,22.67,24,3814
88571,SpiceJet,SG-531,Bangalore,Morning,one,Evening,Delhi,Economy,9.42,24,4336
88605,SpiceJet,SG-198,Bangalore,Night,zero,Late_Night,Delhi,Economy,2.67,24,4756
88606,SpiceJet,SG-136,Bangalore,Early_Morning,zero,Morning,Delhi,Economy,2.75,24,4756
88607,SpiceJet,SG-535,Bangalore,Evening,zero,Night,Delhi,Economy,2.75,24,4756
88659,SpiceJet,SG-768,Bangalore,Afternoon,one,Night,Delhi,Economy,5.5,24,5654
88660,SpiceJet,SG-468,Bangalore,Early_Morning,one,Afternoon,Delhi,Economy,8.67,24,5654
88661,SpiceJet,SG-3023,Bangalore,Morning,one,Evening,Delhi,Economy,10.17,24,5654
88662,SpiceJet,SG-768,Bangalore,Afternoon,one,Morning,Delhi,Economy,19.58,24,5654
88663,SpiceJet,SG-4005,Bangalore,Afternoon,one,Evening,Delhi,Economy,26.5,24,5654
88678,SpiceJet,SG-3027,Bangalore,Early_Morning,one,Late_Night,Delhi,Economy,19.25,24,8116
88682,SpiceJet,SG-3027,Bangalore,Early_Morning,one,Evening,Delhi,Economy,12.0,24,11476
88685,SpiceJet,SG-3027,Bangalore,Early_Morning,one,Night,Delhi,Economy,16.42,24,12316
88790,SpiceJet,SG-4009,Bangalore,Early_Morning,one,Late_Night,Delhi,Economy,18.33,25,3797
88791,SpiceJet,SG-4009,Bangalore,Early_Morning,one,Morning,Delhi,Economy,25.92,25,3797
88792,SpiceJet,SG-531,Bangalore,Morning,one,Evening,Delhi,Economy,9.42,25,3814
88793,SpiceJet,SG-531,Bangalore,Morning,one,Morning,Delhi,Economy,22.67,25,3814
88834,SpiceJet,SG-198,Bangalore,Night,zero,Late_Night,Delhi,Economy,2.67,25,4756
88835,SpiceJet,SG-136,Bangalore,Early_Morning,zero,Morning,Delhi,Economy,2.75,25,4756
88836,SpiceJet,SG-535,Bangalore,Evening,zero,Night,Delhi,Economy,2.75,25,4756
88881,SpiceJet,SG-768,Bangalore,Afternoon,one,Night,Delhi,Economy,5.5,25,5654
88882,SpiceJet,SG-468,Bangalore,Early_Morning,one,Afternoon,Delhi,Economy,8.67,25,5654
88883,SpiceJet,SG-3023,Bangalore,Morning,one,Evening,Delhi,Economy,10.17,25,5654
88884,SpiceJet,SG-3027,Bangalore,Early_Morning,one,Late_Night,Delhi,Economy,19.25,25,5654
88885,SpiceJet,SG-768,Bangalore,Afternoon,one,Morning,Delhi,Economy,19.58,25,5654
88886,SpiceJet,SG-4005,Bangalore,Afternoon,one,Evening,Delhi,Economy,26.5,25,5654
88905,SpiceJet,SG-3027,Bangalore,Early_Morning,one,Night,Delhi,Economy,16.42,25,8116
88906,SpiceJet,SG-3027,Bangalore,Early_Morning,one,Evening,Delhi,Economy,12.0,25,9166
89014,SpiceJet,SG-4009,Bangalore,Early_Morning,one,Morning,Delhi,Economy,25.92,26,3797
89015,SpiceJet,SG-531,Bangalore,Morning,one,Evening,Delhi,Economy,9.42,26,3814
89016,SpiceJet,SG-531,Bangalore,Morning,one,Morning,Delhi,Economy,22.67,26,3814
89058,SpiceJet,SG-198,Bangalore,Night,zero,Late_Night,Delhi,Economy,2.67,26,4756
89059,SpiceJet,SG-136,Bangalore,Early_Morning,zero,Morning,Delhi,Economy,2.75,26,4756
89060,SpiceJet,SG-535,Bangalore,Evening,zero,Night,Delhi,Economy,2.75,26,4756
89090,SpiceJet,SG-4009,Bangalore,Early_Morning,one,Late_Night,Delhi,Economy,18.33,26,4862
89107,SpiceJet,SG-768,Bangalore,Afternoon,one,Night,Delhi,Economy,5.5,26,5654
89108,SpiceJet,SG-3023,Bangalore,Morning,one,Evening,Delhi,Economy,10.17,26,5654
89109,SpiceJet,SG-209,Bangalore,Early_Morning,one,Evening,Delhi,Economy,12.83,26,5654
89110,SpiceJet,SG-3027,Bangalore,Early_Morning,one,Late_Night,Delhi,Economy,19.25,26,5654
89111,SpiceJet,SG-768,Bangalore,Afternoon,one,Morning,Delhi,Economy,19.58,26,5654
89112,SpiceJet,SG-4005,Bangalore,Afternoon,one,Evening,Delhi,Economy,26.5,26,5654
89116,SpiceJet,SG-3027,Bangalore,Early_Morning,one,Evening,Delhi,Economy,12.0,26,5971
89122,SpiceJet,SG-3027,Bangalore,Early_Morning,one,Night,Delhi,Economy,16.42,26,6601
89225,SpiceJet,SG-4009,Bangalore,Early_Morning,one,Late_Night,Delhi,Economy,18.33,27,3797
89226,SpiceJet,SG-4009,Bangalore,Early_Morning,one,Morning,Delhi,Economy,25.92,27,3797
89227,SpiceJet,SG-531,Bangalore,Morning,one,Evening,Delhi,Economy,9.42,27,3814
89230,SpiceJet,SG-531,Bangalore,Morning,one,Morning,Delhi,Economy,22.67,27,4336
89272,SpiceJet,SG-198,Bangalore,Night,zero,Late_Night,Delhi,Economy,2.67,27,4756
89273,SpiceJet,SG-136,Bangalore,Early_Morning,zero,Morning,Delhi,Economy,2.75,27,4756
89274,SpiceJet,SG-535,Bangalore,Evening,zero,Night,Delhi,Economy,2.75,27,4756
89318,SpiceJet,SG-768,Bangalore,Afternoon,one,Night,Delhi,Economy,5.5,27,5654
89319,SpiceJet,SG-468,Bangalore,Early_Morning,one,Afternoon,Delhi,Economy,8.67,27,5654
89320,SpiceJet,SG-3023,Bangalore,Morning,one,Evening,Delhi,Economy,10.17,27,5654
89321,SpiceJet,SG-3027,Bangalore,Early_Morning,one,Late_Night,Delhi,Economy,19.25,27,5654
89322,SpiceJet,SG-768,Bangalore,Afternoon,one,Morning,Delhi,Economy,19.58,27,5654
89323,SpiceJet,SG-4005,Bangalore,Afternoon,one,Evening,Delhi,Economy,26.5,27,5654
89329,SpiceJet,SG-3027,Bangalore,Early_Morning,one,Night,Delhi,Economy,16.42,27,5971
89333,SpiceJet,SG-3027,Bangalore,Early_Morning,one,Evening,Delhi,Economy,12.0,27,6285
89439,SpiceJet,SG-4009,Bangalore,Early_Morning,one,Morning,Delhi,Economy,25.92,28,3797
89440,SpiceJet,SG-531,Bangalore,Morning,one,Evening,Delhi,Economy,9.42,28,3814
89441,SpiceJet,SG-531,Bangalore,Morning,one,Morning,Delhi,Economy,22.67,28,3814
89483,SpiceJet,SG-198,Bangalore,Night,zero,Late_Night,Delhi,Economy,2.67,28,4756
89484,SpiceJet,SG-136,Bangalore,Early_Morning,zero,Morning,Delhi,Economy,2.75,28,4756
89485,SpiceJet,SG-535,Bangalore,Evening,zero,Night,Delhi,Economy,2.75,28,4756
89518,SpiceJet,SG-4009,Bangalore,Early_Morning,one,Late_Night,Delhi,Economy,18.33,28,5492
89524,SpiceJet,SG-768,Bangalore,Afternoon,one,Night,Delhi,Economy,5.5,28,5654
89525,SpiceJet,SG-3023,Bangalore,Morning,one,Evening,Delhi,Economy,10.17,28,5654
89526,SpiceJet,SG-3027,Bangalore,Early_Morning,one,Evening,Delhi,Economy,12.0,28,5654
89527,SpiceJet,SG-209,Bangalore,Early_Morning,one,Evening,Delhi,Economy,12.83,28,5654
89528,SpiceJet,SG-3027,Bangalore,Early_Morning,one,Late_Night,Delhi,Economy,19.25,28,5654
89529,SpiceJet,SG-768,Bangalore,Afternoon,one,Morning,Delhi,Economy,19.58,28,5654
89530,SpiceJet,SG-4005,Bangalore,Afternoon,one,Evening,Delhi,Economy,26.5,28,5654
89532,SpiceJet,SG-3027,Bangalore,Early_Morning,one,Night,Delhi,Economy,16.42,28,6285
89624,SpiceJet,SG-4009,Bangalore,Early_Morning,one,Late_Night,Delhi,Economy,18.33,29,3797
89632,SpiceJet,SG-531,Bangalore,Morning,one,Evening,Delhi,Economy,9.42,29,4336
89633,SpiceJet,SG-531,Bangalore,Morning,one,Morning,Delhi,Economy,22.67,29,4336
89679,SpiceJet,SG-198,Bangalore,Night,zero,Late_Night,Delhi,Economy,2.67,29,4756
89680,SpiceJet,SG-136,Bangalore,Early_Morning,zero,Morning,Delhi,Economy,2.75,29,4756
89681,SpiceJet,SG-535,Bangalore,Evening,zero,Night,Delhi,Economy,2.75,29,4756
89719,SpiceJet,SG-4009,Bangalore,Early_Morning,one,Morning,Delhi,Economy,25.92,29,4862
89733,SpiceJet,SG-468,Bangalore,Early_Morning,one,Afternoon,Delhi,Economy,8.67,29,5654
89734,SpiceJet,SG-3023,Bangalore,Morning,one,Evening,Delhi,Economy,10.17,29,5654
89735,SpiceJet,SG-3027,Bangalore,Early_Morning,one,Evening,Delhi,Economy,12.0,29,5654
89736,SpiceJet,SG-3027,Bangalore,Early_Morning,one,Night,Delhi,Economy,16.42,29,5654
89737,SpiceJet,SG-3027,Bangalore,Early_Morning,one,Late_Night,Delhi,Economy,19.25,29,5654
89738,SpiceJet,SG-4005,Bangalore,Afternoon,one,Evening,Delhi,Economy,26.5,29,5654
89744,SpiceJet,SG-768,Bangalore,Afternoon,one,Night,Delhi,Economy,5.5,29,6285
89745,SpiceJet,SG-768,Bangalore,Afternoon,one,Morning,Delhi,Economy,19.58,29,6285
89840,SpiceJet,SG-4009,Bangalore,Early_Morning,one,Late_Night,Delhi,Economy,18.33,30,3797
89847,SpiceJet,SG-4009,Bangalore,Early_Morning,one,Morning,Delhi,Economy,25.92,30,4280
89888,SpiceJet,SG-198,Bangalore,Night,zero,Late_Night,Delhi,Economy,2.67,30,4756
89889,SpiceJet,SG-136,Bangalore,Early_Morning,zero,Morning,Delhi,Economy,2.75,30,4756
89890,SpiceJet,SG-535,Bangalore,Evening,zero,Night,Delhi,Economy,2.75,30,4756
89943,SpiceJet,SG-209,Bangalore,Early_Morning,one,Evening,Delhi,Economy,12.83,30,5654
89944,SpiceJet,SG-4005,Bangalore,Afternoon,one,Evening,Delhi,Economy,26.5,30,5654
89959,SpiceJet,SG-768,Bangalore,Afternoon,one,Morning,Delhi,Economy,19.58,30,7292
89968,SpiceJet,SG-768,Bangalore,Afternoon,one,Night,Delhi,Economy,5.5,30,7696
90001,SpiceJet,SG-531,Bangalore,Morning,one,Evening,Delhi,Economy,9.42,31,3466
90004,SpiceJet,SG-531,Bangalore,Morning,one,Morning,Delhi,Economy,22.67,31,3466
90035,SpiceJet,SG-4009,Bangalore,Early_Morning,one,Late_Night,Delhi,Economy,18.33,31,3754
90036,SpiceJet,SG-4009,Bangalore,Early_Morning,one,Morning,Delhi,Economy,25.92,31,3754
90132,SpiceJet,SG-198,Bangalore,Night,zero,Late_Night,Delhi,Economy,2.67,31,4500
90133,SpiceJet,SG-136,Bangalore,Early_Morning,zero,Morning,Delhi,Economy,2.75,31,4500
90136,SpiceJet,SG-535,Bangalore,Evening,zero,Night,Delhi,Economy,2.75,31,4500
90172,SpiceJet,SG-3027,Bangalore,Early_Morning,one,Late_Night,Delhi,Economy,19.25,31,6423
90176,SpiceJet,SG-768,Bangalore,Afternoon,one,Night,Delhi,Economy,5.5,31,6744
90177,SpiceJet,SG-768,Bangalore,Afternoon,one,Morning,Delhi,Economy,19.58,31,6744
90186,SpiceJet,SG-468,Bangalore,Early_Morning,one,Afternoon,Delhi,Economy,8.67,31,7746
90187,SpiceJet,SG-3023,Bangalore,Morning,one,Evening,Delhi,Economy,10.17,31,8116
90188,SpiceJet,SG-3027,Bangalore,Early_Morning,one,Evening,Delhi,Economy,12.0,31,8417
90189,SpiceJet,SG-3027,Bangalore,Early_Morning,one,Night,Delhi,Economy,16.42,31,9677
90190,SpiceJet,SG-4005,Bangalore,Afternoon,one,Evening,Delhi,Economy,26.5,31,9849
90243,SpiceJet,SG-531,Bangalore,Morning,one,Evening,Delhi,Economy,9.42,32,3466
90246,SpiceJet,SG-531,Bangalore,Morning,one,Morning,Delhi,Economy,22.67,32,3466
90258,SpiceJet,SG-4009,Bangalore,Early_Morning,one,Late_Night,Delhi,Economy,18.33,32,3754
90259,SpiceJet,SG-4009,Bangalore,Early_Morning,one,Morning,Delhi,Economy,25.92,32,3754
90361,SpiceJet,SG-198,Bangalore,Night,zero,Late_Night,Delhi,Economy,2.67,32,4500
90362,SpiceJet,SG-136,Bangalore,Early_Morning,zero,Morning,Delhi,Economy,2.75,32,4500
90365,SpiceJet,SG-535,Bangalore,Evening,zero,Night,Delhi,Economy,2.75,32,4500
90398,SpiceJet,SG-3027,Bangalore,Early_Morning,one,Late_Night,Delhi,Economy,19.25,32,6423
90402,SpiceJet,SG-768,Bangalore,Afternoon,one,Night,Delhi,Economy,5.5,32,6324
90403,SpiceJet,SG-768,Bangalore,Afternoon,one,Morning,Delhi,Economy,19.58,32,6324
90408,SpiceJet,SG-3027,Bangalore,Early_Morning,one,Evening,Delhi,Economy,12.0,32,7053
90409,SpiceJet,SG-3027,Bangalore,Early_Morning,one,Night,Delhi,Economy,16.42,32,7053
90414,SpiceJet,SG-468,Bangalore,Early_Morning,one,Afternoon,Delhi,Economy,8.67,32,7746
90415,SpiceJet,SG-3023,Bangalore,Morning,one,Evening,Delhi,Economy,10.17,32,8116
90416,SpiceJet,SG-4005,Bangalore,Afternoon,one,Evening,Delhi,Economy,26.5,32,9849
90464,SpiceJet,SG-531,Bangalore,Morning,one,Evening,Delhi,Economy,9.42,33,3466
90467,SpiceJet,SG-531,Bangalore,Morning,one,Morning,Delhi,Economy,22.67,33,3466
90477,SpiceJet,SG-4009,Bangalore,Early_Morning,one,Late_Night,Delhi,Economy,18.33,33,3754
90478,SpiceJet,SG-4009,Bangalore,Early_Morning,one,Morning,Delhi,Economy,25.92,33,3754
90586,SpiceJet,SG-198,Bangalore,Night,zero,Late_Night,Delhi,Economy,2.67,33,4500
90587,SpiceJet,SG-136,Bangalore,Early_Morning,zero,Morning,Delhi,Economy,2.75,33,4500
90590,SpiceJet,SG-535,Bangalore,Evening,zero,Night,Delhi,Economy,2.75,33,4500
90618,SpiceJet,SG-3027,Bangalore,Early_Morning,one,Night,Delhi,Economy,16.42,33,6423
90622,SpiceJet,SG-3027,Bangalore,Early_Morning,one,Late_Night,Delhi,Economy,19.25,33,6423
90624,SpiceJet,SG-3027,Bangalore,Early_Morning,one,Evening,Delhi,Economy,12.0,33,6737
90626,SpiceJet,SG-768,Bangalore,Afternoon,one,Night,Delhi,Economy,5.5,33,7164
90627,SpiceJet,SG-768,Bangalore,Afternoon,one,Morning,Delhi,Economy,19.58,33,7164
90632,SpiceJet,SG-3023,Bangalore,Morning,one,Evening,Delhi,Economy,10.17,33,8116
90633,SpiceJet,SG-4005,Bangalore,Afternoon,one,Evening,Delhi,Economy,26.5,33,9849
90634,SpiceJet,SG-209,Bangalore,Early_Morning,one,Evening,Delhi,Economy,12.83,33,9902
90682,SpiceJet,SG-531,Bangalore,Morning,one,Morning,Delhi,Economy,22.67,34,3466
90687,SpiceJet,SG-4009,Bangalore,Early_Morning,one,Late_Night,Delhi,Economy,18.33,34,3754
90688,SpiceJet,SG-4009,Bangalore,Early_Morning,one,Morning,Delhi,Economy,25.92,34,3754
90723,SpiceJet,SG-531,Bangalore,Morning,one,Evening,Delhi,Economy,9.42,34,4025
90795,SpiceJet,SG-198,Bangalore,Night,zero,Late_Night,Delhi,Economy,2.67,34,4500
90796,SpiceJet,SG-136,Bangalore,Early_Morning,zero,Morning,Delhi,Economy,2.75,34,4500
90799,SpiceJet,SG-535,Bangalore,Evening,zero,Night,Delhi,Economy,2.75,34,4500
90822,SpiceJet,SG-3027,Bangalore,Early_Morning,one,Night,Delhi,Economy,16.42,34,6423
90823,SpiceJet,SG-3027,Bangalore,Early_Morning,one,Late_Night,Delhi,Economy,19.25,34,6423
90837,SpiceJet,SG-3027,Bangalore,Early_Morning,one,Evening,Delhi,Economy,12.0,34,7053
90839,SpiceJet,SG-768,Bangalore,Afternoon,one,Night,Delhi,Economy,5.5,34,7164
90840,SpiceJet,SG-768,Bangalore,Afternoon,one,Morning,Delhi,Economy,19.58,34,7164
90846,SpiceJet,SG-468,Bangalore,Early_Morning,one,Afternoon,Delhi,Economy,8.67,34,7746
90850,SpiceJet,SG-3023,Bangalore,Morning,one,Evening,Delhi,Economy,10.17,34,8116
90851,SpiceJet,SG-4005,Bangalore,Afternoon,one,Evening,Delhi,Economy,26.5,34,9849
90894,SpiceJet,SG-531,Bangalore,Morning,one,Morning,Delhi,Economy,22.67,35,3466
90908,SpiceJet,SG-4009,Bangalore,Early_Morning,one,Late_Night,Delhi,Economy,18.33,35,3754
90909,SpiceJet,SG-4009,Bangalore,Early_Morning,one,Morning,Delhi,Economy,25.92,35,3754
90938,SpiceJet,SG-531,Bangalore,Morning,one,Evening,Delhi,Economy,9.42,35,4025
90989,SpiceJet,SG-198,Bangalore,Night,zero,Late_Night,Delhi,Economy,2.67,35,4500
90990,SpiceJet,SG-136,Bangalore,Early_Morning,zero,Morning,Delhi,Economy,2.75,35,4500
90993,SpiceJet,SG-535,Bangalore,Evening,zero,Night,Delhi,Economy,2.75,35,4500
91031,SpiceJet,SG-3027,Bangalore,Early_Morning,one,Evening,Delhi,Economy,12.0,35,6423
91032,SpiceJet,SG-3027,Bangalore,Early_Morning,one,Night,Delhi,Economy,16.42,35,6423
91035,SpiceJet,SG-768,Bangalore,Afternoon,one,Night,Delhi,Economy,5.5,35,6324
91036,SpiceJet,SG-768,Bangalore,Afternoon,one,Morning,Delhi,Economy,19.58,35,6324
91038,SpiceJet,SG-3027,Bangalore,Early_Morning,one,Late_Night,Delhi,Economy,19.25,35,6423
91051,SpiceJet,SG-3023,Bangalore,Morning,one,Evening,Delhi,Economy,10.17,35,8116
91054,SpiceJet,SG-4005,Bangalore,Afternoon,one,Evening,Delhi,Economy,26.5,35,9849
91055,SpiceJet,SG-209,Bangalore,Early_Morning,one,Evening,Delhi,Economy,12.83,35,9902
91100,SpiceJet,SG-531,Bangalore,Morning,one,Morning,Delhi,Economy,22.67,36,3466
91106,SpiceJet,SG-4009,Bangalore,Early_Morning,one,Late_Night,Delhi,Economy,18.33,36,3754
91107,SpiceJet,SG-4009,Bangalore,Early_Morning,one,Morning,Delhi,Economy,25.92,36,3754
91142,SpiceJet,SG-531,Bangalore,Morning,one,Evening,Delhi,Economy,9.42,36,4025
91201,SpiceJet,SG-198,Bangalore,Night,zero,Late_Night,Delhi,Economy,2.67,36,4500
91202,SpiceJet,SG-136,Bangalore,Early_Morning,zero,Morning,Delhi,Economy,2.75,36,4500
91205,SpiceJet,SG-535,Bangalore,Evening,zero,Night,Delhi,Economy,2.75,36,4500
91235,SpiceJet,SG-768,Bangalore,Afternoon,one,Night,Delhi,Economy,5.5,36,5696
91236,SpiceJet,SG-768,Bangalore,Afternoon,one,Morning,Delhi,Economy,19.58,36,5696
91250,SpiceJet,SG-3027,Bangalore,Early_Morning,one,Evening,Delhi,Economy,12.0,36,6423
91251,SpiceJet,SG-3027,Bangalore,Early_Morning,one,Night,Delhi,Economy,16.42,36,6423
91254,SpiceJet,SG-3027,Bangalore,Early_Morning,one,Late_Night,Delhi,Economy,19.25,36,6423
91269,SpiceJet,SG-468,Bangalore,Early_Morning,one,Afternoon,Delhi,Economy,8.67,36,7746
91270,SpiceJet,SG-3023,Bangalore,Morning,one,Evening,Delhi,Economy,10.17,36,8116
91273,SpiceJet,SG-4005,Bangalore,Afternoon,one,Evening,Delhi,Economy,26.5,36,9849
91321,SpiceJet,SG-4009,Bangalore,Early_Morning,one,Morning,Delhi,Economy,25.92,37,3754
91411,SpiceJet,SG-198,Bangalore,Night,zero,Late_Night,Delhi,Economy,2.67,37,4500
91412,SpiceJet,SG-136,Bangalore,Early_Morning,zero,Morning,Delhi,Economy,2.75,37,4500
91415,SpiceJet,SG-535,Bangalore,Evening,zero,Night,Delhi,Economy,2.75,37,4500
91443,SpiceJet,SG-768,Bangalore,Afternoon,one,Night,Delhi,Economy,5.5,37,5696
91444,SpiceJet,SG-4009,Bangalore,Early_Morning,one,Late_Night,Delhi,Economy,18.33,37,5386
91465,SpiceJet,SG-768,Bangalore,Afternoon,one,Morning,Delhi,Economy,19.58,37,6622
91477,SpiceJet,SG-4005,Bangalore,Afternoon,one,Evening,Delhi,Economy,26.5,37,9849
91478,SpiceJet,SG-209,Bangalore,Early_Morning,one,Evening,Delhi,Economy,12.83,37,9902
91527,SpiceJet,SG-4009,Bangalore,Early_Morning,one,Late_Night,Delhi,Economy,18.33,38,3754
91528,SpiceJet,SG-4009,Bangalore,Early_Morning,one,Morning,Delhi,Economy,25.92,38,3754
91570,SpiceJet,SG-531,Bangalore,Morning,one,Evening,Delhi,Economy,9.42,38,4025
91571,SpiceJet,SG-531,Bangalore,Morning,one,Morning,Delhi,Economy,22.67,38,4025
91622,SpiceJet,SG-198,Bangalore,Night,zero,Late_Night,Delhi,Economy,2.67,38,4500
91623,SpiceJet,SG-136,Bangalore,Early_Morning,zero,Morning,Delhi,Economy,2.75,38,4500
91625,SpiceJet,SG-535,Bangalore,Evening,zero,Night,Delhi,Economy,2.75,38,4500
91664,SpiceJet,SG-768,Bangalore,Afternoon,one,Morning,Delhi,Economy,19.58,38,6308
91678,SpiceJet,SG-468,Bangalore,Early_Morning,one,Afternoon,Delhi,Economy,8.67,38,7908
91679,SpiceJet,SG-768,Bangalore,Afternoon,one,Night,Delhi,Economy,5.5,38,8092
91680,SpiceJet,SG-3023,Bangalore,Morning,one,Evening,Delhi,Economy,10.17,38,8116
91686,SpiceJet,SG-4005,Bangalore,Afternoon,one,Evening,Delhi,Economy,26.5,38,9849
91687,SpiceJet,SG-3027,Bangalore,Early_Morning,one,Late_Night,Delhi,Economy,19.25,38,10413
91689,SpiceJet,SG-3027,Bangalore,Early_Morning,one,Night,Delhi,Economy,16.42,38,13143
91690,SpiceJet,SG-3027,Bangalore,Early_Morning,one,Evening,Delhi,Economy,12.0,38,16923
91745,SpiceJet,SG-531,Bangalore,Morning,one,Morning,Delhi,Economy,22.67,39,3466
91759,SpiceJet,SG-4009,Bangalore,Early_Morning,one,Late_Night,Delhi,Economy,18.33,39,3754
91760,SpiceJet,SG-4009,Bangalore,Early_Morning,one,Morning,Delhi,Economy,25.92,39,3754
91792,SpiceJet,SG-531,Bangalore,Morning,one,Evening,Delhi,Economy,9.42,39,4025
91857,SpiceJet,SG-198,Bangalore,Night,zero,Late_Night,Delhi,Economy,2.67,39,4500
91858,SpiceJet,SG-136,Bangalore,Early_Morning,zero,Morning,Delhi,Economy,2.75,39,4500
91861,SpiceJet,SG-535,Bangalore,Evening,zero,Night,Delhi,Economy,2.75,39,4500
91891,SpiceJet,SG-768,Bangalore,Afternoon,one,Morning,Delhi,Economy,19.58,39,5786
91894,SpiceJet,SG-768,Bangalore,Afternoon,one,Night,Delhi,Economy,5.5,39,5992
91905,SpiceJet,SG-3027,Bangalore,Early_Morning,one,Late_Night,Delhi,Economy,19.25,39,7053
91909,SpiceJet,SG-468,Bangalore,Early_Morning,one,Afternoon,Delhi,Economy,8.67,39,7746
91910,SpiceJet,SG-3023,Bangalore,Morning,one,Evening,Delhi,Economy,10.17,39,8116
91912,SpiceJet,SG-3027,Bangalore,Early_Morning,one,Night,Delhi,Economy,16.42,39,8943
91913,SpiceJet,SG-4005,Bangalore,Afternoon,one,Evening,Delhi,Economy,26.5,39,9849
91914,SpiceJet,SG-3027,Bangalore,Early_Morning,one,Evening,Delhi,Economy,12.0,39,10413
91976,SpiceJet,SG-531,Bangalore,Morning,one,Morning,Delhi,Economy,22.67,40,3466
91986,SpiceJet,SG-4009,Bangalore,Early_Morning,one,Late_Night,Delhi,Economy,18.33,40,3754
91987,SpiceJet,SG-4009,Bangalore,Early_Morning,one,Morning,Delhi,Economy,25.92,40,3754
92074,SpiceJet,SG-531,Bangalore,Morning,one,Evening,Delhi,Economy,9.42,40,4339
92088,SpiceJet,SG-198,Bangalore,Night,zero,Late_Night,Delhi,Economy,2.67,40,4500
92089,SpiceJet,SG-136,Bangalore,Early_Morning,zero,Morning,Delhi,Economy,2.75,40,4500
92092,SpiceJet,SG-535,Bangalore,Evening,zero,Night,Delhi,Economy,2.75,40,4500
92114,SpiceJet,SG-768,Bangalore,Afternoon,one,Morning,Delhi,Economy,19.58,40,5696
92119,SpiceJet,SG-768,Bangalore,Afternoon,one,Night,Delhi,Economy,5.5,40,5696
92122,SpiceJet,SG-3027,Bangalore,Early_Morning,one,Late_Night,Delhi,Economy,19.25,40,6423
92129,SpiceJet,SG-3027,Bangalore,Early_Morning,one,Evening,Delhi,Economy,12.0,40,7473
92130,SpiceJet,SG-3027,Bangalore,Early_Morning,one,Night,Delhi,Economy,16.42,40,7893
92131,SpiceJet,SG-3023,Bangalore,Morning,one,Evening,Delhi,Economy,10.17,40,8116
92132,SpiceJet,SG-4005,Bangalore,Afternoon,one,Evening,Delhi,Economy,26.5,40,9849
92133,SpiceJet,SG-209,Bangalore,Early_Morning,one,Evening,Delhi,Economy,12.83,40,9902
92183,SpiceJet,SG-531,Bangalore,Morning,one,Evening,Delhi,Economy,9.42,41,3466
92186,SpiceJet,SG-531,Bangalore,Morning,one,Morning,Delhi,Economy,22.67,41,3466
92192,SpiceJet,SG-4009,Bangalore,Early_Morning,one,Late_Night,Delhi,Economy,18.33,41,3754
92193,SpiceJet,SG-4009,Bangalore,Early_Morning,one,Morning,Delhi,Economy,25.92,41,3754
92299,SpiceJet,SG-198,Bangalore,Night,zero,Late_Night,Delhi,Economy,2.67,41,4500
92300,SpiceJet,SG-136,Bangalore,Early_Morning,zero,Morning,Delhi,Economy,2.75,41,4500
92303,SpiceJet,SG-535,Bangalore,Evening,zero,Night,Delhi,Economy,2.75,41,4500
92323,SpiceJet,SG-768,Bangalore,Afternoon,one,Morning,Delhi,Economy,19.58,41,5696
92329,SpiceJet,SG-768,Bangalore,Afternoon,one,Night,Delhi,Economy,5.5,41,5786
92334,SpiceJet,SG-3027,Bangalore,Early_Morning,one,Evening,Delhi,Economy,12.0,41,6423
92335,SpiceJet,SG-3027,Bangalore,Early_Morning,one,Night,Delhi,Economy,16.42,41,6423
92336,SpiceJet,SG-3027,Bangalore,Early_Morning,one,Late_Night,Delhi,Economy,19.25,41,6423
92350,SpiceJet,SG-468,Bangalore,Early_Morning,one,Afternoon,Delhi,Economy,8.67,41,7746
92351,SpiceJet,SG-3023,Bangalore,Morning,one,Evening,Delhi,Economy,10.17,41,8116
92352,SpiceJet,SG-4005,Bangalore,Afternoon,one,Evening,Delhi,Economy,26.5,41,9849
92393,SpiceJet,SG-531,Bangalore,Morning,one,Evening,Delhi,Economy,9.42,42,3466
92414,SpiceJet,SG-4009,Bangalore,Early_Morning,one,Late_Night,Delhi,Economy,18.33,42,3754
92415,SpiceJet,SG-4009,Bangalore,Early_Morning,one,Morning,Delhi,Economy,25.92,42,3754
92419,SpiceJet,SG-531,Bangalore,Morning,one,Morning,Delhi,Economy,22.67,42,4025
92497,SpiceJet,SG-198,Bangalore,Night,zero,Late_Night,Delhi,Economy,2.67,42,4500
92498,SpiceJet,SG-136,Bangalore,Early_Morning,zero,Morning,Delhi,Economy,2.75,42,4500
92501,SpiceJet,SG-535,Bangalore,Evening,zero,Night,Delhi,Economy,2.75,42,4500
92526,SpiceJet,SG-768,Bangalore,Afternoon,one,Night,Delhi,Economy,5.5,42,5696
92527,SpiceJet,SG-768,Bangalore,Afternoon,one,Morning,Delhi,Economy,19.58,42,5696
92538,SpiceJet,SG-3027,Bangalore,Early_Morning,one,Evening,Delhi,Economy,12.0,42,6423
92539,SpiceJet,SG-3027,Bangalore,Early_Morning,one,Night,Delhi,Economy,16.42,42,6423
92543,SpiceJet,SG-3027,Bangalore,Early_Morning,one,Late_Night,Delhi,Economy,19.25,42,6423
92553,SpiceJet,SG-3023,Bangalore,Morning,one,Evening,Delhi,Economy,10.17,42,8116
92554,SpiceJet,SG-4005,Bangalore,Afternoon,one,Evening,Delhi,Economy,26.5,42,9849
92555,SpiceJet,SG-209,Bangalore,Early_Morning,one,Evening,Delhi,Economy,12.83,42,9902
92576,SpiceJet,SG-531,Bangalore,Morning,one,Evening,Delhi,Economy,9.42,43,3466
92579,SpiceJet,SG-531,Bangalore,Morning,one,Morning,Delhi,Economy,22.67,43,3466
92609,SpiceJet,SG-4009,Bangalore,Early_Morning,one,Late_Night,Delhi,Economy,18.33,43,3754
92610,SpiceJet,SG-4009,Bangalore,Early_Morning,one,Morning,Delhi,Economy,25.92,43,3754
92718,SpiceJet,SG-198,Bangalore,Night,zero,Late_Night,Delhi,Economy,2.67,43,4500
92719,SpiceJet,SG-136,Bangalore,Early_Morning,zero,Morning,Delhi,Economy,2.75,43,4500
92722,SpiceJet,SG-535,Bangalore,Evening,zero,Night,Delhi,Economy,2.75,43,4500
92741,SpiceJet,SG-768,Bangalore,Afternoon,one,Morning,Delhi,Economy,19.58,43,5696
92744,SpiceJet,SG-768,Bangalore,Afternoon,one,Night,Delhi,Economy,5.5,43,5786
92752,SpiceJet,SG-3027,Bangalore,Early_Morning,one,Evening,Delhi,Economy,12.0,43,6423
92753,SpiceJet,SG-3027,Bangalore,Early_Morning,one,Night,Delhi,Economy,16.42,43,6423
92758,SpiceJet,SG-3027,Bangalore,Early_Morning,one,Late_Night,Delhi,Economy,19.25,43,6423
92770,SpiceJet,SG-468,Bangalore,Early_Morning,one,Afternoon,Delhi,Economy,8.67,43,7746
92771,SpiceJet,SG-3023,Bangalore,Morning,one,Evening,Delhi,Economy,10.17,43,8116
92772,SpiceJet,SG-4005,Bangalore,Afternoon,one,Evening,Delhi,Economy,26.5,43,9849
92820,SpiceJet,SG-4009,Bangalore,Early_Morning,one,Late_Night,Delhi,Economy,18.33,44,3754
92918,SpiceJet,SG-198,Bangalore,Night,zero,Late_Night,Delhi,Economy,2.67,44,4500
92919,SpiceJet,SG-136,Bangalore,Early_Morning,zero,Morning,Delhi,Economy,2.75,44,4500
92922,SpiceJet,SG-535,Bangalore,Evening,zero,Night,Delhi,Economy,2.75,44,4500
92946,SpiceJet,SG-768,Bangalore,Afternoon,one,Night,Delhi,Economy,5.5,44,5696
92947,SpiceJet,SG-768,Bangalore,Afternoon,one,Morning,Delhi,Economy,19.58,44,5696
92974,SpiceJet,SG-4005,Bangalore,Afternoon,one,Evening,Delhi,Economy,26.17,44,9849
92975,SpiceJet,SG-209,Bangalore,Early_Morning,one,Evening,Delhi,Economy,12.83,44,9902
93018,SpiceJet,SG-516,Bangalore,Morning,one,Evening,Delhi,Economy,8.67,45,3466
93021,SpiceJet,SG-516,Bangalore,Morning,one,Morning,Delhi,Economy,23.92,45,3466
93070,SpiceJet,SG-438,Bangalore,Early_Morning,one,Afternoon,Delhi,Economy,6.0,45,4029
93071,SpiceJet,SG-635,Bangalore,Evening,one,Morning,Delhi,Economy,14.67,45,4029
93072,SpiceJet,SG-438,Bangalore,Early_Morning,one,Night,Delhi,Economy,16.08,45,4029
93073,SpiceJet,SG-635,Bangalore,Evening,one,Afternoon,Delhi,Economy,17.58,45,4029
93109,SpiceJet,SG-438,Bangalore,Early_Morning,one,Night,Delhi,Economy,15.0,45,4302
93122,SpiceJet,SG-136,Bangalore,Early_Morning,zero,Morning,Delhi,Economy,2.75,45,4500
93137,SpiceJet,SG-8906,Bangalore,Night,zero,Late_Night,Delhi,Economy,2.92,45,4500
93138,SpiceJet,SG-198,Bangalore,Night,zero,Night,Delhi,Economy,3.0,45,4500
93154,SpiceJet,SG-768,Bangalore,Afternoon,one,Night,Delhi,Economy,9.0,45,5696
93155,SpiceJet,SG-768,Bangalore,Afternoon,one,Morning,Delhi,Economy,21.17,45,5696
93180,SpiceJet,SG-3233,Bangalore,Evening,one,Evening,Delhi,Economy,22.67,45,7473
93181,SpiceJet,SG-3719,Bangalore,Early_Morning,one,Night,Delhi,Economy,16.75,45,7893
93184,SpiceJet,SG-3725,Bangalore,Morning,one,Evening,Delhi,Economy,6.25,45,8799
93185,SpiceJet,SG-3719,Bangalore,Early_Morning,one,Evening,Delhi,Economy,12.0,45,8943
93237,SpiceJet,SG-516,Bangalore,Morning,one,Evening,Delhi,Economy,8.67,46,3466
93240,SpiceJet,SG-516,Bangalore,Morning,one,Morning,Delhi,Economy,23.92,46,3466
93288,SpiceJet,SG-438,Bangalore,Early_Morning,one,Afternoon,Delhi,Economy,6.0,46,4029
93289,SpiceJet,SG-635,Bangalore,Evening,one,Morning,Delhi,Economy,14.67,46,4029
93290,SpiceJet,SG-438,Bangalore,Early_Morning,one,Night,Delhi,Economy,16.08,46,4029
93291,SpiceJet,SG-635,Bangalore,Evening,one,Afternoon,Delhi,Economy,17.58,46,4029
93334,SpiceJet,SG-438,Bangalore,Early_Morning,one,Night,Delhi,Economy,15.0,46,4302
93351,SpiceJet,SG-136,Bangalore,Early_Morning,zero,Morning,Delhi,Economy,2.75,46,4500
93366,SpiceJet,SG-8906,Bangalore,Night,zero,Late_Night,Delhi,Economy,2.92,46,4500
93367,SpiceJet,SG-198,Bangalore,Night,zero,Night,Delhi,Economy,3.0,46,4500
93375,SpiceJet,SG-768,Bangalore,Afternoon,one,Night,Delhi,Economy,9.0,46,5696
93376,SpiceJet,SG-768,Bangalore,Afternoon,one,Morning,Delhi,Economy,21.17,46,5696
93389,SpiceJet,SG-3233,Bangalore,Evening,one,Evening,Delhi,Economy,22.67,46,6423
93396,SpiceJet,SG-3719,Bangalore,Early_Morning,one,Night,Delhi,Economy,16.75,46,6737
93401,SpiceJet,SG-3725,Bangalore,Morning,one,Evening,Delhi,Economy,6.25,46,7435
93402,SpiceJet,SG-3719,Bangalore,Early_Morning,one,Evening,Delhi,Economy,12.0,46,7473
93459,SpiceJet,SG-516,Bangalore,Morning,one,Evening,Delhi,Economy,8.67,47,3466
93462,SpiceJet,SG-516,Bangalore,Morning,one,Morning,Delhi,Economy,23.92,47,3466
93512,SpiceJet,SG-438,Bangalore,Early_Morning,one,Afternoon,Delhi,Economy,6.0,47,4029
93513,SpiceJet,SG-635,Bangalore,Evening,one,Morning,Delhi,Economy,14.67,47,4029
93514,SpiceJet,SG-438,Bangalore,Early_Morning,one,Night,Delhi,Economy,15.0,47,4029
93515,SpiceJet,SG-438,Bangalore,Early_Morning,one,Night,Delhi,Economy,16.08,47,4029
93516,SpiceJet,SG-635,Bangalore,Evening,one,Afternoon,Delhi,Economy,17.58,47,4029
93517,SpiceJet,SG-635,Bangalore,Evening,one,Night,Delhi,Economy,26.58,47,4029
93557,SpiceJet,SG-136,Bangalore,Early_Morning,zero,Morning,Delhi,Economy,2.75,47,4500
93572,SpiceJet,SG-8906,Bangalore,Night,zero,Late_Night,Delhi,Economy,2.92,47,4500
93573,SpiceJet,SG-198,Bangalore,Night,zero,Night,Delhi,Economy,3.0,47,4500
93592,SpiceJet,SG-3719,Bangalore,Early_Morning,one,Evening,Delhi,Economy,12.0,47,6423
93593,SpiceJet,SG-3719,Bangalore,Early_Morning,one,Night,Delhi,Economy,16.75,47,6423
93594,SpiceJet,SG-3233,Bangalore,Evening,one,Evening,Delhi,Economy,22.67,47,6423
93595,SpiceJet,SG-3233,Bangalore,Evening,one,Night,Delhi,Economy,27.42,47,6423
93606,SpiceJet,SG-3725,Bangalore,Morning,one,Evening,Delhi,Economy,6.33,47,7173
93659,SpiceJet,SG-516,Bangalore,Morning,one,Morning,Delhi,Economy,23.92,48,3466
93698,SpiceJet,SG-516,Bangalore,Morning,one,Evening,Delhi,Economy,8.67,48,4025
93709,SpiceJet,SG-438,Bangalore,Early_Morning,one,Afternoon,Delhi,Economy,6.0,48,4029
93710,SpiceJet,SG-635,Bangalore,Evening,one,Morning,Delhi,Economy,14.67,48,4029
93711,SpiceJet,SG-438,Bangalore,Early_Morning,one,Night,Delhi,Economy,15.0,48,4029
93712,SpiceJet,SG-438,Bangalore,Early_Morning,one,Night,Delhi,Economy,16.08,48,4029
93713,SpiceJet,SG-635,Bangalore,Evening,one,Afternoon,Delhi,Economy,17.58,48,4029
93769,SpiceJet,SG-136,Bangalore,Early_Morning,zero,Morning,Delhi,Economy,2.75,48,4500
93784,SpiceJet,SG-8906,Bangalore,Night,zero,Late_Night,Delhi,Economy,2.92,48,4500
93785,SpiceJet,SG-198,Bangalore,Night,zero,Night,Delhi,Economy,3.0,48,4500
93791,SpiceJet,SG-768,Bangalore,Afternoon,one,Night,Delhi,Economy,9.0,48,5696
93792,SpiceJet,SG-768,Bangalore,Afternoon,one,Morning,Delhi,Economy,21.17,48,5696
93803,SpiceJet,SG-3719,Bangalore,Early_Morning,one,Evening,Delhi,Economy,12.0,48,6423
93804,SpiceJet,SG-3719,Bangalore,Early_Morning,one,Night,Delhi,Economy,16.75,48,6423
93805,SpiceJet,SG-3233,Bangalore,Evening,one,Evening,Delhi,Economy,22.67,48,6423
93819,SpiceJet,SG-3725,Bangalore,Morning,one,Evening,Delhi,Economy,6.25,48,7435
93862,SpiceJet,SG-516,Bangalore,Morning,one,Evening,Delhi,Economy,8.67,49,3466
93906,SpiceJet,SG-516,Bangalore,Morning,one,Morning,Delhi,Economy,23.92,49,4025
93914,SpiceJet,SG-438,Bangalore,Early_Morning,one,Afternoon,Delhi,Economy,6.0,49,4029
93915,SpiceJet,SG-438,Bangalore,Early_Morning,one,Night,Delhi,Economy,16.08,49,4029
93946,SpiceJet,SG-438,Bangalore,Early_Morning,one,Night,Delhi,Economy,15.0,49,4302
93963,SpiceJet,SG-136,Bangalore,Early_Morning,zero,Morning,Delhi,Economy,2.75,49,4500
93978,SpiceJet,SG-8906,Bangalore,Night,zero,Late_Night,Delhi,Economy,2.92,49,4500
93979,SpiceJet,SG-198,Bangalore,Night,zero,Night,Delhi,Economy,3.0,49,4500
93981,SpiceJet,SG-635,Bangalore,Evening,one,Morning,Delhi,Economy,14.67,49,4618
93983,SpiceJet,SG-635,Bangalore,Evening,one,Afternoon,Delhi,Economy,17.58,49,4932
93988,SpiceJet,SG-768,Bangalore,Afternoon,one,Night,Delhi,Economy,9.0,49,5696
94001,SpiceJet,SG-768,Bangalore,Afternoon,one,Morning,Delhi,Economy,21.17,49,5786
94003,SpiceJet,SG-3719,Bangalore,Early_Morning,one,Evening,Delhi,Economy,12.0,49,6423
94004,SpiceJet,SG-3719,Bangalore,Early_Morning,one,Night,Delhi,Economy,16.75,49,6423
94014,SpiceJet,SG-3233,Bangalore,Evening,one,Evening,Delhi,Economy,22.67,49,6737
94022,SpiceJet,SG-3725,Bangalore,Morning,one,Evening,Delhi,Economy,6.25,49,8275
94153,SpiceJet,SG-401,Bangalore,Early_Morning,zero,Early_Morning,Mumbai,Economy,1.33,2,7383
94256,SpiceJet,SG-401,Bangalore,Early_Morning,zero,Early_Morning,Mumbai,Economy,1.33,3,5177
94284,SpiceJet,SG-3027,Bangalore,Early_Morning,one,Early_Morning,Mumbai,Economy,24.92,3,9064
94340,SpiceJet,SG-3027,Bangalore,Early_Morning,one,Afternoon,Mumbai,Economy,9.0,3,13474
94341,SpiceJet,SG-3027,Bangalore,Early_Morning,one,Evening,Mumbai,Economy,13.08,3,13474
94405,SpiceJet,SG-3027,Bangalore,Early_Morning,one,Early_Morning,Mumbai,Economy,24.92,4,5177
94430,SpiceJet,SG-3027,Bangalore,Early_Morning,one,Evening,Mumbai,Economy,13.08,4,8118
94461,SpiceJet,SG-3027,Bangalore,Early_Morning,one,Afternoon,Mumbai,Economy,9.0,4,9798
94521,SpiceJet,SG-5072,Bangalore,Early_Morning,zero,Early_Morning,Mumbai,Economy,1.33,5,5177
94522,SpiceJet,SG-401,Bangalore,Early_Morning,zero,Early_Morning,Mumbai,Economy,1.33,5,5177
94665,SpiceJet,SG-3027,Bangalore,Early_Morning,one,Early_Morning,Mumbai,Economy,24.92,5,14944
94669,SpiceJet,SG-3027,Bangalore,Early_Morning,one,Afternoon,Mumbai,Economy,9.0,5,16098
94672,SpiceJet,SG-3027,Bangalore,Early_Morning,one,Evening,Mumbai,Economy,13.08,5,16728
94693,SpiceJet,SG-3027,Bangalore,Early_Morning,one,Early_Morning,Mumbai,Economy,24.92,6,5177
94719,SpiceJet,SG-3027,Bangalore,Early_Morning,one,Afternoon,Mumbai,Economy,9.0,6,7594
94721,SpiceJet,SG-3027,Bangalore,Early_Morning,one,Evening,Mumbai,Economy,13.08,6,7750
94829,SpiceJet,SG-5072,Bangalore,Early_Morning,zero,Early_Morning,Mumbai,Economy,1.33,7,5177
94830,SpiceJet,SG-401,Bangalore,Early_Morning,zero,Early_Morning,Mumbai,Economy,1.33,7,5177
94973,SpiceJet,SG-3027,Bangalore,Early_Morning,one,Early_Morning,Mumbai,Economy,24.92,7,12108
94977,SpiceJet,SG-3027,Bangalore,Early_Morning,one,Evening,Mumbai,Economy,13.08,7,12580
94979,SpiceJet,SG-3027,Bangalore,Early_Morning,one,Afternoon,Mumbai,Economy,9.0,7,12738
95133,SpiceJet,SG-3027,Bangalore,Early_Morning,one,Early_Morning,Mumbai,Economy,24.92,8,13788
95135,SpiceJet,SG-3027,Bangalore,Early_Morning,one,Evening,Mumbai,Economy,13.08,8,13998
95145,SpiceJet,SG-3027,Bangalore,Early_Morning,one,Afternoon,Mumbai,Economy,9.0,8,14944
95152,SpiceJet,SG-5072,Bangalore,Early_Morning,zero,Early_Morning,Mumbai,Economy,1.33,9,5177
95153,SpiceJet,SG-401,Bangalore,Early_Morning,zero,Early_Morning,Mumbai,Economy,1.33,9,5177
95306,SpiceJet,SG-5072,Bangalore,Early_Morning,zero,Early_Morning,Mumbai,Economy,1.33,10,5177
95307,SpiceJet,SG-401,Bangalore,Early_Morning,zero,Early_Morning,Mumbai,Economy,1.33,10,5177
95359,SpiceJet,SG-3027,Bangalore,Early_Morning,one,Early_Morning,Mumbai,Economy,24.92,10,8434
95432,SpiceJet,SG-3027,Bangalore,Early_Morning,one,Afternoon,Mumbai,Economy,8.58,10,13474
95433,SpiceJet,SG-3027,Bangalore,Early_Morning,one,Afternoon,Mumbai,Economy,9.0,10,13474
95434,SpiceJet,SG-3027,Bangalore,Early_Morning,one,Evening,Mumbai,Economy,13.08,10,13474
95519,SpiceJet,SG-3027,Bangalore,Early_Morning,one,Early_Morning,Mumbai,Economy,24.92,11,5177
95634,SpiceJet,SG-3027,Bangalore,Early_Morning,one,Afternoon,Mumbai,Economy,9.0,11,12738
95635,SpiceJet,SG-3027,Bangalore,Early_Morning,one,Evening,Mumbai,Economy,13.08,11,12738
95650,SpiceJet,SG-5072,Bangalore,Early_Morning,zero,Early_Morning,Mumbai,Economy,1.33,12,5177
95651,SpiceJet,SG-401,Bangalore,Early_Morning,zero,Early_Morning,Mumbai,Economy,1.33,12,5177
95709,SpiceJet,SG-3027,Bangalore,Early_Morning,one,Early_Morning,Mumbai,Economy,24.92,12,5177
95783,SpiceJet,SG-3027,Bangalore,Early_Morning,one,Evening,Mumbai,Economy,13.08,12,9378
95786,SpiceJet,SG-3027,Bangalore,Early_Morning,one,Afternoon,Mumbai,Economy,9.0,12,9798
95913,SpiceJet,SG-3027,Bangalore,Early_Morning,one,Early_Morning,Mumbai,Economy,24.92,13,5493
95938,SpiceJet,SG-3027,Bangalore,Early_Morning,one,Evening,Mumbai,Economy,13.08,13,8118
95939,SpiceJet,SG-3027,Bangalore,Early_Morning,one,Afternoon,Mumbai,Economy,9.0,13,8644
96029,SpiceJet,SG-5072,Bangalore,Early_Morning,zero,Early_Morning,Mumbai,Economy,1.33,14,5177
96030,SpiceJet,SG-401,Bangalore,Early_Morning,zero,Early_Morning,Mumbai,Economy,1.33,14,5177
96161,SpiceJet,SG-3027,Bangalore,Early_Morning,one,Early_Morning,Mumbai,Economy,24.92,14,10847
96196,SpiceJet,SG-3027,Bangalore,Early_Morning,one,Afternoon,Mumbai,Economy,9.0,14,12214
96197,SpiceJet,SG-3027,Bangalore,Early_Morning,one,Evening,Mumbai,Economy,13.08,14,12214
96315,SpiceJet,SG-3027,Bangalore,Early_Morning,one,Early_Morning,Mumbai,Economy,24.92,15,8623
96396,SpiceJet,SG-3027,Bangalore,Early_Morning,one,Afternoon,Mumbai,Economy,9.0,15,11478
96406,SpiceJet,SG-3027,Bangalore,Early_Morning,one,Evening,Mumbai,Economy,13.08,15,11794
96438,SpiceJet,SG-5072,Bangalore,Early_Morning,zero,Early_Morning,Mumbai,Economy,1.33,16,2552
96439,SpiceJet,SG-401,Bangalore,Early_Morning,zero,Early_Morning,Mumbai,Economy,1.33,16,2552
96627,SpiceJet,SG-5072,Bangalore,Early_Morning,zero,Early_Morning,Mumbai,Economy,1.33,17,2552
96628,SpiceJet,SG-401,Bangalore,Early_Morning,zero,Early_Morning,Mumbai,Economy,1.33,17,2552
96772,SpiceJet,SG-3027,Bangalore,Early_Morning,one,Early_Morning,Mumbai,Economy,24.92,17,7396
96786,SpiceJet,SG-3027,Bangalore,Early_Morning,one,Evening,Mumbai,Economy,13.08,17,9600
96792,SpiceJet,SG-3027,Bangalore,Early_Morning,one,Afternoon,Mumbai,Economy,9.0,17,11490
96841,SpiceJet,SG-3027,Bangalore,Early_Morning,one,Early_Morning,Mumbai,Economy,24.92,18,3712
96979,SpiceJet,SG-3027,Bangalore,Early_Morning,one,Evening,Mumbai,Economy,13.08,18,7816
96983,SpiceJet,SG-3027,Bangalore,Early_Morning,one,Afternoon,Mumbai,Economy,9.0,18,9076
97025,SpiceJet,SG-3027,Bangalore,Early_Morning,one,Early_Morning,Mumbai,Economy,24.92,19,3712
97170,SpiceJet,SG-3027,Bangalore,Early_Morning,one,Afternoon,Mumbai,Economy,9.0,19,7907
97173,SpiceJet,SG-3027,Bangalore,Early_Morning,one,Evening,Mumbai,Economy,13.08,19,8747
97218,SpiceJet,SG-3027,Bangalore,Early_Morning,one,Early_Morning,Mumbai,Economy,24.92,20,3450
97284,SpiceJet,SG-3027,Bangalore,Early_Morning,one,Evening,Mumbai,Economy,13.08,20,6113
97329,SpiceJet,SG-3027,Bangalore,Early_Morning,one,Afternoon,Mumbai,Economy,9.0,20,6533
97408,SpiceJet,SG-3027,Bangalore,Early_Morning,one,Evening,Mumbai,Economy,13.08,21,3712
97409,SpiceJet,SG-3027,Bangalore,Early_Morning,one,Early_Morning,Mumbai,Economy,24.92,21,3712
97412,SpiceJet,SG-3027,Bangalore,Early_Morning,one,Afternoon,Mumbai,Economy,9.0,21,4028
97598,SpiceJet,SG-3027,Bangalore,Early_Morning,one,Early_Morning,Mumbai,Economy,24.92,22,3450
97600,SpiceJet,SG-3027,Bangalore,Early_Morning,one,Evening,Mumbai,Economy,13.08,22,3712
97606,SpiceJet,SG-3027,Bangalore,Early_Morning,one,Afternoon,Mumbai,Economy,9.0,22,4028
97976,SpiceJet,SG-3027,Bangalore,Early_Morning,one,Early_Morning,Mumbai,Economy,24.92,24,3450
98112,SpiceJet,SG-3027,Bangalore,Early_Morning,one,Afternoon,Mumbai,Economy,9.0,24,7059
98122,SpiceJet,SG-3027,Bangalore,Early_Morning,one,Evening,Mumbai,Economy,13.08,24,8327
98169,SpiceJet,SG-3027,Bangalore,Early_Morning,one,Early_Morning,Mumbai,Economy,24.92,25,3450
98199,SpiceJet,SG-3027,Bangalore,Early_Morning,one,Afternoon,Mumbai,Economy,9.0,25,4448
98200,SpiceJet,SG-3027,Bangalore,Early_Morning,one,Evening,Mumbai,Economy,13.08,25,4448
98356,SpiceJet,SG-3027,Bangalore,Early_Morning,one,Evening,Mumbai,Economy,13.08,26,3450
98357,SpiceJet,SG-3027,Bangalore,Early_Morning,one,Early_Morning,Mumbai,Economy,24.92,26,3450
98360,SpiceJet,SG-3027,Bangalore,Early_Morning,one,Afternoon,Mumbai,Economy,9.0,26,3712
98550,SpiceJet,SG-3027,Bangalore,Early_Morning,one,Afternoon,Mumbai,Economy,9.0,27,3450
98551,SpiceJet,SG-3027,Bangalore,Early_Morning,one,Early_Morning,Mumbai,Economy,24.92,27,3450
98555,SpiceJet,SG-3027,Bangalore,Early_Morning,one,Evening,Mumbai,Economy,13.08,27,3712
98738,SpiceJet,SG-3027,Bangalore,Early_Morning,one,Early_Morning,Mumbai,Economy,24.92,28,3450
98741,SpiceJet,SG-3027,Bangalore,Early_Morning,one,Afternoon,Mumbai,Economy,9.0,28,3712
98746,SpiceJet,SG-3027,Bangalore,Early_Morning,one,Evening,Mumbai,Economy,13.08,28,4028
98928,SpiceJet,SG-3027,Bangalore,Early_Morning,one,Afternoon,Mumbai,Economy,9.0,29,3450
98929,SpiceJet,SG-3027,Bangalore,Early_Morning,one,Early_Morning,Mumbai,Economy,24.92,29,3450
98933,SpiceJet,SG-3027,Bangalore,Early_Morning,one,Evening,Mumbai,Economy,13.08,29,3712
99329,SpiceJet,SG-3027,Bangalore,Early_Morning,one,Early_Morning,Mumbai,Economy,24.92,31,3990
99364,SpiceJet,SG-3027,Bangalore,Early_Morning,one,Evening,Mumbai,Economy,13.08,31,5977
99419,SpiceJet,SG-3027,Bangalore,Early_Morning,one,Afternoon,Mumbai,Economy,9.0,31,6503
99535,SpiceJet,SG-3027,Bangalore,Early_Morning,one,Early_Morning,Mumbai,Economy,24.92,32,3990
99539,SpiceJet,SG-3027,Bangalore,Early_Morning,one,Evening,Mumbai,Economy,13.08,32,4193
99543,SpiceJet,SG-3027,Bangalore,Early_Morning,one,Afternoon,Mumbai,Economy,9.0,32,4403
99708,SpiceJet,SG-3027,Bangalore,Early_Morning,one,Early_Morning,Mumbai,Economy,24.92,33,3990
99712,SpiceJet,SG-3027,Bangalore,Early_Morning,one,Evening,Mumbai,Economy,13.08,33,4193
99724,SpiceJet,SG-3027,Bangalore,Early_Morning,one,Afternoon,Mumbai,Economy,9.0,33,4613
99883,SpiceJet,SG-3027,Bangalore,Early_Morning,one,Evening,Mumbai,Economy,13.08,34,3990
99884,SpiceJet,SG-3027,Bangalore,Early_Morning,one,Early_Morning,Mumbai,Economy,24.92,34,3990
99895,SpiceJet,SG-3027,Bangalore,Early_Morning,one,Afternoon,Mumbai,Economy,9.0,34,4403
100046,SpiceJet,SG-3027,Bangalore,Early_Morning,one,Afternoon,Mumbai,Economy,9.0,35,3990
100047,SpiceJet,SG-3027,Bangalore,Early_Morning,one,Evening,Mumbai,Economy,13.08,35,3990
100048,SpiceJet,SG-3027,Bangalore,Early_Morning,one,Early_Morning,Mumbai,Economy,24.92,35,3990
100238,SpiceJet,SG-3027,Bangalore,Early_Morning,one,Afternoon,Mumbai,Economy,9.0,36,3990
100239,SpiceJet,SG-3027,Bangalore,Early_Morning,one,Evening,Mumbai,Economy,13.08,36,3990
100240,SpiceJet,SG-3027,Bangalore,Early_Morning,one,Early_Morning,Mumbai,Economy,24.92,36,3990
100627,SpiceJet,SG-3027,Bangalore,Early_Morning,one,Early_Morning,Mumbai,Economy,24.92,38,4613
100745,SpiceJet,SG-3027,Bangalore,Early_Morning,one,Afternoon,Mumbai,Economy,9.0,38,9233
100747,SpiceJet,SG-3027,Bangalore,Early_Morning,one,Evening,Mumbai,Economy,13.08,38,10046
100821,SpiceJet,SG-3027,Bangalore,Early_Morning,one,Early_Morning,Mumbai,Economy,24.92,39,3990
100929,SpiceJet,SG-3027,Bangalore,Early_Morning,one,Afternoon,Mumbai,Economy,9.0,39,7027
100934,SpiceJet,SG-3027,Bangalore,Early_Morning,one,Evening,Mumbai,Economy,13.08,39,7657
101007,SpiceJet,SG-3027,Bangalore,Early_Morning,one,Early_Morning,Mumbai,Economy,24.92,40,3990
101015,SpiceJet,SG-3027,Bangalore,Early_Morning,one,Evening,Mumbai,Economy,13.08,40,4403
101022,SpiceJet,SG-3027,Bangalore,Early_Morning,one,Afternoon,Mumbai,Economy,9.0,40,4613
101191,SpiceJet,SG-3027,Bangalore,Early_Morning,one,Evening,Mumbai,Economy,13.08,41,3990
101192,SpiceJet,SG-3027,Bangalore,Early_Morning,one,Early_Morning,Mumbai,Economy,24.92,41,3990
101198,SpiceJet,SG-3027,Bangalore,Early_Morning,one,Afternoon,Mumbai,Economy,9.0,41,4193
101375,SpiceJet,SG-3027,Bangalore,Early_Morning,one,Evening,Mumbai,Economy,13.08,42,3990
101376,SpiceJet,SG-3027,Bangalore,Early_Morning,one,Early_Morning,Mumbai,Economy,24.92,42,3990
101390,SpiceJet,SG-3027,Bangalore,Early_Morning,one,Afternoon,Mumbai,Economy,9.0,42,4613
101565,SpiceJet,SG-3027,Bangalore,Early_Morning,one,Afternoon,Mumbai,Economy,9.0,43,3990
101566,SpiceJet,SG-3027,Bangalore,Early_Morning,one,Early_Morning,Mumbai,Economy,24.92,43,3990
101571,SpiceJet,SG-3027,Bangalore,Early_Morning,one,Evening,Mumbai,Economy,13.08,43,4193
101877,SpiceJet,SG-438,Bangalore,Early_Morning,zero,Morning,Mumbai,Economy,1.75,45,2202
101878,SpiceJet,SG-635,Bangalore,Evening,zero,Night,Mumbai,Economy,2.0,45,2202
101938,SpiceJet,SG-3233,Bangalore,Evening,one,Afternoon,Mumbai,Economy,19.83,45,4403
101939,SpiceJet,SG-3233,Bangalore,Evening,one,Evening,Mumbai,Economy,24.08,45,4403
101949,SpiceJet,SG-3719,Bangalore,Early_Morning,one,Afternoon,Mumbai,Economy,9.17,45,5557
101950,SpiceJet,SG-3719,Bangalore,Early_Morning,one,Evening,Mumbai,Economy,13.42,45,5557
102060,SpiceJet,SG-438,Bangalore,Early_Morning,zero,Morning,Mumbai,Economy,1.75,46,2202
102061,SpiceJet,SG-635,Bangalore,Evening,zero,Night,Mumbai,Economy,2.0,46,2202
102121,SpiceJet,SG-3719,Bangalore,Early_Morning,one,Afternoon,Mumbai,Economy,9.17,46,4403
102122,SpiceJet,SG-3719,Bangalore,Early_Morning,one,Evening,Mumbai,Economy,13.42,46,4403
102123,SpiceJet,SG-3233,Bangalore,Evening,one,Afternoon,Mumbai,Economy,19.83,46,4403
102124,SpiceJet,SG-3233,Bangalore,Evening,one,Evening,Mumbai,Economy,24.08,46,4403
102248,SpiceJet,SG-438,Bangalore,Early_Morning,zero,Morning,Mumbai,Economy,1.75,47,2202
102249,SpiceJet,SG-635,Bangalore,Evening,zero,Night,Mumbai,Economy,2.0,47,2202
102303,SpiceJet,SG-3719,Bangalore,Early_Morning,one,Afternoon,Mumbai,Economy,9.17,47,4403
102304,SpiceJet,SG-3719,Bangalore,Early_Morning,one,Evening,Mumbai,Economy,13.42,47,4403
102305,SpiceJet,SG-3233,Bangalore,Evening,one,Afternoon,Mumbai,Economy,19.83,47,4403
102306,SpiceJet,SG-3233,Bangalore,Evening,one,Evening,Mumbai,Economy,24.08,47,4403
102425,SpiceJet,SG-438,Bangalore,Early_Morning,zero,Morning,Mumbai,Economy,1.75,48,2202
102426,SpiceJet,SG-635,Bangalore,Evening,zero,Night,Mumbai,Economy,2.0,48,2202
102485,SpiceJet,SG-3719,Bangalore,Early_Morning,one,Afternoon,Mumbai,Economy,9.17,48,4403
102486,SpiceJet,SG-3719,Bangalore,Early_Morning,one,Evening,Mumbai,Economy,13.42,48,4403
102487,SpiceJet,SG-3233,Bangalore,Evening,one,Afternoon,Mumbai,Economy,19.83,48,4403
102488,SpiceJet,SG-3233,Bangalore,Evening,one,Evening,Mumbai,Economy,24.08,48,4403
102608,SpiceJet,SG-438,Bangalore,Early_Morning,zero,Morning,Mumbai,Economy,1.75,49,2202
102609,SpiceJet,SG-635,Bangalore,Evening,zero,Night,Mumbai,Economy,2.0,49,2202
102670,SpiceJet,SG-3719,Bangalore,Early_Morning,one,Afternoon,Mumbai,Economy,9.17,49,4403
102671,SpiceJet,SG-3719,Bangalore,Early_Morning,one,Evening,Mumbai,Economy,13.42,49,4403
102672,SpiceJet,SG-3233,Bangalore,Evening,one,Afternoon,Mumbai,Economy,19.83,49,4403
102673,SpiceJet,SG-3233,Bangalore,Evening,one,Evening,Mumbai,Economy,24.08,49,4403
102768,SpiceJet,SG-531,Bangalore,Morning,one,Night,Kolkata,Economy,10.83,1,5177
102769,SpiceJet,SG-517,Bangalore,Evening,zero,Evening,Kolkata,Economy,2.5,1,6963
102830,SpiceJet,SG-4009,Bangalore,Early_Morning,one,Night,Kolkata,Economy,14.33,2,5283
102831,SpiceJet,SG-401,Bangalore,Early_Morning,one,Morning,Kolkata,Economy,4.83,2,7383
102835,SpiceJet,SG-517,Bangalore,Evening,one,Night,Kolkata,Economy,3.33,2,7907
102846,SpiceJet,SG-327,Bangalore,Early_Morning,one,Night,Kolkata,Economy,13.33,2,11689
102908,SpiceJet,SG-768,Bangalore,Afternoon,one,Night,Kolkata,Economy,5.75,2,25024
102924,SpiceJet,SG-4009,Bangalore,Early_Morning,one,Night,Kolkata,Economy,14.33,3,5177
102926,SpiceJet,SG-4009,Bangalore,Early_Morning,one,Morning,Kolkata,Economy,25.92,3,5177
102933,SpiceJet,SG-517,Bangalore,Evening,one,Night,Kolkata,Economy,3.33,3,7907
102934,SpiceJet,SG-401,Bangalore,Early_Morning,one,Morning,Kolkata,Economy,4.83,3,7907
102955,SpiceJet,SG-327,Bangalore,Early_Morning,one,Night,Kolkata,Economy,13.33,3,11689
103004,SpiceJet,SG-768,Bangalore,Afternoon,one,Night,Kolkata,Economy,5.75,3,17988
103027,SpiceJet,SG-5073,Bangalore,Early_Morning,zero,Early_Morning,Kolkata,Economy,2.58,4,5177
103028,SpiceJet,SG-401,Bangalore,Early_Morning,zero,Morning,Kolkata,Economy,2.58,4,5177
103043,SpiceJet,SG-768,Bangalore,Afternoon,one,Night,Kolkata,Economy,5.75,4,5177
103045,SpiceJet,SG-531,Bangalore,Morning,one,Night,Kolkata,Economy,10.83,4,5177
103053,SpiceJet,SG-209,Bangalore,Early_Morning,one,Evening,Kolkata,Economy,11.0,4,5493
103058,SpiceJet,SG-517,Bangalore,Evening,zero,Evening,Kolkata,Economy,2.5,4,6543
103073,SpiceJet,SG-4009,Bangalore,Early_Morning,one,Night,Kolkata,Economy,14.33,4,10638
103156,SpiceJet,SG-517,Bangalore,Evening,one,Night,Kolkata,Economy,3.33,5,5177
103157,SpiceJet,SG-401,Bangalore,Early_Morning,one,Morning,Kolkata,Economy,4.83,5,5177
103158,SpiceJet,SG-768,Bangalore,Afternoon,one,Night,Kolkata,Economy,5.75,5,5177
103161,SpiceJet,SG-327,Bangalore,Early_Morning,one,Night,Kolkata,Economy,13.33,5,5177
103163,SpiceJet,SG-4009,Bangalore,Early_Morning,one,Night,Kolkata,Economy,14.33,5,5177
103166,SpiceJet,SG-4009,Bangalore,Early_Morning,one,Morning,Kolkata,Economy,25.92,5,5177
103254,SpiceJet,SG-3027,Bangalore,Early_Morning,one,Night,Kolkata,Economy,15.67,5,19248
103261,SpiceJet,SG-517,Bangalore,Evening,zero,Evening,Kolkata,Economy,2.5,6,5177
103262,SpiceJet,SG-5073,Bangalore,Early_Morning,zero,Early_Morning,Kolkata,Economy,2.58,6,5177
103263,SpiceJet,SG-401,Bangalore,Early_Morning,zero,Morning,Kolkata,Economy,2.58,6,5177
103283,SpiceJet,SG-531,Bangalore,Morning,one,Night,Kolkata,Economy,10.83,6,5177
103288,SpiceJet,SG-4009,Bangalore,Early_Morning,one,Night,Kolkata,Economy,14.33,6,5177
103291,SpiceJet,SG-768,Bangalore,Afternoon,one,Night,Kolkata,Economy,5.75,6,5493
103292,SpiceJet,SG-209,Bangalore,Early_Morning,one,Evening,Kolkata,Economy,11.0,6,5493
103392,SpiceJet,SG-517,Bangalore,Evening,one,Night,Kolkata,Economy,3.33,7,5177
103394,SpiceJet,SG-401,Bangalore,Early_Morning,one,Morning,Kolkata,Economy,4.67,7,5177
103395,SpiceJet,SG-768,Bangalore,Afternoon,one,Night,Kolkata,Economy,5.75,7,5177
103398,SpiceJet,SG-327,Bangalore,Early_Morning,one,Night,Kolkata,Economy,13.33,7,5177
103402,SpiceJet,SG-4009,Bangalore,Early_Morning,one,Night,Kolkata,Economy,14.33,7,5177
103404,SpiceJet,SG-4009,Bangalore,Early_Morning,one,Morning,Kolkata,Economy,25.92,7,5177
103495,SpiceJet,SG-3027,Bangalore,Early_Morning,one,Night,Kolkata,Economy,15.67,7,16098
103505,SpiceJet,SG-5073,Bangalore,Early_Morning,zero,Early_Morning,Kolkata,Economy,2.58,8,5177
103506,SpiceJet,SG-401,Bangalore,Early_Morning,zero,Morning,Kolkata,Economy,2.58,8,5177
103509,SpiceJet,SG-517,Bangalore,Evening,zero,Evening,Kolkata,Economy,2.5,8,5177
103522,SpiceJet,SG-531,Bangalore,Morning,one,Night,Kolkata,Economy,10.83,8,5177
103526,SpiceJet,SG-4009,Bangalore,Early_Morning,one,Night,Kolkata,Economy,14.33,8,5177
103529,SpiceJet,SG-209,Bangalore,Early_Morning,one,Evening,Kolkata,Economy,11.0,8,5283
103635,SpiceJet,SG-768,Bangalore,Afternoon,one,Night,Kolkata,Economy,5.75,8,21245
103637,SpiceJet,SG-517,Bangalore,Evening,one,Night,Kolkata,Economy,3.33,9,5177
103639,SpiceJet,SG-401,Bangalore,Early_Morning,one,Morning,Kolkata,Economy,4.83,9,5177
103640,SpiceJet,SG-768,Bangalore,Afternoon,one,Night,Kolkata,Economy,5.75,9,5177
103642,SpiceJet,SG-327,Bangalore,Early_Morning,one,Night,Kolkata,Economy,13.33,9,5177
103645,SpiceJet,SG-4009,Bangalore,Early_Morning,one,Night,Kolkata,Economy,14.33,9,5177
103760,SpiceJet,SG-517,Bangalore,Evening,one,Night,Kolkata,Economy,3.33,10,5177
103762,SpiceJet,SG-401,Bangalore,Early_Morning,one,Morning,Kolkata,Economy,4.83,10,5177
103763,SpiceJet,SG-768,Bangalore,Afternoon,one,Night,Kolkata,Economy,5.75,10,5177
103766,SpiceJet,SG-327,Bangalore,Early_Morning,one,Night,Kolkata,Economy,13.33,10,5177
103770,SpiceJet,SG-4009,Bangalore,Early_Morning,one,Night,Kolkata,Economy,14.33,10,5177
103772,SpiceJet,SG-3027,Bangalore,Early_Morning,one,Night,Kolkata,Economy,15.67,10,5177
103773,SpiceJet,SG-4009,Bangalore,Early_Morning,one,Morning,Kolkata,Economy,25.92,10,5177
103888,SpiceJet,SG-5092,Bangalore,Evening,zero,Evening,Kolkata,Economy,2.5,11,5177
103889,SpiceJet,SG-517,Bangalore,Evening,zero,Evening,Kolkata,Economy,2.5,11,5177
103890,SpiceJet,SG-5073,Bangalore,Early_Morning,zero,Early_Morning,Kolkata,Economy,2.58,11,5177
103891,SpiceJet,SG-401,Bangalore,Early_Morning,zero,Morning,Kolkata,Economy,2.58,11,5177
103917,SpiceJet,SG-768,Bangalore,Afternoon,one,Night,Kolkata,Economy,5.75,11,5177
103927,SpiceJet,SG-4009,Bangalore,Early_Morning,one,Night,Kolkata,Economy,14.33,11,5177
103934,SpiceJet,SG-209,Bangalore,Early_Morning,one,Evening,Kolkata,Economy,11.0,11,5283
104070,SpiceJet,SG-517,Bangalore,Evening,one,Night,Kolkata,Economy,3.33,12,5177
104071,SpiceJet,SG-401,Bangalore,Early_Morning,one,Morning,Kolkata,Economy,4.83,12,5177
104072,SpiceJet,SG-768,Bangalore,Afternoon,one,Night,Kolkata,Economy,5.75,12,5177
104078,SpiceJet,SG-327,Bangalore,Early_Morning,one,Night,Kolkata,Economy,13.33,12,5177
104083,SpiceJet,SG-4009,Bangalore,Early_Morning,one,Night,Kolkata,Economy,14.33,12,5177
104087,SpiceJet,SG-3027,Bangalore,Early_Morning,one,Night,Kolkata,Economy,15.67,12,5177
104089,SpiceJet,SG-4009,Bangalore,Early_Morning,one,Morning,Kolkata,Economy,25.92,12,5177
104192,SpiceJet,SG-5092,Bangalore,Evening,zero,Evening,Kolkata,Economy,2.5,13,5177
104193,SpiceJet,SG-517,Bangalore,Evening,zero,Evening,Kolkata,Economy,2.5,13,5177
104194,SpiceJet,SG-5073,Bangalore,Early_Morning,zero,Early_Morning,Kolkata,Economy,2.58,13,5177
104195,SpiceJet,SG-401,Bangalore,Early_Morning,zero,Morning,Kolkata,Economy,2.58,13,5177
104222,SpiceJet,SG-768,Bangalore,Afternoon,one,Night,Kolkata,Economy,5.75,13,5177
104226,SpiceJet,SG-531,Bangalore,Morning,one,Night,Kolkata,Economy,10.83,13,5177
104233,SpiceJet,SG-4009,Bangalore,Early_Morning,one,Night,Kolkata,Economy,14.33,13,5177
104240,SpiceJet,SG-209,Bangalore,Early_Morning,one,Evening,Kolkata,Economy,11.0,13,5283
104360,SpiceJet,SG-517,Bangalore,Evening,one,Night,Kolkata,Economy,3.33,14,5177
104361,SpiceJet,SG-401,Bangalore,Early_Morning,one,Morning,Kolkata,Economy,4.67,14,5177
104362,SpiceJet,SG-768,Bangalore,Afternoon,one,Night,Kolkata,Economy,5.75,14,5177
104368,SpiceJet,SG-327,Bangalore,Early_Morning,one,Night,Kolkata,Economy,13.33,14,5177
104373,SpiceJet,SG-4009,Bangalore,Early_Morning,one,Night,Kolkata,Economy,14.33,14,5177
104378,SpiceJet,SG-4009,Bangalore,Early_Morning,one,Morning,Kolkata,Economy,25.92,14,5177
104487,SpiceJet,SG-3027,Bangalore,Early_Morning,one,Night,Kolkata,Economy,15.67,14,16098
104490,SpiceJet,SG-517,Bangalore,Evening,zero,Evening,Kolkata,Economy,2.5,15,3916
104491,SpiceJet,SG-5073,Bangalore,Early_Morning,zero,Early_Morning,Kolkata,Economy,2.58,15,3916
104492,SpiceJet,SG-401,Bangalore,Early_Morning,zero,Morning,Kolkata,Economy,2.58,15,3916
104515,SpiceJet,SG-768,Bangalore,Afternoon,one,Night,Kolkata,Economy,5.75,15,5177
104519,SpiceJet,SG-531,Bangalore,Morning,one,Night,Kolkata,Economy,10.83,15,5177
104520,SpiceJet,SG-209,Bangalore,Early_Morning,one,Evening,Kolkata,Economy,11.0,15,5177
104528,SpiceJet,SG-4009,Bangalore,Early_Morning,one,Night,Kolkata,Economy,14.33,15,5177
104648,SpiceJet,SG-517,Bangalore,Evening,one,Night,Kolkata,Economy,3.33,16,3916
104649,SpiceJet,SG-401,Bangalore,Early_Morning,one,Morning,Kolkata,Economy,4.83,16,3916
104658,SpiceJet,SG-768,Bangalore,Afternoon,one,Night,Kolkata,Economy,5.75,16,4814
104659,SpiceJet,SG-327,Bangalore,Early_Morning,one,Night,Kolkata,Economy,13.33,16,4814
104660,SpiceJet,SG-4009,Bangalore,Early_Morning,one,Night,Kolkata,Economy,14.33,16,4814
104796,SpiceJet,SG-517,Bangalore,Evening,one,Night,Kolkata,Economy,3.33,17,3916
104797,SpiceJet,SG-401,Bangalore,Early_Morning,one,Morning,Kolkata,Economy,4.83,17,3916
104809,SpiceJet,SG-768,Bangalore,Afternoon,one,Night,Kolkata,Economy,5.75,17,4814
104810,SpiceJet,SG-327,Bangalore,Early_Morning,one,Night,Kolkata,Economy,13.33,17,4814
104811,SpiceJet,SG-4009,Bangalore,Early_Morning,one,Night,Kolkata,Economy,14.33,17,4814
104812,SpiceJet,SG-4009,Bangalore,Early_Morning,one,Morning,Kolkata,Economy,25.92,17,4814
104814,SpiceJet,SG-3027,Bangalore,Early_Morning,one,Night,Kolkata,Economy,15.67,17,5130
104950,SpiceJet,SG-517,Bangalore,Evening,zero,Evening,Kolkata,Economy,2.5,18,3916
104951,SpiceJet,SG-5073,Bangalore,Early_Morning,zero,Early_Morning,Kolkata,Economy,2.58,18,3916
104952,SpiceJet,SG-401,Bangalore,Early_Morning,zero,Morning,Kolkata,Economy,2.58,18,3916
104972,SpiceJet,SG-768,Bangalore,Afternoon,one,Night,Kolkata,Economy,5.75,18,4814
104973,SpiceJet,SG-531,Bangalore,Morning,one,Night,Kolkata,Economy,10.83,18,4814
104974,SpiceJet,SG-209,Bangalore,Early_Morning,one,Evening,Kolkata,Economy,11.0,18,4814
104975,SpiceJet,SG-4009,Bangalore,Early_Morning,one,Night,Kolkata,Economy,14.33,18,4814
105099,SpiceJet,SG-517,Bangalore,Evening,zero,Evening,Kolkata,Economy,2.5,19,3916
105100,SpiceJet,SG-401,Bangalore,Early_Morning,zero,Morning,Kolkata,Economy,2.58,19,3916
105123,SpiceJet,SG-768,Bangalore,Afternoon,one,Night,Kolkata,Economy,5.75,19,4814
105124,SpiceJet,SG-209,Bangalore,Early_Morning,one,Evening,Kolkata,Economy,11.0,19,4814
105125,SpiceJet,SG-4009,Bangalore,Early_Morning,one,Night,Kolkata,Economy,14.33,19,4814
105126,SpiceJet,SG-3027,Bangalore,Early_Morning,one,Night,Kolkata,Economy,15.67,19,4814
105127,SpiceJet,SG-4009,Bangalore,Early_Morning,one,Morning,Kolkata,Economy,25.92,19,4814
105251,SpiceJet,SG-517,Bangalore,Evening,zero,Evening,Kolkata,Economy,2.5,20,3916
105252,SpiceJet,SG-401,Bangalore,Early_Morning,zero,Morning,Kolkata,Economy,2.58,20,3916
105277,SpiceJet,SG-768,Bangalore,Afternoon,one,Night,Kolkata,Economy,5.75,20,4814
105278,SpiceJet,SG-531,Bangalore,Morning,one,Night,Kolkata,Economy,10.83,20,4814
105279,SpiceJet,SG-4009,Bangalore,Early_Morning,one,Night,Kolkata,Economy,14.33,20,4814
105400,SpiceJet,SG-517,Bangalore,Evening,zero,Evening,Kolkata,Economy,2.5,21,3916
105401,SpiceJet,SG-401,Bangalore,Early_Morning,zero,Morning,Kolkata,Economy,2.58,21,3916
105422,SpiceJet,SG-768,Bangalore,Afternoon,one,Night,Kolkata,Economy,5.75,21,4814
105423,SpiceJet,SG-209,Bangalore,Early_Morning,one,Evening,Kolkata,Economy,11.0,21,4814
105424,SpiceJet,SG-4009,Bangalore,Early_Morning,one,Night,Kolkata,Economy,14.33,21,4814
105425,SpiceJet,SG-3027,Bangalore,Early_Morning,one,Night,Kolkata,Economy,15.67,21,4814
105426,SpiceJet,SG-4009,Bangalore,Early_Morning,one,Morning,Kolkata,Economy,25.92,21,4814
105544,SpiceJet,SG-517,Bangalore,Evening,zero,Evening,Kolkata,Economy,2.5,22,3916
105545,SpiceJet,SG-401,Bangalore,Early_Morning,zero,Morning,Kolkata,Economy,2.58,22,3916
105573,SpiceJet,SG-768,Bangalore,Afternoon,one,Night,Kolkata,Economy,5.75,22,4814
105574,SpiceJet,SG-531,Bangalore,Morning,one,Night,Kolkata,Economy,10.83,22,4814
105575,SpiceJet,SG-4009,Bangalore,Early_Morning,one,Night,Kolkata,Economy,14.33,22,4814
105688,SpiceJet,SG-517,Bangalore,Evening,zero,Evening,Kolkata,Economy,2.5,23,3916
105689,SpiceJet,SG-401,Bangalore,Early_Morning,zero,Morning,Kolkata,Economy,2.58,23,3916
105707,SpiceJet,SG-768,Bangalore,Afternoon,one,Night,Kolkata,Economy,5.75,23,4814
105708,SpiceJet,SG-209,Bangalore,Early_Morning,one,Evening,Kolkata,Economy,11.0,23,4814
105709,SpiceJet,SG-4009,Bangalore,Early_Morning,one,Night,Kolkata,Economy,14.33,23,4814
105842,SpiceJet,SG-517,Bangalore,Evening,zero,Evening,Kolkata,Economy,2.5,24,3916
105843,SpiceJet,SG-401,Bangalore,Early_Morning,zero,Morning,Kolkata,Economy,2.58,24,3916
105860,SpiceJet,SG-768,Bangalore,Afternoon,one,Night,Kolkata,Economy,5.75,24,4814
105861,SpiceJet,SG-4009,Bangalore,Early_Morning,one,Night,Kolkata,Economy,14.33,24,4814
105862,SpiceJet,SG-4009,Bangalore,Early_Morning,one,Morning,Kolkata,Economy,25.92,24,4814
105963,SpiceJet,SG-3027,Bangalore,Early_Morning,one,Night,Kolkata,Economy,15.67,24,12423
106000,SpiceJet,SG-517,Bangalore,Evening,zero,Evening,Kolkata,Economy,2.5,25,3916
106001,SpiceJet,SG-401,Bangalore,Early_Morning,zero,Morning,Kolkata,Economy,2.58,25,3916
106024,SpiceJet,SG-768,Bangalore,Afternoon,one,Night,Kolkata,Economy,5.75,25,4814
106025,SpiceJet,SG-531,Bangalore,Morning,one,Night,Kolkata,Economy,10.83,25,4814
106026,SpiceJet,SG-4009,Bangalore,Early_Morning,one,Night,Kolkata,Economy,14.33,25,4814
106150,SpiceJet,SG-517,Bangalore,Evening,zero,Evening,Kolkata,Economy,2.5,26,3916
106151,SpiceJet,SG-401,Bangalore,Early_Morning,zero,Morning,Kolkata,Economy,2.58,26,3916
106173,SpiceJet,SG-768,Bangalore,Afternoon,one,Night,Kolkata,Economy,5.75,26,4814
106174,SpiceJet,SG-209,Bangalore,Early_Morning,one,Evening,Kolkata,Economy,11.0,26,4814
106175,SpiceJet,SG-4009,Bangalore,Early_Morning,one,Night,Kolkata,Economy,14.33,26,4814
106176,SpiceJet,SG-3027,Bangalore,Early_Morning,one,Night,Kolkata,Economy,15.67,26,4814
106177,SpiceJet,SG-4009,Bangalore,Early_Morning,one,Morning,Kolkata,Economy,25.92,26,4814
106307,SpiceJet,SG-517,Bangalore,Evening,zero,Evening,Kolkata,Economy,2.5,27,3916
106308,SpiceJet,SG-401,Bangalore,Early_Morning,zero,Morning,Kolkata,Economy,2.58,27,3916
106329,SpiceJet,SG-768,Bangalore,Afternoon,one,Night,Kolkata,Economy,5.75,27,4814
106330,SpiceJet,SG-531,Bangalore,Morning,one,Night,Kolkata,Economy,10.83,27,4814
106331,SpiceJet,SG-4009,Bangalore,Early_Morning,one,Night,Kolkata,Economy,14.33,27,4814
106457,SpiceJet,SG-517,Bangalore,Evening,zero,Evening,Kolkata,Economy,2.5,28,3916
106458,SpiceJet,SG-401,Bangalore,Early_Morning,zero,Morning,Kolkata,Economy,2.58,28,3916
106480,SpiceJet,SG-768,Bangalore,Afternoon,one,Night,Kolkata,Economy,5.75,28,4814
106481,SpiceJet,SG-209,Bangalore,Early_Morning,one,Evening,Kolkata,Economy,11.0,28,4814
106482,SpiceJet,SG-4009,Bangalore,Early_Morning,one,Night,Kolkata,Economy,14.33,28,4814
106483,SpiceJet,SG-3027,Bangalore,Early_Morning,one,Night,Kolkata,Economy,15.67,28,4814
106484,SpiceJet,SG-4009,Bangalore,Early_Morning,one,Morning,Kolkata,Economy,25.92,28,4814
106602,SpiceJet,SG-517,Bangalore,Evening,zero,Evening,Kolkata,Economy,2.5,29,3916
106603,SpiceJet,SG-401,Bangalore,Early_Morning,zero,Morning,Kolkata,Economy,2.58,29,3916
106628,SpiceJet,SG-531,Bangalore,Morning,one,Night,Kolkata,Economy,10.83,29,4814
106629,SpiceJet,SG-4009,Bangalore,Early_Morning,one,Night,Kolkata,Economy,14.33,29,4814
106658,SpiceJet,SG-768,Bangalore,Afternoon,one,Night,Kolkata,Economy,5.75,29,5864
106743,SpiceJet,SG-517,Bangalore,Evening,zero,Evening,Kolkata,Economy,2.5,30,3916
106744,SpiceJet,SG-401,Bangalore,Early_Morning,zero,Morning,Kolkata,Economy,2.58,30,3916
106760,SpiceJet,SG-209,Bangalore,Early_Morning,one,Evening,Kolkata,Economy,11.0,30,4814
106761,SpiceJet,SG-4009,Bangalore,Early_Morning,one,Night,Kolkata,Economy,14.33,30,4814
106847,SpiceJet,SG-768,Bangalore,Afternoon,one,Night,Kolkata,Economy,5.75,30,7812
106877,SpiceJet,SG-401,Bangalore,Early_Morning,zero,Morning,Kolkata,Economy,2.58,31,3393
106909,SpiceJet,SG-4009,Bangalore,Early_Morning,one,Morning,Kolkata,Economy,25.92,31,3545
106910,SpiceJet,SG-517,Bangalore,Evening,zero,Evening,Kolkata,Economy,2.5,31,3595
106916,SpiceJet,SG-4009,Bangalore,Early_Morning,one,Night,Kolkata,Economy,14.33,31,3859
106969,SpiceJet,SG-768,Bangalore,Afternoon,one,Night,Kolkata,Economy,5.75,31,6938
106985,SpiceJet,SG-3027,Bangalore,Early_Morning,one,Night,Kolkata,Economy,15.67,31,7553
107028,SpiceJet,SG-401,Bangalore,Early_Morning,zero,Morning,Kolkata,Economy,2.58,32,3393
107067,SpiceJet,SG-517,Bangalore,Evening,zero,Evening,Kolkata,Economy,2.5,32,3595
107074,SpiceJet,SG-4009,Bangalore,Early_Morning,one,Night,Kolkata,Economy,14.33,32,3859
107093,SpiceJet,SG-531,Bangalore,Morning,one,Night,Kolkata,Economy,10.83,32,5902
107120,SpiceJet,SG-768,Bangalore,Afternoon,one,Night,Kolkata,Economy,5.75,32,6518
107214,SpiceJet,SG-401,Bangalore,Early_Morning,zero,Morning,Kolkata,Economy,2.58,33,3595
107218,SpiceJet,SG-4009,Bangalore,Early_Morning,one,Night,Kolkata,Economy,14.33,33,3859
107219,SpiceJet,SG-517,Bangalore,Evening,zero,Evening,Kolkata,Economy,2.5,33,3911
107225,SpiceJet,SG-4009,Bangalore,Early_Morning,one,Morning,Kolkata,Economy,25.92,33,4173
107288,SpiceJet,SG-768,Bangalore,Afternoon,one,Night,Kolkata,Economy,5.75,33,7358
107292,SpiceJet,SG-3027,Bangalore,Early_Morning,one,Night,Kolkata,Economy,15.67,33,7553
107318,SpiceJet,SG-209,Bangalore,Early_Morning,one,Evening,Kolkata,Economy,11.0,33,8536
107372,SpiceJet,SG-401,Bangalore,Early_Morning,zero,Morning,Kolkata,Economy,2.58,34,3595
107376,SpiceJet,SG-4009,Bangalore,Early_Morning,one,Night,Kolkata,Economy,14.33,34,3859
107377,SpiceJet,SG-517,Bangalore,Evening,zero,Evening,Kolkata,Economy,2.5,34,3911
107395,SpiceJet,SG-531,Bangalore,Morning,one,Night,Kolkata,Economy,10.83,34,5902
107444,SpiceJet,SG-768,Bangalore,Afternoon,one,Night,Kolkata,Economy,5.75,34,7358
107504,SpiceJet,SG-4009,Bangalore,Early_Morning,one,Morning,Kolkata,Economy,25.92,35,3545
107505,SpiceJet,SG-401,Bangalore,Early_Morning,zero,Morning,Kolkata,Economy,2.58,35,3595
107517,SpiceJet,SG-4009,Bangalore,Early_Morning,one,Night,Kolkata,Economy,14.33,35,3859
107518,SpiceJet,SG-517,Bangalore,Evening,zero,Evening,Kolkata,Economy,2.5,35,3911
107567,SpiceJet,SG-768,Bangalore,Afternoon,one,Night,Kolkata,Economy,5.75,35,6518
107588,SpiceJet,SG-3027,Bangalore,Early_Morning,one,Night,Kolkata,Economy,15.67,35,7553
107613,SpiceJet,SG-209,Bangalore,Early_Morning,one,Evening,Kolkata,Economy,11.0,35,8536
107656,SpiceJet,SG-401,Bangalore,Early_Morning,zero,Morning,Kolkata,Economy,2.58,36,3595
107665,SpiceJet,SG-4009,Bangalore,Early_Morning,one,Night,Kolkata,Economy,14.33,36,3859
107666,SpiceJet,SG-517,Bangalore,Evening,zero,Evening,Kolkata,Economy,2.5,36,3911
107682,SpiceJet,SG-768,Bangalore,Afternoon,one,Night,Kolkata,Economy,5.75,36,5890
107686,SpiceJet,SG-531,Bangalore,Morning,one,Night,Kolkata,Economy,10.83,36,5902
107775,SpiceJet,SG-401,Bangalore,Early_Morning,zero,Morning,Kolkata,Economy,2.58,37,3393
107797,SpiceJet,SG-517,Bangalore,Evening,zero,Evening,Kolkata,Economy,2.5,37,3595
107809,SpiceJet,SG-4009,Bangalore,Early_Morning,one,Night,Kolkata,Economy,14.33,37,3859
107824,SpiceJet,SG-768,Bangalore,Afternoon,one,Night,Kolkata,Economy,5.75,37,5890
107894,SpiceJet,SG-209,Bangalore,Early_Morning,one,Evening,Kolkata,Economy,11.0,37,8536
107915,SpiceJet,SG-401,Bangalore,Early_Morning,zero,Morning,Kolkata,Economy,2.58,38,3393
107932,SpiceJet,SG-4009,Bangalore,Early_Morning,one,Morning,Kolkata,Economy,25.92,38,3545
107935,SpiceJet,SG-517,Bangalore,Evening,zero,Evening,Kolkata,Economy,2.5,38,3595
107949,SpiceJet,SG-4009,Bangalore,Early_Morning,one,Night,Kolkata,Economy,14.33,38,3859
107969,SpiceJet,SG-768,Bangalore,Afternoon,one,Night,Kolkata,Economy,5.75,38,5890
108053,SpiceJet,SG-3027,Bangalore,Early_Morning,one,Night,Kolkata,Economy,15.67,38,11018
108068,SpiceJet,SG-401,Bangalore,Early_Morning,zero,Morning,Kolkata,Economy,2.58,39,3393
108108,SpiceJet,SG-4009,Bangalore,Early_Morning,one,Night,Kolkata,Economy,14.33,39,3545
108109,SpiceJet,SG-517,Bangalore,Evening,zero,Evening,Kolkata,Economy,2.5,39,3595
108133,SpiceJet,SG-768,Bangalore,Afternoon,one,Night,Kolkata,Economy,5.75,39,5890
108135,SpiceJet,SG-531,Bangalore,Morning,one,Night,Kolkata,Economy,10.83,39,5902
108222,SpiceJet,SG-401,Bangalore,Early_Morning,zero,Morning,Kolkata,Economy,2.58,40,3393
108257,SpiceJet,SG-4009,Bangalore,Early_Morning,one,Night,Kolkata,Economy,14.33,40,3545
108258,SpiceJet,SG-4009,Bangalore,Early_Morning,one,Morning,Kolkata,Economy,25.92,40,3545
108259,SpiceJet,SG-517,Bangalore,Evening,zero,Evening,Kolkata,Economy,2.5,40,3595
108282,SpiceJet,SG-768,Bangalore,Afternoon,one,Night,Kolkata,Economy,5.75,40,5890
108331,SpiceJet,SG-3027,Bangalore,Early_Morning,one,Night,Kolkata,Economy,15.67,40,7553
108356,SpiceJet,SG-209,Bangalore,Early_Morning,one,Evening,Kolkata,Economy,11.0,40,8536
108371,SpiceJet,SG-401,Bangalore,Early_Morning,zero,Morning,Kolkata,Economy,2.58,41,3393
108412,SpiceJet,SG-4009,Bangalore,Early_Morning,one,Night,Kolkata,Economy,14.33,41,3545
108413,SpiceJet,SG-517,Bangalore,Evening,zero,Evening,Kolkata,Economy,2.5,41,3595
108437,SpiceJet,SG-768,Bangalore,Afternoon,one,Night,Kolkata,Economy,5.75,41,5890
108440,SpiceJet,SG-531,Bangalore,Morning,one,Night,Kolkata,Economy,10.83,41,5902
108526,SpiceJet,SG-401,Bangalore,Early_Morning,zero,Morning,Kolkata,Economy,2.58,42,3393
108567,SpiceJet,SG-4009,Bangalore,Early_Morning,one,Night,Kolkata,Economy,14.33,42,3545
108568,SpiceJet,SG-4009,Bangalore,Early_Morning,one,Morning,Kolkata,Economy,25.92,42,3545
108569,SpiceJet,SG-517,Bangalore,Evening,zero,Evening,Kolkata,Economy,2.5,42,3595
108585,SpiceJet,SG-768,Bangalore,Afternoon,one,Night,Kolkata,Economy,5.75,42,5890
108633,SpiceJet,SG-3027,Bangalore,Early_Morning,one,Night,Kolkata,Economy,15.67,42,7553
108659,SpiceJet,SG-209,Bangalore,Early_Morning,one,Evening,Kolkata,Economy,11.0,42,8536
108672,SpiceJet,SG-401,Bangalore,Early_Morning,zero,Morning,Kolkata,Economy,2.58,43,3393
108708,SpiceJet,SG-517,Bangalore,Evening,zero,Evening,Kolkata,Economy,2.5,43,3595
108711,SpiceJet,SG-4009,Bangalore,Early_Morning,one,Night,Kolkata,Economy,14.33,43,3859
108731,SpiceJet,SG-768,Bangalore,Afternoon,one,Night,Kolkata,Economy,5.75,43,5890
108734,SpiceJet,SG-531,Bangalore,Morning,one,Night,Kolkata,Economy,10.83,43,5902
108820,SpiceJet,SG-401,Bangalore,Early_Morning,zero,Morning,Kolkata,Economy,2.58,44,3393
108848,SpiceJet,SG-517,Bangalore,Evening,zero,Evening,Kolkata,Economy,2.5,44,3595
108855,SpiceJet,SG-4009,Bangalore,Early_Morning,one,Night,Kolkata,Economy,14.33,44,3859
108872,SpiceJet,SG-768,Bangalore,Afternoon,one,Night,Kolkata,Economy,5.75,44,5890
108951,SpiceJet,SG-209,Bangalore,Early_Morning,one,Evening,Kolkata,Economy,11.0,44,8536
108976,SpiceJet,SG-401,Bangalore,Early_Morning,zero,Morning,Kolkata,Economy,3.17,45,3393
109006,SpiceJet,SG-517,Bangalore,Evening,zero,Night,Kolkata,Economy,2.58,45,3595
109115,SpiceJet,SG-401,Bangalore,Early_Morning,zero,Morning,Kolkata,Economy,3.17,46,3393
109153,SpiceJet,SG-517,Bangalore,Evening,zero,Night,Kolkata,Economy,2.58,46,3595
109260,SpiceJet,SG-401,Bangalore,Early_Morning,zero,Morning,Kolkata,Economy,3.17,47,3393
109293,SpiceJet,SG-517,Bangalore,Evening,zero,Night,Kolkata,Economy,2.58,47,3595
109392,SpiceJet,SG-401,Bangalore,Early_Morning,zero,Morning,Kolkata,Economy,3.17,48,3393
109426,SpiceJet,SG-517,Bangalore,Evening,zero,Night,Kolkata,Economy,2.58,48,3595
109531,SpiceJet,SG-401,Bangalore,Early_Morning,zero,Morning,Kolkata,Economy,3.17,49,3393
109567,SpiceJet,SG-517,Bangalore,Evening,zero,Night,Kolkata,Economy,2.58,49,3595
109718,SpiceJet,SG-327,Bangalore,Early_Morning,zero,Morning,Hyderabad,Economy,1.0,2,4338
109719,SpiceJet,SG-517,Bangalore,Evening,zero,Evening,Hyderabad,Economy,1.08,2,4338
109791,SpiceJet,SG-327,Bangalore,Early_Morning,zero,Morning,Hyderabad,Economy,1.0,3,4338
109792,SpiceJet,SG-517,Bangalore,Evening,zero,Evening,Hyderabad,Economy,1.08,3,4338
109986,SpiceJet,SG-327,Bangalore,Early_Morning,zero,Morning,Hyderabad,Economy,1.0,5,4338
109987,SpiceJet,SG-5093,Bangalore,Evening,zero,Evening,Hyderabad,Economy,1.08,5,4338
109988,SpiceJet,SG-517,Bangalore,Evening,zero,Evening,Hyderabad,Economy,1.08,5,4338
110207,SpiceJet,SG-327,Bangalore,Early_Morning,zero,Morning,Hyderabad,Economy,1.0,7,4338
110208,SpiceJet,SG-5093,Bangalore,Evening,zero,Evening,Hyderabad,Economy,1.08,7,4338
110209,SpiceJet,SG-517,Bangalore,Evening,zero,Evening,Hyderabad,Economy,1.08,7,4338
110413,SpiceJet,SG-5025,Bangalore,Early_Morning,zero,Early_Morning,Hyderabad,Economy,1.0,9,4338
110414,SpiceJet,SG-327,Bangalore,Early_Morning,zero,Morning,Hyderabad,Economy,1.0,9,4338
110415,SpiceJet,SG-5093,Bangalore,Evening,zero,Evening,Hyderabad,Economy,1.08,9,4338
110416,SpiceJet,SG-517,Bangalore,Evening,zero,Evening,Hyderabad,Economy,1.08,9,4338
110534,SpiceJet,SG-5025,Bangalore,Early_Morning,zero,Early_Morning,Hyderabad,Economy,1.0,10,4338
110535,SpiceJet,SG-327,Bangalore,Early_Morning,zero,Morning,Hyderabad,Economy,1.0,10,4338
110536,SpiceJet,SG-5093,Bangalore,Evening,zero,Evening,Hyderabad,Economy,1.08,10,4338
110537,SpiceJet,SG-517,Bangalore,Evening,zero,Evening,Hyderabad,Economy,1.08,10,4338
110772,SpiceJet,SG-5025,Bangalore,Early_Morning,zero,Early_Morning,Hyderabad,Economy,1.0,12,4338
110773,SpiceJet,SG-327,Bangalore,Early_Morning,zero,Morning,Hyderabad,Economy,1.0,12,4338
110774,SpiceJet,SG-5093,Bangalore,Evening,zero,Evening,Hyderabad,Economy,1.08,12,4338
110775,SpiceJet,SG-517,Bangalore,Evening,zero,Evening,Hyderabad,Economy,1.08,12,4338
111006,SpiceJet,SG-327,Bangalore,Early_Morning,zero,Morning,Hyderabad,Economy,1.0,14,4338
111007,SpiceJet,SG-5093,Bangalore,Evening,zero,Evening,Hyderabad,Economy,1.08,14,4338
111008,SpiceJet,SG-517,Bangalore,Evening,zero,Evening,Hyderabad,Economy,1.08,14,4338
111276,SpiceJet,SG-327,Bangalore,Early_Morning,zero,Morning,Hyderabad,Economy,1.0,16,4338
111277,SpiceJet,SG-5093,Bangalore,Evening,zero,Evening,Hyderabad,Economy,1.08,16,4338
111278,SpiceJet,SG-517,Bangalore,Evening,zero,Evening,Hyderabad,Economy,1.08,16,4338
111397,SpiceJet,SG-327,Bangalore,Early_Morning,zero,Morning,Hyderabad,Economy,1.0,17,4338
111398,SpiceJet,SG-5093,Bangalore,Evening,zero,Evening,Hyderabad,Economy,1.08,17,4338
111399,SpiceJet,SG-517,Bangalore,Evening,zero,Evening,Hyderabad,Economy,1.08,17,4338
115601,SpiceJet,SG-4009,Bangalore,Early_Morning,zero,Early_Morning,Chennai,Economy,1.08,2,3497
115659,SpiceJet,SG-4009,Bangalore,Early_Morning,zero,Early_Morning,Chennai,Economy,1.08,3,3497
115722,SpiceJet,SG-1031,Bangalore,Early_Morning,zero,Early_Morning,Chennai,Economy,1.08,4,3497
115727,SpiceJet,SG-4009,Bangalore,Early_Morning,zero,Early_Morning,Chennai,Economy,1.08,4,6017
115788,SpiceJet,SG-1031,Bangalore,Early_Morning,zero,Early_Morning,Chennai,Economy,1.08,5,3497
115789,SpiceJet,SG-4009,Bangalore,Early_Morning,zero,Early_Morning,Chennai,Economy,1.08,5,3497
115867,SpiceJet,SG-1031,Bangalore,Early_Morning,zero,Early_Morning,Chennai,Economy,1.08,6,3497
115868,SpiceJet,SG-4009,Bangalore,Early_Morning,zero,Early_Morning,Chennai,Economy,1.08,6,3497
115941,SpiceJet,SG-1031,Bangalore,Early_Morning,zero,Early_Morning,Chennai,Economy,1.08,7,3497
115942,SpiceJet,SG-4009,Bangalore,Early_Morning,zero,Early_Morning,Chennai,Economy,1.08,7,3497
116008,SpiceJet,SG-1031,Bangalore,Early_Morning,zero,Early_Morning,Chennai,Economy,1.08,8,3497
116009,SpiceJet,SG-4009,Bangalore,Early_Morning,zero,Early_Morning,Chennai,Economy,1.08,8,3497
116079,SpiceJet,SG-1031,Bangalore,Early_Morning,zero,Early_Morning,Chennai,Economy,1.08,9,3497
116080,SpiceJet,SG-4009,Bangalore,Early_Morning,zero,Early_Morning,Chennai,Economy,1.08,9,3497
116161,SpiceJet,SG-1031,Bangalore,Early_Morning,zero,Early_Morning,Chennai,Economy,1.08,10,3497
116162,SpiceJet,SG-4009,Bangalore,Early_Morning,zero,Early_Morning,Chennai,Economy,1.08,10,3497
116234,SpiceJet,SG-1031,Bangalore,Early_Morning,zero,Early_Morning,Chennai,Economy,1.08,11,3497
116235,SpiceJet,SG-4009,Bangalore,Early_Morning,zero,Early_Morning,Chennai,Economy,1.08,11,3497
116320,SpiceJet,SG-1031,Bangalore,Early_Morning,zero,Early_Morning,Chennai,Economy,1.08,12,3497
116321,SpiceJet,SG-4009,Bangalore,Early_Morning,zero,Early_Morning,Chennai,Economy,1.08,12,3497
116409,SpiceJet,SG-1031,Bangalore,Early_Morning,zero,Early_Morning,Chennai,Economy,1.08,13,3497
116410,SpiceJet,SG-4009,Bangalore,Early_Morning,zero,Early_Morning,Chennai,Economy,1.08,13,3497
116494,SpiceJet,SG-1031,Bangalore,Early_Morning,zero,Early_Morning,Chennai,Economy,1.08,14,3497
116495,SpiceJet,SG-4009,Bangalore,Early_Morning,zero,Early_Morning,Chennai,Economy,1.08,14,3497
116575,SpiceJet,SG-1031,Bangalore,Early_Morning,zero,Early_Morning,Chennai,Economy,1.08,15,2132
116576,SpiceJet,SG-4009,Bangalore,Early_Morning,zero,Early_Morning,Chennai,Economy,1.08,15,2132
116660,SpiceJet,SG-1031,Bangalore,Early_Morning,zero,Early_Morning,Chennai,Economy,1.08,16,2132
116661,SpiceJet,SG-4009,Bangalore,Early_Morning,zero,Early_Morning,Chennai,Economy,1.08,16,2132
116747,SpiceJet,SG-1031,Bangalore,Early_Morning,zero,Early_Morning,Chennai,Economy,1.08,17,2132
116748,SpiceJet,SG-4009,Bangalore,Early_Morning,zero,Early_Morning,Chennai,Economy,1.08,17,2132
116839,SpiceJet,SG-1031,Bangalore,Early_Morning,zero,Early_Morning,Chennai,Economy,1.08,18,2132
116840,SpiceJet,SG-4009,Bangalore,Early_Morning,zero,Early_Morning,Chennai,Economy,1.08,18,2132
116930,SpiceJet,SG-4009,Bangalore,Early_Morning,zero,Early_Morning,Chennai,Economy,1.08,19,2132
117024,SpiceJet,SG-4009,Bangalore,Early_Morning,zero,Early_Morning,Chennai,Economy,1.08,20,2132
117106,SpiceJet,SG-4009,Bangalore,Early_Morning,zero,Early_Morning,Chennai,Economy,1.08,21,2132
117195,SpiceJet,SG-4009,Bangalore,Early_Morning,zero,Early_Morning,Chennai,Economy,1.08,22,2132
117279,SpiceJet,SG-4009,Bangalore,Early_Morning,zero,Early_Morning,Chennai,Economy,1.08,23,2132
117372,SpiceJet,SG-4009,Bangalore,Early_Morning,zero,Early_Morning,Chennai,Economy,1.08,24,2132
117465,SpiceJet,SG-4009,Bangalore,Early_Morning,zero,Early_Morning,Chennai,Economy,1.08,25,2132
117553,SpiceJet,SG-4009,Bangalore,Early_Morning,zero,Early_Morning,Chennai,Economy,1.08,26,2132
117648,SpiceJet,SG-4009,Bangalore,Early_Morning,zero,Early_Morning,Chennai,Economy,1.08,27,2132
117732,SpiceJet,SG-4009,Bangalore,Early_Morning,zero,Early_Morning,Chennai,Economy,1.08,28,2132
117822,SpiceJet,SG-4009,Bangalore,Early_Morning,zero,Early_Morning,Chennai,Economy,1.08,29,2132
117905,SpiceJet,SG-4009,Bangalore,Early_Morning,zero,Early_Morning,Chennai,Economy,1.08,30,2132
118000,SpiceJet,SG-4009,Bangalore,Early_Morning,zero,Early_Morning,Chennai,Economy,1.08,31,1606
118091,SpiceJet,SG-4009,Bangalore,Early_Morning,zero,Early_Morning,Chennai,Economy,1.08,32,1606
118179,SpiceJet,SG-4009,Bangalore,Early_Morning,zero,Early_Morning,Chennai,Economy,1.08,33,1606
118274,SpiceJet,SG-4009,Bangalore,Early_Morning,zero,Early_Morning,Chennai,Economy,1.08,34,1606
118360,SpiceJet,SG-4009,Bangalore,Early_Morning,zero,Early_Morning,Chennai,Economy,1.08,35,1606
118450,SpiceJet,SG-4009,Bangalore,Early_Morning,zero,Early_Morning,Chennai,Economy,1.08,36,1606
118534,SpiceJet,SG-4009,Bangalore,Early_Morning,zero,Early_Morning,Chennai,Economy,1.08,37,1606
118628,SpiceJet,SG-4009,Bangalore,Early_Morning,zero,Early_Morning,Chennai,Economy,1.08,38,1606
118717,SpiceJet,SG-4009,Bangalore,Early_Morning,zero,Early_Morning,Chennai,Economy,1.08,39,1606
118805,SpiceJet,SG-4009,Bangalore,Early_Morning,zero,Early_Morning,Chennai,Economy,1.08,40,1606
118901,SpiceJet,SG-4009,Bangalore,Early_Morning,zero,Early_Morning,Chennai,Economy,1.08,41,1606
118987,SpiceJet,SG-4009,Bangalore,Early_Morning,zero,Early_Morning,Chennai,Economy,1.08,42,1606
119077,SpiceJet,SG-4009,Bangalore,Early_Morning,zero,Early_Morning,Chennai,Economy,1.08,43,1606
119160,SpiceJet,SG-4009,Bangalore,Early_Morning,zero,Early_Morning,Chennai,Economy,1.08,44,1606
119685,SpiceJet,SG-8264,Kolkata,Night,zero,Late_Night,Delhi,Economy,2.5,1,6488
119713,SpiceJet,SG-3229,Kolkata,Afternoon,one,Afternoon,Delhi,Economy,24.42,1,11108
119714,SpiceJet,SG-337,Kolkata,Morning,one,Morning,Delhi,Economy,24.42,1,11187
119754,SpiceJet,SG-4027,Kolkata,Morning,one,Evening,Delhi,Economy,7.5,1,18038
119774,SpiceJet,SG-4031,Kolkata,Evening,one,Evening,Delhi,Economy,24.67,1,22327
119786,SpiceJet,SG-8264,Kolkata,Night,zero,Late_Night,Delhi,Economy,2.5,2,6488
119787,SpiceJet,SG-8130,Kolkata,Early_Morning,zero,Morning,Delhi,Economy,2.67,2,6488
119790,SpiceJet,SG-9911,Kolkata,Morning,one,Evening,Delhi,Economy,6.42,2,6488
119795,SpiceJet,SG-3229,Kolkata,Afternoon,one,Afternoon,Delhi,Economy,24.42,2,6594
119818,SpiceJet,SG-3281,Kolkata,Afternoon,one,Evening,Delhi,Economy,4.67,2,11633
119848,SpiceJet,SG-4025,Kolkata,Early_Morning,one,Evening,Delhi,Economy,12.33,2,14767
119858,SpiceJet,SG-4027,Kolkata,Morning,one,Evening,Delhi,Economy,7.58,2,16884
119866,SpiceJet,SG-3839,Kolkata,Evening,one,Morning,Delhi,Economy,17.17,2,18566
119867,SpiceJet,SG-337,Kolkata,Afternoon,one,Morning,Delhi,Economy,20.17,2,18747
119871,SpiceJet,SG-4031,Kolkata,Evening,one,Evening,Delhi,Economy,24.67,2,19807
119895,SpiceJet,SG-1077,Kolkata,Night,zero,Night,Delhi,Economy,2.5,4,6488
119896,SpiceJet,SG-8264,Kolkata,Night,zero,Late_Night,Delhi,Economy,2.5,4,6488
119901,SpiceJet,SG-8130,Kolkata,Early_Morning,zero,Morning,Delhi,Economy,2.67,4,6488
119912,SpiceJet,SG-3839,Kolkata,Evening,one,Morning,Delhi,Economy,17.17,4,6488
119918,SpiceJet,SG-3229,Kolkata,Afternoon,one,Afternoon,Delhi,Economy,24.42,4,6594
119922,SpiceJet,SG-3281,Kolkata,Afternoon,one,Evening,Delhi,Economy,4.67,4,6804
119952,SpiceJet,SG-4027,Kolkata,Morning,one,Evening,Delhi,Economy,7.5,4,11528
119960,SpiceJet,SG-337,Kolkata,Morning,one,Morning,Delhi,Economy,25.42,4,12551
119963,SpiceJet,SG-4031,Kolkata,Evening,one,Evening,Delhi,Economy,22.83,4,12983
119977,SpiceJet,SG-4031,Kolkata,Evening,one,Evening,Delhi,Economy,24.67,4,13297
119979,SpiceJet,SG-4025,Kolkata,Early_Morning,one,Evening,Delhi,Economy,12.33,4,13507
120036,SpiceJet,SG-1077,Kolkata,Night,zero,Night,Delhi,Economy,2.5,5,6488
120037,SpiceJet,SG-8264,Kolkata,Night,zero,Late_Night,Delhi,Economy,2.5,5,6488
120038,SpiceJet,SG-8130,Kolkata,Early_Morning,zero,Morning,Delhi,Economy,2.67,5,6488
120047,SpiceJet,SG-4025,Kolkata,Early_Morning,one,Evening,Delhi,Economy,10.5,5,6488
120052,SpiceJet,SG-3839,Kolkata,Evening,one,Morning,Delhi,Economy,17.17,5,6488
120053,SpiceJet,SG-3229,Kolkata,Afternoon,one,Afternoon,Delhi,Economy,24.42,5,6488
120062,SpiceJet,SG-3281,Kolkata,Afternoon,one,Evening,Delhi,Economy,4.67,5,6804
120063,SpiceJet,SG-4025,Kolkata,Early_Morning,one,Evening,Delhi,Economy,12.33,5,6804
120089,SpiceJet,SG-337,Kolkata,Afternoon,one,Morning,Delhi,Economy,20.17,5,10557
120092,SpiceJet,SG-4027,Kolkata,Morning,one,Evening,Delhi,Economy,7.58,5,10898
120094,SpiceJet,SG-4031,Kolkata,Evening,one,Evening,Delhi,Economy,24.67,5,12563
120158,SpiceJet,SG-8264,Kolkata,Night,zero,Late_Night,Delhi,Economy,2.5,6,6488
120166,SpiceJet,SG-8130,Kolkata,Early_Morning,zero,Morning,Delhi,Economy,2.67,6,6488
120184,SpiceJet,SG-3839,Kolkata,Evening,one,Morning,Delhi,Economy,17.17,6,6488
120190,SpiceJet,SG-4027,Kolkata,Morning,one,Evening,Delhi,Economy,7.5,6,6594
120194,SpiceJet,SG-3281,Kolkata,Afternoon,one,Evening,Delhi,Economy,4.67,6,6804
120226,SpiceJet,SG-3229,Kolkata,Afternoon,one,Afternoon,Delhi,Economy,24.42,6,10898
120234,SpiceJet,SG-4025,Kolkata,Early_Morning,one,Evening,Delhi,Economy,12.33,6,12563
120235,SpiceJet,SG-4031,Kolkata,Evening,one,Evening,Delhi,Economy,24.67,6,12983
120245,SpiceJet,SG-337,Kolkata,Morning,one,Morning,Delhi,Economy,25.42,6,13287
120305,SpiceJet,SG-1077,Kolkata,Night,zero,Night,Delhi,Economy,2.5,7,6488
120306,SpiceJet,SG-8264,Kolkata,Night,zero,Late_Night,Delhi,Economy,2.5,7,6488
120314,SpiceJet,SG-8130,Kolkata,Early_Morning,zero,Morning,Delhi,Economy,2.67,7,6488
120325,SpiceJet,SG-4027,Kolkata,Morning,one,Evening,Delhi,Economy,7.58,7,6488
120331,SpiceJet,SG-3839,Kolkata,Evening,one,Morning,Delhi,Economy,17.17,7,6488
120332,SpiceJet,SG-3229,Kolkata,Afternoon,one,Afternoon,Delhi,Economy,24.5,7,6488
120333,SpiceJet,SG-4031,Kolkata,Evening,one,Evening,Delhi,Economy,24.67,7,6488
120345,SpiceJet,SG-4025,Kolkata,Early_Morning,one,Evening,Delhi,Economy,12.33,7,6594
120346,SpiceJet,SG-337,Kolkata,Afternoon,one,Morning,Delhi,Economy,20.17,7,6594
120350,SpiceJet,SG-3281,Kolkata,Afternoon,one,Evening,Delhi,Economy,4.67,7,6804
120444,SpiceJet,SG-1077,Kolkata,Night,zero,Night,Delhi,Economy,2.5,8,6488
120445,SpiceJet,SG-8264,Kolkata,Night,zero,Late_Night,Delhi,Economy,2.5,8,6488
120454,SpiceJet,SG-8130,Kolkata,Early_Morning,zero,Morning,Delhi,Economy,2.67,8,6488
120466,SpiceJet,SG-4025,Kolkata,Early_Morning,one,Evening,Delhi,Economy,12.33,8,6488
120471,SpiceJet,SG-3229,Kolkata,Afternoon,one,Afternoon,Delhi,Economy,24.42,8,6488
120481,SpiceJet,SG-3281,Kolkata,Afternoon,one,Evening,Delhi,Economy,4.67,8,6594
120482,SpiceJet,SG-4027,Kolkata,Morning,one,Evening,Delhi,Economy,7.5,8,6594
120531,SpiceJet,SG-3839,Kolkata,Evening,one,Morning,Delhi,Economy,17.17,8,12686
120532,SpiceJet,SG-4031,Kolkata,Evening,one,Evening,Delhi,Economy,24.67,8,12773
120587,SpiceJet,SG-337,Kolkata,Morning,one,Morning,Delhi,Economy,25.42,8,20531
120595,SpiceJet,SG-1077,Kolkata,Night,zero,Night,Delhi,Economy,2.5,9,6488
120596,SpiceJet,SG-8264,Kolkata,Night,zero,Late_Night,Delhi,Economy,2.5,9,6488
120598,SpiceJet,SG-8130,Kolkata,Early_Morning,zero,Morning,Delhi,Economy,2.67,9,6488
120606,SpiceJet,SG-3229,Kolkata,Afternoon,one,Afternoon,Delhi,Economy,24.42,9,6488
120616,SpiceJet,SG-3281,Kolkata,Afternoon,one,Evening,Delhi,Economy,4.67,9,6594
120618,SpiceJet,SG-4027,Kolkata,Morning,one,Evening,Delhi,Economy,7.58,9,6804
120651,SpiceJet,SG-3839,Kolkata,Evening,one,Morning,Delhi,Economy,17.17,9,11216
120653,SpiceJet,SG-4031,Kolkata,Evening,one,Evening,Delhi,Economy,24.67,9,12667
120654,SpiceJet,SG-4025,Kolkata,Early_Morning,one,Evening,Delhi,Economy,12.33,9,12877
120699,SpiceJet,SG-337,Kolkata,Afternoon,one,Morning,Delhi,Economy,20.17,9,15071
120721,SpiceJet,SG-1077,Kolkata,Night,zero,Night,Delhi,Economy,2.5,10,6488
120722,SpiceJet,SG-8264,Kolkata,Night,zero,Late_Night,Delhi,Economy,2.5,10,6488
120726,SpiceJet,SG-8130,Kolkata,Early_Morning,zero,Morning,Delhi,Economy,2.67,10,6488
120735,SpiceJet,SG-4027,Kolkata,Morning,one,Evening,Delhi,Economy,7.58,10,6488
120738,SpiceJet,SG-3839,Kolkata,Evening,one,Morning,Delhi,Economy,17.17,10,6488
120739,SpiceJet,SG-3229,Kolkata,Afternoon,one,Afternoon,Delhi,Economy,24.42,10,6488
120747,SpiceJet,SG-3281,Kolkata,Afternoon,one,Evening,Delhi,Economy,4.67,10,6594
120780,SpiceJet,SG-337,Kolkata,Afternoon,one,Morning,Delhi,Economy,20.17,10,10137
120789,SpiceJet,SG-4031,Kolkata,Evening,one,Evening,Delhi,Economy,24.67,10,12195
120790,SpiceJet,SG-4025,Kolkata,Early_Morning,one,Evening,Delhi,Economy,12.33,10,12457
120866,SpiceJet,SG-1077,Kolkata,Night,zero,Night,Delhi,Economy,2.5,11,6488
120867,SpiceJet,SG-8264,Kolkata,Night,zero,Late_Night,Delhi,Economy,2.5,11,6488
120883,SpiceJet,SG-4027,Kolkata,Morning,one,Evening,Delhi,Economy,7.5,11,6488
120894,SpiceJet,SG-4025,Kolkata,Early_Morning,one,Evening,Delhi,Economy,12.33,11,6488
120900,SpiceJet,SG-3229,Kolkata,Afternoon,one,Afternoon,Delhi,Economy,24.42,11,6488
120901,SpiceJet,SG-4031,Kolkata,Evening,one,Evening,Delhi,Economy,24.67,11,6488
120913,SpiceJet,SG-8130,Kolkata,Early_Morning,zero,Morning,Delhi,Economy,2.67,11,6594
120914,SpiceJet,SG-3281,Kolkata,Afternoon,one,Evening,Delhi,Economy,4.67,11,6594
120915,SpiceJet,SG-3839,Kolkata,Evening,one,Morning,Delhi,Economy,17.17,11,6594
120961,SpiceJet,SG-337,Kolkata,Morning,one,Morning,Delhi,Economy,25.42,11,10715
121049,SpiceJet,SG-1077,Kolkata,Night,zero,Night,Delhi,Economy,2.5,12,6488
121050,SpiceJet,SG-8264,Kolkata,Night,zero,Late_Night,Delhi,Economy,2.5,12,6488
121060,SpiceJet,SG-8130,Kolkata,Early_Morning,zero,Morning,Delhi,Economy,2.67,12,6488
121075,SpiceJet,SG-4027,Kolkata,Morning,one,Evening,Delhi,Economy,7.58,12,6488
121085,SpiceJet,SG-4025,Kolkata,Early_Morning,one,Evening,Delhi,Economy,12.33,12,6488
121091,SpiceJet,SG-3839,Kolkata,Evening,one,Morning,Delhi,Economy,17.17,12,6488
121092,SpiceJet,SG-337,Kolkata,Afternoon,one,Morning,Delhi,Economy,20.17,12,6488
121093,SpiceJet,SG-3229,Kolkata,Afternoon,one,Afternoon,Delhi,Economy,24.42,12,6488
121094,SpiceJet,SG-4031,Kolkata,Evening,one,Evening,Delhi,Economy,24.67,12,6488
121110,SpiceJet,SG-3281,Kolkata,Afternoon,one,Evening,Delhi,Economy,4.67,12,6594
121223,SpiceJet,SG-1077,Kolkata,Night,zero,Night,Delhi,Economy,2.5,13,6488
121224,SpiceJet,SG-8264,Kolkata,Night,zero,Late_Night,Delhi,Economy,2.5,13,6488
121231,SpiceJet,SG-8130,Kolkata,Early_Morning,zero,Morning,Delhi,Economy,2.67,13,6488
121249,SpiceJet,SG-4027,Kolkata,Morning,one,Evening,Delhi,Economy,7.5,13,6488
121260,SpiceJet,SG-4025,Kolkata,Early_Morning,one,Evening,Delhi,Economy,12.33,13,6488
121267,SpiceJet,SG-3839,Kolkata,Evening,one,Morning,Delhi,Economy,17.17,13,6488
121268,SpiceJet,SG-3229,Kolkata,Afternoon,one,Afternoon,Delhi,Economy,24.42,13,6488
121269,SpiceJet,SG-4031,Kolkata,Evening,one,Evening,Delhi,Economy,24.67,13,6488
121280,SpiceJet,SG-3281,Kolkata,Afternoon,one,Evening,Delhi,Economy,4.67,13,6594
121316,SpiceJet,SG-337,Kolkata,Morning,one,Morning,Delhi,Economy,25.42,13,10557
121400,SpiceJet,SG-1077,Kolkata,Night,zero,Night,Delhi,Economy,2.5,14,6488
121401,SpiceJet,SG-8264,Kolkata,Night,zero,Late_Night,Delhi,Economy,2.5,14,6488
121402,SpiceJet,SG-1058,Kolkata,Early_Morning,zero,Morning,Delhi,Economy,2.67,14,6488
121403,SpiceJet,SG-8130,Kolkata,Early_Morning,zero,Morning,Delhi,Economy,2.67,14,6488
121424,SpiceJet,SG-4027,Kolkata,Morning,one,Evening,Delhi,Economy,7.58,14,6488
121434,SpiceJet,SG-4025,Kolkata,Early_Morning,one,Evening,Delhi,Economy,12.33,14,6488
121440,SpiceJet,SG-3839,Kolkata,Evening,one,Morning,Delhi,Economy,17.17,14,6488
121441,SpiceJet,SG-337,Kolkata,Afternoon,one,Morning,Delhi,Economy,20.17,14,6488
121442,SpiceJet,SG-3229,Kolkata,Afternoon,one,Afternoon,Delhi,Economy,24.5,14,6488
121463,SpiceJet,SG-3281,Kolkata,Afternoon,one,Evening,Delhi,Economy,4.67,14,6594
121464,SpiceJet,SG-4031,Kolkata,Evening,one,Evening,Delhi,Economy,24.67,14,6594
121554,SpiceJet,SG-1077,Kolkata,Night,zero,Night,Delhi,Economy,2.5,15,4177
121555,SpiceJet,SG-8264,Kolkata,Night,zero,Late_Night,Delhi,Economy,2.5,15,4177
121556,SpiceJet,SG-8130,Kolkata,Early_Morning,zero,Morning,Delhi,Economy,2.67,15,4177
121586,SpiceJet,SG-3281,Kolkata,Afternoon,one,Evening,Delhi,Economy,4.67,15,6488
121600,SpiceJet,SG-4025,Kolkata,Early_Morning,one,Evening,Delhi,Economy,12.33,15,6488
121605,SpiceJet,SG-3839,Kolkata,Evening,one,Morning,Delhi,Economy,17.17,15,6488
121606,SpiceJet,SG-3229,Kolkata,Afternoon,one,Afternoon,Delhi,Economy,24.42,15,6488
121607,SpiceJet,SG-4031,Kolkata,Evening,one,Evening,Delhi,Economy,24.67,15,6488
121628,SpiceJet,SG-4027,Kolkata,Morning,one,Evening,Delhi,Economy,7.5,15,6804
121647,SpiceJet,SG-337,Kolkata,Morning,one,Morning,Delhi,Economy,25.42,15,8708
121750,SpiceJet,SG-1077,Kolkata,Night,zero,Night,Delhi,Economy,2.5,16,4177
121751,SpiceJet,SG-8264,Kolkata,Night,zero,Late_Night,Delhi,Economy,2.5,16,4177
121752,SpiceJet,SG-8130,Kolkata,Early_Morning,zero,Morning,Delhi,Economy,2.67,16,4177
121756,SpiceJet,SG-3839,Kolkata,Evening,one,Morning,Delhi,Economy,17.17,16,4434
121768,SpiceJet,SG-3281,Kolkata,Afternoon,one,Evening,Delhi,Economy,4.67,16,5120
121769,SpiceJet,SG-4025,Kolkata,Early_Morning,one,Evening,Delhi,Economy,12.33,16,5120
121770,SpiceJet,SG-4031,Kolkata,Evening,one,Evening,Delhi,Economy,24.67,16,5120
121840,SpiceJet,SG-337,Kolkata,Afternoon,one,Morning,Delhi,Economy,20.17,16,6753
121866,SpiceJet,SG-3229,Kolkata,Afternoon,one,Afternoon,Delhi,Economy,24.42,16,9136
121871,SpiceJet,SG-4027,Kolkata,Morning,one,Evening,Delhi,Economy,7.58,16,9136
121908,SpiceJet,SG-1077,Kolkata,Night,zero,Night,Delhi,Economy,2.5,17,4177
121909,SpiceJet,SG-8264,Kolkata,Night,zero,Late_Night,Delhi,Economy,2.5,17,4177
121910,SpiceJet,SG-8130,Kolkata,Early_Morning,zero,Morning,Delhi,Economy,2.67,17,4177
121911,SpiceJet,SG-3839,Kolkata,Evening,one,Morning,Delhi,Economy,17.17,17,4434
121915,SpiceJet,SG-337,Kolkata,Afternoon,one,Morning,Delhi,Economy,20.17,17,4773
121926,SpiceJet,SG-3281,Kolkata,Afternoon,one,Evening,Delhi,Economy,4.67,17,5120
121927,SpiceJet,SG-4025,Kolkata,Early_Morning,one,Evening,Delhi,Economy,12.33,17,5120
121928,SpiceJet,SG-4031,Kolkata,Evening,one,Evening,Delhi,Economy,24.67,17,5120
122032,SpiceJet,SG-3229,Kolkata,Afternoon,one,Afternoon,Delhi,Economy,24.42,17,9136
122035,SpiceJet,SG-4027,Kolkata,Morning,one,Evening,Delhi,Economy,7.58,17,9136
122089,SpiceJet,SG-1077,Kolkata,Night,zero,Night,Delhi,Economy,2.5,18,4177
122090,SpiceJet,SG-8264,Kolkata,Night,zero,Late_Night,Delhi,Economy,2.5,18,4177
122091,SpiceJet,SG-8130,Kolkata,Early_Morning,zero,Morning,Delhi,Economy,2.67,18,4177
122105,SpiceJet,SG-3839,Kolkata,Evening,one,Morning,Delhi,Economy,17.17,18,4923
122114,SpiceJet,SG-3281,Kolkata,Afternoon,one,Evening,Delhi,Economy,4.67,18,5120
122115,SpiceJet,SG-4025,Kolkata,Early_Morning,one,Evening,Delhi,Economy,12.33,18,5120
122116,SpiceJet,SG-4031,Kolkata,Evening,one,Evening,Delhi,Economy,24.67,18,5120
122122,SpiceJet,SG-337,Kolkata,Morning,one,Morning,Delhi,Economy,25.42,18,5283
122216,SpiceJet,SG-4027,Kolkata,Morning,one,Evening,Delhi,Economy,7.5,18,9136
122217,SpiceJet,SG-3229,Kolkata,Afternoon,one,Afternoon,Delhi,Economy,24.42,18,9136
122267,SpiceJet,SG-8264,Kolkata,Night,zero,Late_Night,Delhi,Economy,2.5,19,4177
122268,SpiceJet,SG-8130,Kolkata,Early_Morning,zero,Morning,Delhi,Economy,2.67,19,4177
122282,SpiceJet,SG-3839,Kolkata,Evening,one,Morning,Delhi,Economy,17.17,19,4923
122288,SpiceJet,SG-3281,Kolkata,Afternoon,one,Evening,Delhi,Economy,4.67,19,5120
122289,SpiceJet,SG-4025,Kolkata,Early_Morning,one,Evening,Delhi,Economy,12.33,19,5120
122290,SpiceJet,SG-4031,Kolkata,Evening,one,Evening,Delhi,Economy,24.67,19,5120
122299,SpiceJet,SG-337,Kolkata,Morning,one,Morning,Delhi,Economy,25.42,19,5750
122390,SpiceJet,SG-3229,Kolkata,Afternoon,one,Afternoon,Delhi,Economy,24.42,19,9136
122393,SpiceJet,SG-4027,Kolkata,Morning,one,Evening,Delhi,Economy,7.58,19,9136
122441,SpiceJet,SG-8264,Kolkata,Night,zero,Late_Night,Delhi,Economy,2.5,20,4177
122442,SpiceJet,SG-8130,Kolkata,Early_Morning,zero,Morning,Delhi,Economy,2.67,20,4177
122459,SpiceJet,SG-3839,Kolkata,Evening,one,Morning,Delhi,Economy,17.17,20,4923
122465,SpiceJet,SG-3281,Kolkata,Afternoon,one,Evening,Delhi,Economy,4.67,20,5120
122466,SpiceJet,SG-4025,Kolkata,Early_Morning,one,Evening,Delhi,Economy,12.33,20,5120
122467,SpiceJet,SG-4031,Kolkata,Evening,one,Evening,Delhi,Economy,24.67,20,5120
122560,SpiceJet,SG-337,Kolkata,Morning,one,Morning,Delhi,Economy,25.42,20,7643
122562,SpiceJet,SG-3229,Kolkata,Afternoon,one,Afternoon,Delhi,Economy,24.42,20,9136
122566,SpiceJet,SG-4027,Kolkata,Morning,one,Evening,Delhi,Economy,7.5,20,9136
122619,SpiceJet,SG-8264,Kolkata,Night,zero,Late_Night,Delhi,Economy,2.5,21,4177
122620,SpiceJet,SG-8130,Kolkata,Early_Morning,zero,Morning,Delhi,Economy,2.67,21,4177
122638,SpiceJet,SG-3839,Kolkata,Evening,one,Morning,Delhi,Economy,17.17,21,4923
122643,SpiceJet,SG-3281,Kolkata,Afternoon,one,Evening,Delhi,Economy,4.67,21,5120
122644,SpiceJet,SG-4031,Kolkata,Evening,one,Evening,Delhi,Economy,24.67,21,5120
122648,SpiceJet,SG-4025,Kolkata,Early_Morning,one,Evening,Delhi,Economy,12.33,21,5436
122737,SpiceJet,SG-4027,Kolkata,Morning,one,Evening,Delhi,Economy,7.58,21,9136
122738,SpiceJet,SG-3229,Kolkata,Afternoon,one,Afternoon,Delhi,Economy,24.5,21,9136
122744,SpiceJet,SG-337,Kolkata,Morning,one,Morning,Delhi,Economy,25.42,21,9323
122787,SpiceJet,SG-8264,Kolkata,Night,zero,Late_Night,Delhi,Economy,2.5,22,4177
122788,SpiceJet,SG-8130,Kolkata,Early_Morning,zero,Morning,Delhi,Economy,2.67,22,4177
122809,SpiceJet,SG-3839,Kolkata,Evening,one,Morning,Delhi,Economy,17.17,22,4923
122815,SpiceJet,SG-3281,Kolkata,Afternoon,one,Evening,Delhi,Economy,4.67,22,5120
122816,SpiceJet,SG-4025,Kolkata,Early_Morning,one,Evening,Delhi,Economy,12.33,22,5120
122817,SpiceJet,SG-4031,Kolkata,Evening,one,Evening,Delhi,Economy,24.67,22,5120
122912,SpiceJet,SG-337,Kolkata,Morning,one,Morning,Delhi,Economy,25.42,22,8483
122919,SpiceJet,SG-3229,Kolkata,Afternoon,one,Afternoon,Delhi,Economy,24.42,22,9136
122924,SpiceJet,SG-4027,Kolkata,Morning,one,Evening,Delhi,Economy,7.5,22,10028
122960,SpiceJet,SG-8264,Kolkata,Night,zero,Late_Night,Delhi,Economy,2.5,23,4177
122961,SpiceJet,SG-8130,Kolkata,Early_Morning,zero,Morning,Delhi,Economy,2.67,23,4177
122976,SpiceJet,SG-3839,Kolkata,Evening,one,Morning,Delhi,Economy,17.17,23,4923
122981,SpiceJet,SG-3281,Kolkata,Afternoon,one,Evening,Delhi,Economy,4.67,23,5120
122982,SpiceJet,SG-4031,Kolkata,Evening,one,Evening,Delhi,Economy,24.67,23,5120
122984,SpiceJet,SG-4025,Kolkata,Early_Morning,one,Evening,Delhi,Economy,12.33,23,5436
122994,SpiceJet,SG-337,Kolkata,Morning,one,Morning,Delhi,Economy,25.42,23,6170
123071,SpiceJet,SG-3229,Kolkata,Afternoon,one,Afternoon,Delhi,Economy,24.42,23,9136
123084,SpiceJet,SG-4027,Kolkata,Morning,one,Evening,Delhi,Economy,7.58,23,10344
123124,SpiceJet,SG-8264,Kolkata,Night,zero,Late_Night,Delhi,Economy,2.5,24,4177
123125,SpiceJet,SG-8130,Kolkata,Early_Morning,zero,Morning,Delhi,Economy,2.67,24,4177
123143,SpiceJet,SG-3839,Kolkata,Evening,one,Morning,Delhi,Economy,17.17,24,4923
123152,SpiceJet,SG-3281,Kolkata,Afternoon,one,Evening,Delhi,Economy,4.67,24,5120
123153,SpiceJet,SG-4025,Kolkata,Early_Morning,one,Evening,Delhi,Economy,12.33,24,5436
123154,SpiceJet,SG-4031,Kolkata,Evening,one,Evening,Delhi,Economy,24.67,24,5436
123156,SpiceJet,SG-337,Kolkata,Morning,one,Morning,Delhi,Economy,25.42,24,5750
123244,SpiceJet,SG-3229,Kolkata,Afternoon,one,Afternoon,Delhi,Economy,24.42,24,9136
123245,SpiceJet,SG-4027,Kolkata,Morning,one,Evening,Delhi,Economy,7.58,24,9294
123308,SpiceJet,SG-8264,Kolkata,Night,zero,Late_Night,Delhi,Economy,2.5,25,4177
123309,SpiceJet,SG-8130,Kolkata,Early_Morning,zero,Morning,Delhi,Economy,2.67,25,4177
123321,SpiceJet,SG-3839,Kolkata,Evening,one,Morning,Delhi,Economy,17.17,25,4923
123326,SpiceJet,SG-3281,Kolkata,Afternoon,one,Evening,Delhi,Economy,4.67,25,5120
123327,SpiceJet,SG-4025,Kolkata,Early_Morning,one,Evening,Delhi,Economy,12.33,25,5120
123332,SpiceJet,SG-4031,Kolkata,Evening,one,Evening,Delhi,Economy,24.67,25,5436
123333,SpiceJet,SG-337,Kolkata,Morning,one,Morning,Delhi,Economy,25.42,25,5436
123425,SpiceJet,SG-4027,Kolkata,Morning,one,Evening,Delhi,Economy,7.5,25,9136
123426,SpiceJet,SG-3229,Kolkata,Afternoon,one,Afternoon,Delhi,Economy,24.42,25,9136
123479,SpiceJet,SG-8264,Kolkata,Night,zero,Late_Night,Delhi,Economy,2.5,26,4177
123480,SpiceJet,SG-8130,Kolkata,Early_Morning,zero,Morning,Delhi,Economy,2.67,26,4177
123494,SpiceJet,SG-3839,Kolkata,Evening,one,Morning,Delhi,Economy,17.17,26,4923
123501,SpiceJet,SG-3281,Kolkata,Afternoon,one,Evening,Delhi,Economy,4.67,26,5120
123502,SpiceJet,SG-4025,Kolkata,Early_Morning,one,Evening,Delhi,Economy,12.33,26,5120
123503,SpiceJet,SG-4031,Kolkata,Evening,one,Evening,Delhi,Economy,24.67,26,5120
123507,SpiceJet,SG-337,Kolkata,Morning,one,Morning,Delhi,Economy,25.42,26,5436
123599,SpiceJet,SG-3229,Kolkata,Afternoon,one,Afternoon,Delhi,Economy,24.42,26,9136
123602,SpiceJet,SG-4027,Kolkata,Morning,one,Evening,Delhi,Economy,7.58,26,9136
123655,SpiceJet,SG-8264,Kolkata,Night,zero,Late_Night,Delhi,Economy,2.5,27,4177
123656,SpiceJet,SG-8130,Kolkata,Early_Morning,zero,Morning,Delhi,Economy,2.67,27,4177
123674,SpiceJet,SG-3839,Kolkata,Evening,one,Morning,Delhi,Economy,17.17,27,4923
123679,SpiceJet,SG-3281,Kolkata,Afternoon,one,Evening,Delhi,Economy,4.67,27,5120
123680,SpiceJet,SG-4025,Kolkata,Early_Morning,one,Evening,Delhi,Economy,12.33,27,5120
123681,SpiceJet,SG-4031,Kolkata,Evening,one,Evening,Delhi,Economy,24.67,27,5120
123684,SpiceJet,SG-337,Kolkata,Morning,one,Morning,Delhi,Economy,25.42,27,5436
123770,SpiceJet,SG-3229,Kolkata,Afternoon,one,Afternoon,Delhi,Economy,24.42,27,9136
123774,SpiceJet,SG-4027,Kolkata,Morning,one,Evening,Delhi,Economy,7.5,27,9136
123827,SpiceJet,SG-8264,Kolkata,Night,zero,Late_Night,Delhi,Economy,2.5,28,4177
123828,SpiceJet,SG-8130,Kolkata,Early_Morning,zero,Morning,Delhi,Economy,2.67,28,4177
123843,SpiceJet,SG-3839,Kolkata,Evening,one,Morning,Delhi,Economy,17.17,28,4923
123848,SpiceJet,SG-3281,Kolkata,Afternoon,one,Evening,Delhi,Economy,4.67,28,5120
123849,SpiceJet,SG-4025,Kolkata,Early_Morning,one,Evening,Delhi,Economy,12.33,28,5120
123850,SpiceJet,SG-4031,Kolkata,Evening,one,Evening,Delhi,Economy,24.67,28,5120
123862,SpiceJet,SG-337,Kolkata,Morning,one,Morning,Delhi,Economy,25.42,28,5750
123948,SpiceJet,SG-4027,Kolkata,Morning,one,Evening,Delhi,Economy,7.58,28,9294
123953,SpiceJet,SG-3229,Kolkata,Afternoon,one,Afternoon,Delhi,Economy,24.5,28,9766
124004,SpiceJet,SG-8264,Kolkata,Night,zero,Late_Night,Delhi,Economy,2.5,29,4177
124007,SpiceJet,SG-8130,Kolkata,Early_Morning,zero,Morning,Delhi,Economy,2.67,29,4807
124017,SpiceJet,SG-3839,Kolkata,Evening,one,Morning,Delhi,Economy,17.17,29,4923
124026,SpiceJet,SG-3281,Kolkata,Afternoon,one,Evening,Delhi,Economy,4.67,29,5120
124027,SpiceJet,SG-4025,Kolkata,Early_Morning,one,Evening,Delhi,Economy,12.33,29,5120
124032,SpiceJet,SG-4031,Kolkata,Evening,one,Evening,Delhi,Economy,24.67,29,5436
124040,SpiceJet,SG-337,Kolkata,Morning,one,Morning,Delhi,Economy,25.42,29,5750
124123,SpiceJet,SG-4027,Kolkata,Morning,one,Evening,Delhi,Economy,7.5,29,9294
124129,SpiceJet,SG-3229,Kolkata,Afternoon,one,Afternoon,Delhi,Economy,24.42,29,9766
124169,SpiceJet,SG-8264,Kolkata,Night,zero,Late_Night,Delhi,Economy,2.5,30,4177
124174,SpiceJet,SG-3839,Kolkata,Evening,one,Morning,Delhi,Economy,17.17,30,4519
124184,SpiceJet,SG-3281,Kolkata,Afternoon,one,Evening,Delhi,Economy,4.67,30,5120
124185,SpiceJet,SG-8130,Kolkata,Early_Morning,zero,Morning,Delhi,Economy,2.67,30,5227
124194,SpiceJet,SG-4025,Kolkata,Early_Morning,one,Evening,Delhi,Economy,12.33,30,5436
124195,SpiceJet,SG-4031,Kolkata,Evening,one,Evening,Delhi,Economy,24.67,30,5436
124284,SpiceJet,SG-4027,Kolkata,Morning,one,Evening,Delhi,Economy,7.58,30,9294
124292,SpiceJet,SG-337,Kolkata,Morning,one,Morning,Delhi,Economy,25.42,30,9692
124296,SpiceJet,SG-3229,Kolkata,Afternoon,one,Afternoon,Delhi,Economy,24.42,30,10344
124318,SpiceJet,SG-8264,Kolkata,Night,zero,Late_Night,Delhi,Economy,2.5,31,3999
124343,SpiceJet,SG-3839,Kolkata,Evening,one,Morning,Delhi,Economy,17.17,31,4613
124358,SpiceJet,SG-8130,Kolkata,Early_Morning,zero,Morning,Delhi,Economy,2.67,31,4629
124397,SpiceJet,SG-337,Kolkata,Morning,one,Morning,Delhi,Economy,25.42,31,5755
124403,SpiceJet,SG-4031,Kolkata,Evening,one,Evening,Delhi,Economy,24.67,31,6294
124433,SpiceJet,SG-4025,Kolkata,Early_Morning,one,Evening,Delhi,Economy,12.33,31,6614
124451,SpiceJet,SG-4027,Kolkata,Morning,one,Evening,Delhi,Economy,7.58,31,8016
124461,SpiceJet,SG-3229,Kolkata,Afternoon,one,Afternoon,Delhi,Economy,24.42,31,8646
124463,SpiceJet,SG-3281,Kolkata,Afternoon,one,Evening,Delhi,Economy,4.67,31,8903
124497,SpiceJet,SG-8264,Kolkata,Night,zero,Late_Night,Delhi,Economy,2.5,32,3999
124520,SpiceJet,SG-3839,Kolkata,Evening,one,Morning,Delhi,Economy,17.17,32,4613
124543,SpiceJet,SG-8130,Kolkata,Early_Morning,zero,Morning,Delhi,Economy,2.67,32,4629
124568,SpiceJet,SG-337,Kolkata,Morning,one,Morning,Delhi,Economy,25.42,32,5545
124597,SpiceJet,SG-4025,Kolkata,Early_Morning,one,Evening,Delhi,Economy,12.33,32,6294
124599,SpiceJet,SG-4031,Kolkata,Evening,one,Evening,Delhi,Economy,24.67,32,6294
124627,SpiceJet,SG-4027,Kolkata,Morning,one,Evening,Delhi,Economy,7.5,32,8016
124630,SpiceJet,SG-3229,Kolkata,Afternoon,one,Afternoon,Delhi,Economy,24.42,32,8016
124634,SpiceJet,SG-3281,Kolkata,Afternoon,one,Evening,Delhi,Economy,4.67,32,8903
124672,SpiceJet,SG-8264,Kolkata,Night,zero,Late_Night,Delhi,Economy,2.5,33,3999
124673,SpiceJet,SG-8130,Kolkata,Early_Morning,zero,Morning,Delhi,Economy,2.67,33,3999
124691,SpiceJet,SG-3839,Kolkata,Evening,one,Morning,Delhi,Economy,17.17,33,4613
124737,SpiceJet,SG-337,Kolkata,Morning,one,Morning,Delhi,Economy,25.42,33,5755
124766,SpiceJet,SG-4031,Kolkata,Evening,one,Evening,Delhi,Economy,24.67,33,6294
124785,SpiceJet,SG-4025,Kolkata,Early_Morning,one,Evening,Delhi,Economy,12.33,33,6404
124800,SpiceJet,SG-3229,Kolkata,Afternoon,one,Afternoon,Delhi,Economy,24.42,33,8016
124802,SpiceJet,SG-3281,Kolkata,Afternoon,one,Evening,Delhi,Economy,4.67,33,8903
124810,SpiceJet,SG-4027,Kolkata,Morning,one,Evening,Delhi,Economy,7.58,33,9906
124831,SpiceJet,SG-8264,Kolkata,Night,zero,Late_Night,Delhi,Economy,2.5,34,3999
124832,SpiceJet,SG-8130,Kolkata,Early_Morning,zero,Morning,Delhi,Economy,2.67,34,3999
124878,SpiceJet,SG-3839,Kolkata,Evening,one,Morning,Delhi,Economy,17.17,34,4613
124898,SpiceJet,SG-337,Kolkata,Morning,one,Morning,Delhi,Economy,25.42,34,5322
124925,SpiceJet,SG-4025,Kolkata,Early_Morning,one,Evening,Delhi,Economy,12.33,34,6294
124927,SpiceJet,SG-4031,Kolkata,Evening,one,Evening,Delhi,Economy,24.67,34,6294
124970,SpiceJet,SG-3281,Kolkata,Afternoon,one,Evening,Delhi,Economy,4.67,34,8903
124974,SpiceJet,SG-3229,Kolkata,Afternoon,one,Afternoon,Delhi,Economy,24.42,34,9066
124982,SpiceJet,SG-4027,Kolkata,Morning,one,Evening,Delhi,Economy,7.5,34,17992
125001,SpiceJet,SG-8264,Kolkata,Night,zero,Late_Night,Delhi,Economy,2.5,35,3999
125023,SpiceJet,SG-3839,Kolkata,Evening,one,Morning,Delhi,Economy,17.17,35,4613
125047,SpiceJet,SG-8130,Kolkata,Early_Morning,zero,Morning,Delhi,Economy,2.67,35,5469
125055,SpiceJet,SG-337,Kolkata,Morning,one,Morning,Delhi,Economy,25.42,35,5545
125092,SpiceJet,SG-4025,Kolkata,Early_Morning,one,Evening,Delhi,Economy,12.33,35,6294
125094,SpiceJet,SG-4031,Kolkata,Evening,one,Evening,Delhi,Economy,24.67,35,6294
125136,SpiceJet,SG-3281,Kolkata,Afternoon,one,Evening,Delhi,Economy,4.67,35,8903
125144,SpiceJet,SG-3229,Kolkata,Afternoon,one,Afternoon,Delhi,Economy,24.5,35,9486
125151,SpiceJet,SG-4027,Kolkata,Morning,one,Evening,Delhi,Economy,7.58,35,17992
125167,SpiceJet,SG-8264,Kolkata,Night,zero,Late_Night,Delhi,Economy,2.5,36,3999
125190,SpiceJet,SG-3839,Kolkata,Evening,one,Morning,Delhi,Economy,17.17,36,4613
125221,SpiceJet,SG-8130,Kolkata,Early_Morning,zero,Morning,Delhi,Economy,2.67,36,5469
125233,SpiceJet,SG-337,Kolkata,Morning,one,Morning,Delhi,Economy,25.42,36,5545
125269,SpiceJet,SG-4025,Kolkata,Early_Morning,one,Evening,Delhi,Economy,12.33,36,6294
125271,SpiceJet,SG-4031,Kolkata,Evening,one,Evening,Delhi,Economy,24.67,36,6294
125306,SpiceJet,SG-3229,Kolkata,Afternoon,one,Afternoon,Delhi,Economy,24.42,36,8542
125308,SpiceJet,SG-3281,Kolkata,Afternoon,one,Evening,Delhi,Economy,4.67,36,8903
125322,SpiceJet,SG-4027,Kolkata,Morning,one,Evening,Delhi,Economy,7.5,36,17992
125338,SpiceJet,SG-8264,Kolkata,Night,zero,Late_Night,Delhi,Economy,2.5,37,3999
125382,SpiceJet,SG-337,Kolkata,Morning,one,Morning,Delhi,Economy,25.42,37,5322
125384,SpiceJet,SG-8130,Kolkata,Early_Morning,zero,Morning,Delhi,Economy,2.67,37,5469
125405,SpiceJet,SG-3839,Kolkata,Evening,one,Morning,Delhi,Economy,17.17,37,5959
125434,SpiceJet,SG-4025,Kolkata,Early_Morning,one,Evening,Delhi,Economy,12.33,37,6294
125436,SpiceJet,SG-4031,Kolkata,Evening,one,Evening,Delhi,Economy,24.67,37,6294
125468,SpiceJet,SG-4027,Kolkata,Morning,one,Evening,Delhi,Economy,7.58,37,8016
125469,SpiceJet,SG-3229,Kolkata,Afternoon,one,Afternoon,Delhi,Economy,24.42,37,8016
125475,SpiceJet,SG-3281,Kolkata,Afternoon,one,Evening,Delhi,Economy,4.67,37,8903
125508,SpiceJet,SG-8264,Kolkata,Night,zero,Late_Night,Delhi,Economy,2.5,38,4313
125522,SpiceJet,SG-8130,Kolkata,Early_Morning,zero,Morning,Delhi,Economy,2.67,38,4629
125536,SpiceJet,SG-3839,Kolkata,Evening,one,Morning,Delhi,Economy,17.17,38,5225
125547,SpiceJet,SG-337,Kolkata,Morning,one,Morning,Delhi,Economy,25.42,38,5545
125566,SpiceJet,SG-4025,Kolkata,Early_Morning,one,Evening,Delhi,Economy,12.33,38,6294
125568,SpiceJet,SG-4031,Kolkata,Evening,one,Evening,Delhi,Economy,24.67,38,6294
125625,SpiceJet,SG-3229,Kolkata,Afternoon,one,Afternoon,Delhi,Economy,24.42,38,8016
125636,SpiceJet,SG-4027,Kolkata,Morning,one,Evening,Delhi,Economy,7.58,38,8542
125637,SpiceJet,SG-3281,Kolkata,Afternoon,one,Evening,Delhi,Economy,4.67,38,8903
125676,SpiceJet,SG-8264,Kolkata,Night,zero,Late_Night,Delhi,Economy,2.5,39,3999
125721,SpiceJet,SG-3839,Kolkata,Evening,one,Morning,Delhi,Economy,17.17,39,4703
125745,SpiceJet,SG-337,Kolkata,Morning,one,Morning,Delhi,Economy,25.42,39,5322
125747,SpiceJet,SG-8130,Kolkata,Early_Morning,zero,Morning,Delhi,Economy,2.67,39,5469
125782,SpiceJet,SG-4025,Kolkata,Early_Morning,one,Evening,Delhi,Economy,12.33,39,6294
125784,SpiceJet,SG-4031,Kolkata,Evening,one,Evening,Delhi,Economy,24.67,39,6294
125809,SpiceJet,SG-4027,Kolkata,Morning,one,Evening,Delhi,Economy,7.5,39,8016
125810,SpiceJet,SG-3229,Kolkata,Afternoon,one,Afternoon,Delhi,Economy,24.42,39,8016
125815,SpiceJet,SG-3281,Kolkata,Afternoon,one,Evening,Delhi,Economy,4.67,39,8903
125853,SpiceJet,SG-8264,Kolkata,Night,zero,Late_Night,Delhi,Economy,2.5,40,3999
125878,SpiceJet,SG-3839,Kolkata,Evening,one,Morning,Delhi,Economy,17.17,40,4613
125912,SpiceJet,SG-8130,Kolkata,Early_Morning,zero,Morning,Delhi,Economy,2.67,40,5469
125928,SpiceJet,SG-337,Kolkata,Morning,one,Morning,Delhi,Economy,25.42,40,5545
125952,SpiceJet,SG-4025,Kolkata,Early_Morning,one,Evening,Delhi,Economy,12.33,40,6294
125954,SpiceJet,SG-4031,Kolkata,Evening,one,Evening,Delhi,Economy,24.67,40,6294
125979,SpiceJet,SG-3229,Kolkata,Afternoon,one,Afternoon,Delhi,Economy,24.42,40,8016
125984,SpiceJet,SG-4027,Kolkata,Morning,one,Evening,Delhi,Economy,7.58,40,8016
125986,SpiceJet,SG-3281,Kolkata,Afternoon,one,Evening,Delhi,Economy,4.67,40,8903
126024,SpiceJet,SG-8264,Kolkata,Night,zero,Late_Night,Delhi,Economy,2.5,41,3999
126048,SpiceJet,SG-3839,Kolkata,Evening,one,Morning,Delhi,Economy,17.17,41,4613
126086,SpiceJet,SG-337,Kolkata,Morning,one,Morning,Delhi,Economy,25.42,41,5322
126089,SpiceJet,SG-8130,Kolkata,Early_Morning,zero,Morning,Delhi,Economy,2.67,41,5469
126124,SpiceJet,SG-4025,Kolkata,Early_Morning,one,Evening,Delhi,Economy,12.33,41,6294
126126,SpiceJet,SG-4031,Kolkata,Evening,one,Evening,Delhi,Economy,24.67,41,6294
126151,SpiceJet,SG-3229,Kolkata,Afternoon,one,Afternoon,Delhi,Economy,24.42,41,8016
126155,SpiceJet,SG-4027,Kolkata,Morning,one,Evening,Delhi,Economy,7.5,41,8016
126159,SpiceJet,SG-3281,Kolkata,Afternoon,one,Evening,Delhi,Economy,4.67,41,8903
126197,SpiceJet,SG-8264,Kolkata,Night,zero,Late_Night,Delhi,Economy,2.5,42,3999
126223,SpiceJet,SG-3839,Kolkata,Evening,one,Morning,Delhi,Economy,17.17,42,4613
126253,SpiceJet,SG-337,Kolkata,Morning,one,Morning,Delhi,Economy,25.42,42,5322
126255,SpiceJet,SG-8130,Kolkata,Early_Morning,zero,Morning,Delhi,Economy,2.67,42,5469
126295,SpiceJet,SG-4025,Kolkata,Early_Morning,one,Evening,Delhi,Economy,12.33,42,6294
126297,SpiceJet,SG-4031,Kolkata,Evening,one,Evening,Delhi,Economy,24.67,42,6294
126326,SpiceJet,SG-3229,Kolkata,Afternoon,one,Afternoon,Delhi,Economy,24.5,42,8332
126327,SpiceJet,SG-4027,Kolkata,Morning,one,Evening,Delhi,Economy,7.58,42,8016
126329,SpiceJet,SG-3281,Kolkata,Afternoon,one,Evening,Delhi,Economy,4.67,42,8903
126367,SpiceJet,SG-8264,Kolkata,Night,zero,Late_Night,Delhi,Economy,2.5,43,3999
126392,SpiceJet,SG-3839,Kolkata,Evening,one,Morning,Delhi,Economy,17.17,43,4613
126439,SpiceJet,SG-337,Kolkata,Morning,one,Morning,Delhi,Economy,25.42,43,5545
126447,SpiceJet,SG-8130,Kolkata,Early_Morning,zero,Morning,Delhi,Economy,2.67,43,5993
126468,SpiceJet,SG-4025,Kolkata,Early_Morning,one,Evening,Delhi,Economy,12.33,43,6294
126470,SpiceJet,SG-4031,Kolkata,Evening,one,Evening,Delhi,Economy,24.67,43,6294
126495,SpiceJet,SG-4027,Kolkata,Morning,one,Evening,Delhi,Economy,7.5,43,8016
126497,SpiceJet,SG-3229,Kolkata,Afternoon,one,Afternoon,Delhi,Economy,24.42,43,8332
126500,SpiceJet,SG-3281,Kolkata,Afternoon,one,Evening,Delhi,Economy,4.67,43,8903
126534,SpiceJet,SG-8264,Kolkata,Night,zero,Late_Night,Delhi,Economy,2.5,44,3999
126557,SpiceJet,SG-3839,Kolkata,Evening,one,Morning,Delhi,Economy,17.17,44,4613
126558,SpiceJet,SG-3839,Kolkata,Evening,one,Evening,Delhi,Economy,25.25,44,4613
126591,SpiceJet,SG-8130,Kolkata,Early_Morning,zero,Morning,Delhi,Economy,2.67,44,5469
126619,SpiceJet,SG-4025,Kolkata,Early_Morning,one,Evening,Delhi,Economy,12.33,44,6294
126621,SpiceJet,SG-4031,Kolkata,Evening,one,Evening,Delhi,Economy,24.25,44,6294
126650,SpiceJet,SG-4027,Kolkata,Morning,one,Evening,Delhi,Economy,7.58,44,8332
126652,SpiceJet,SG-3281,Kolkata,Afternoon,one,Evening,Delhi,Economy,4.67,44,8903
126659,SpiceJet,SG-3229,Kolkata,Afternoon,one,Afternoon,Delhi,Economy,24.17,44,10012
126707,SpiceJet,SG-8130,Kolkata,Early_Morning,zero,Morning,Delhi,Economy,2.42,45,3999
126716,SpiceJet,SG-254,Kolkata,Evening,zero,Night,Delhi,Economy,2.58,45,3999
126717,SpiceJet,SG-264,Kolkata,Night,zero,Late_Night,Delhi,Economy,2.58,45,3999
126793,SpiceJet,SG-3723,Kolkata,Early_Morning,one,Evening,Delhi,Economy,10.67,45,6294
126816,SpiceJet,SG-649,Kolkata,Morning,one,Evening,Delhi,Economy,6.5,45,8016
126817,SpiceJet,SG-3321,Kolkata,Early_Morning,one,Evening,Delhi,Economy,11.33,45,8016
126827,SpiceJet,SG-3281,Kolkata,Afternoon,one,Evening,Delhi,Economy,4.92,45,8903
126831,SpiceJet,SG-3321,Kolkata,Early_Morning,one,Afternoon,Delhi,Economy,7.33,45,10012
126880,SpiceJet,SG-8130,Kolkata,Early_Morning,zero,Morning,Delhi,Economy,2.42,46,3999
126889,SpiceJet,SG-254,Kolkata,Evening,zero,Night,Delhi,Economy,2.58,46,3999
126890,SpiceJet,SG-264,Kolkata,Night,zero,Late_Night,Delhi,Economy,2.58,46,3999
126968,SpiceJet,SG-3723,Kolkata,Early_Morning,one,Evening,Delhi,Economy,10.67,46,6614
126979,SpiceJet,SG-649,Kolkata,Morning,one,Evening,Delhi,Economy,6.5,46,8016
126980,SpiceJet,SG-3321,Kolkata,Early_Morning,one,Evening,Delhi,Economy,11.33,46,8016
126987,SpiceJet,SG-3321,Kolkata,Early_Morning,one,Afternoon,Delhi,Economy,7.33,46,9066
126988,SpiceJet,SG-3281,Kolkata,Afternoon,one,Evening,Delhi,Economy,4.92,46,8903
127045,SpiceJet,SG-8130,Kolkata,Early_Morning,zero,Morning,Delhi,Economy,2.42,47,3999
127054,SpiceJet,SG-254,Kolkata,Evening,zero,Night,Delhi,Economy,2.58,47,3999
127055,SpiceJet,SG-264,Kolkata,Night,zero,Late_Night,Delhi,Economy,2.58,47,3999
127134,SpiceJet,SG-3723,Kolkata,Early_Morning,one,Evening,Delhi,Economy,10.67,47,6294
127153,SpiceJet,SG-649,Kolkata,Morning,one,Evening,Delhi,Economy,6.5,47,8016
127154,SpiceJet,SG-3321,Kolkata,Early_Morning,one,Evening,Delhi,Economy,11.33,47,8016
127162,SpiceJet,SG-3321,Kolkata,Early_Morning,one,Afternoon,Delhi,Economy,7.33,47,9066
127163,SpiceJet,SG-3281,Kolkata,Afternoon,one,Evening,Delhi,Economy,4.92,47,8903
127219,SpiceJet,SG-254,Kolkata,Evening,zero,Night,Delhi,Economy,2.58,48,3999
127220,SpiceJet,SG-264,Kolkata,Night,zero,Late_Night,Delhi,Economy,2.58,48,3999
127225,SpiceJet,SG-8130,Kolkata,Early_Morning,zero,Morning,Delhi,Economy,2.42,48,4313
127292,SpiceJet,SG-3723,Kolkata,Early_Morning,one,Evening,Delhi,Economy,10.67,48,6294
127313,SpiceJet,SG-649,Kolkata,Morning,one,Evening,Delhi,Economy,6.5,48,8016
127314,SpiceJet,SG-3321,Kolkata,Early_Morning,one,Evening,Delhi,Economy,11.33,48,8016
127318,SpiceJet,SG-3321,Kolkata,Early_Morning,one,Afternoon,Delhi,Economy,7.33,48,9066
127319,SpiceJet,SG-3281,Kolkata,Afternoon,one,Evening,Delhi,Economy,4.92,48,8903
127374,SpiceJet,SG-8130,Kolkata,Early_Morning,zero,Morning,Delhi,Economy,2.42,49,3999
127383,SpiceJet,SG-254,Kolkata,Evening,zero,Night,Delhi,Economy,2.58,49,3999
127384,SpiceJet,SG-264,Kolkata,Night,zero,Late_Night,Delhi,Economy,2.58,49,3999
127469,SpiceJet,SG-3723,Kolkata,Early_Morning,one,Evening,Delhi,Economy,10.67,49,6404
127484,SpiceJet,SG-649,Kolkata,Morning,one,Evening,Delhi,Economy,6.5,49,8016
127485,SpiceJet,SG-3321,Kolkata,Early_Morning,one,Evening,Delhi,Economy,11.33,49,8016
127493,SpiceJet,SG-3321,Kolkata,Early_Morning,one,Afternoon,Delhi,Economy,7.33,49,9066
127497,SpiceJet,SG-3281,Kolkata,Afternoon,one,Evening,Delhi,Economy,4.92,49,8903
127503,SpiceJet,SG-489,Kolkata,Night,zero,Late_Night,Mumbai,Economy,2.83,1,7958
127508,SpiceJet,SG-8264,Kolkata,Night,one,Morning,Mumbai,Economy,10.75,1,7958
127509,SpiceJet,SG-8264,Kolkata,Night,one,Morning,Mumbai,Economy,11.67,1,7958
127510,SpiceJet,SG-8264,Kolkata,Night,one,Night,Mumbai,Economy,24.17,1,7958
127523,SpiceJet,SG-406,Kolkata,Night,one,Early_Morning,Mumbai,Economy,10.75,1,12895
127524,SpiceJet,SG-337,Kolkata,Morning,one,Morning,Mumbai,Economy,24.33,1,13287
127527,SpiceJet,SG-337,Kolkata,Morning,one,Night,Mumbai,Economy,13.58,1,13917
127548,SpiceJet,SG-242,Kolkata,Morning,zero,Afternoon,Mumbai,Economy,2.75,1,20874
127567,SpiceJet,SG-8264,Kolkata,Night,one,Morning,Mumbai,Economy,10.75,2,7958
127568,SpiceJet,SG-8264,Kolkata,Night,one,Morning,Mumbai,Economy,11.67,2,7958
127571,SpiceJet,SG-8130,Kolkata,Early_Morning,one,Night,Mumbai,Economy,16.0,2,7958
127572,SpiceJet,SG-387,Kolkata,Night,one,Night,Mumbai,Economy,26.17,2,7958
127573,SpiceJet,SG-8130,Kolkata,Early_Morning,one,Morning,Mumbai,Economy,26.58,2,7958
127574,SpiceJet,SG-8130,Kolkata,Early_Morning,one,Morning,Mumbai,Economy,27.5,2,7958
127575,SpiceJet,SG-489,Kolkata,Night,zero,Late_Night,Mumbai,Economy,2.83,2,8064
127576,SpiceJet,SG-8264,Kolkata,Night,one,Night,Mumbai,Economy,24.17,2,8064
127577,SpiceJet,SG-242,Kolkata,Morning,zero,Afternoon,Mumbai,Economy,2.75,2,8274
127578,SpiceJet,SG-387,Kolkata,Night,one,Morning,Mumbai,Economy,10.67,2,8274
127579,SpiceJet,SG-8264,Kolkata,Night,one,Night,Mumbai,Economy,23.17,2,8274
127607,SpiceJet,SG-9911,Kolkata,Morning,one,Evening,Mumbai,Economy,7.5,2,12788
127622,SpiceJet,SG-337,Kolkata,Afternoon,one,Night,Mumbai,Economy,9.33,2,14337
127623,SpiceJet,SG-3839,Kolkata,Evening,one,Afternoon,Mumbai,Economy,19.25,2,14576
127624,SpiceJet,SG-337,Kolkata,Afternoon,one,Morning,Mumbai,Economy,20.08,2,14757
127627,SpiceJet,SG-516,Kolkata,Early_Morning,one,Early_Morning,Mumbai,Economy,25.08,2,16779
127650,SpiceJet,SG-4027,Kolkata,Morning,one,Evening,Mumbai,Economy,8.67,2,19298
127652,SpiceJet,SG-679,Kolkata,Afternoon,one,Afternoon,Mumbai,Economy,23.5,2,19825
127654,SpiceJet,SG-406,Kolkata,Night,one,Early_Morning,Mumbai,Economy,10.75,2,20875
127673,SpiceJet,SG-8264,Kolkata,Night,one,Morning,Mumbai,Economy,10.75,3,7958
127674,SpiceJet,SG-8264,Kolkata,Night,one,Morning,Mumbai,Economy,11.67,3,7958
127677,SpiceJet,SG-3839,Kolkata,Evening,one,Afternoon,Mumbai,Economy,19.25,3,7958
127678,SpiceJet,SG-8264,Kolkata,Night,one,Night,Mumbai,Economy,23.17,3,7958
127679,SpiceJet,SG-8264,Kolkata,Night,one,Night,Mumbai,Economy,24.17,3,7958
127680,SpiceJet,SG-387,Kolkata,Night,one,Night,Mumbai,Economy,26.17,3,7958
127681,SpiceJet,SG-8130,Kolkata,Early_Morning,one,Morning,Mumbai,Economy,26.58,3,7958
127682,SpiceJet,SG-8130,Kolkata,Early_Morning,one,Morning,Mumbai,Economy,27.5,3,7958
127685,SpiceJet,SG-4027,Kolkata,Morning,one,Evening,Mumbai,Economy,8.67,3,8064
127686,SpiceJet,SG-8130,Kolkata,Early_Morning,one,Night,Mumbai,Economy,15.0,3,8064
127687,SpiceJet,SG-8130,Kolkata,Early_Morning,one,Night,Mumbai,Economy,16.0,3,8064
127689,SpiceJet,SG-242,Kolkata,Morning,zero,Afternoon,Mumbai,Economy,2.75,3,8274
127691,SpiceJet,SG-489,Kolkata,Night,zero,Late_Night,Mumbai,Economy,2.83,3,9744
127716,SpiceJet,SG-387,Kolkata,Night,one,Morning,Mumbai,Economy,10.67,3,14259
127723,SpiceJet,SG-337,Kolkata,Afternoon,one,Morning,Mumbai,Economy,20.08,3,15281
127733,SpiceJet,SG-337,Kolkata,Afternoon,one,Night,Mumbai,Economy,9.33,3,16331
127768,SpiceJet,SG-5088,Kolkata,Night,zero,Late_Night,Mumbai,Economy,2.83,4,7958
127769,SpiceJet,SG-489,Kolkata,Night,zero,Late_Night,Mumbai,Economy,2.83,4,7958
127776,SpiceJet,SG-387,Kolkata,Night,one,Morning,Mumbai,Economy,10.67,4,7958
127777,SpiceJet,SG-406,Kolkata,Night,one,Early_Morning,Mumbai,Economy,10.75,4,7958
127778,SpiceJet,SG-8264,Kolkata,Night,one,Morning,Mumbai,Economy,10.75,4,7958
127779,SpiceJet,SG-8264,Kolkata,Night,one,Morning,Mumbai,Economy,11.67,4,7958
127780,SpiceJet,SG-8130,Kolkata,Early_Morning,one,Night,Mumbai,Economy,15.0,4,7958
127781,SpiceJet,SG-8130,Kolkata,Early_Morning,one,Night,Mumbai,Economy,16.0,4,7958
127782,SpiceJet,SG-3839,Kolkata,Evening,one,Afternoon,Mumbai,Economy,19.25,4,7958
127783,SpiceJet,SG-8264,Kolkata,Night,one,Night,Mumbai,Economy,23.17,4,7958
127784,SpiceJet,SG-8264,Kolkata,Night,one,Night,Mumbai,Economy,24.17,4,7958
127785,SpiceJet,SG-387,Kolkata,Night,one,Night,Mumbai,Economy,26.17,4,7958
127786,SpiceJet,SG-8130,Kolkata,Early_Morning,one,Morning,Mumbai,Economy,26.58,4,7958
127787,SpiceJet,SG-8130,Kolkata,Early_Morning,one,Morning,Mumbai,Economy,27.5,4,7958
127792,SpiceJet,SG-516,Kolkata,Early_Morning,one,Early_Morning,Mumbai,Economy,25.08,4,8274
127797,SpiceJet,SG-242,Kolkata,Morning,zero,Afternoon,Mumbai,Economy,2.75,4,8588
127845,SpiceJet,SG-4027,Kolkata,Morning,one,Evening,Mumbai,Economy,8.67,4,12998
127846,SpiceJet,SG-732,Kolkata,Afternoon,one,Night,Mumbai,Economy,7.92,4,13105
127847,SpiceJet,SG-732,Kolkata,Afternoon,one,Morning,Mumbai,Economy,16.42,4,13105
127850,SpiceJet,SG-337,Kolkata,Morning,one,Night,Mumbai,Economy,14.58,4,14231
127851,SpiceJet,SG-337,Kolkata,Morning,one,Morning,Mumbai,Economy,25.33,4,14231
127881,SpiceJet,SG-5088,Kolkata,Night,zero,Late_Night,Mumbai,Economy,2.83,5,7958
127882,SpiceJet,SG-489,Kolkata,Night,zero,Late_Night,Mumbai,Economy,2.83,5,7958
127884,SpiceJet,SG-242,Kolkata,Morning,zero,Afternoon,Mumbai,Economy,2.75,5,7958
127896,SpiceJet,SG-387,Kolkata,Night,one,Morning,Mumbai,Economy,10.67,5,7958
127897,SpiceJet,SG-8264,Kolkata,Night,one,Morning,Mumbai,Economy,10.75,5,7958
127899,SpiceJet,SG-8264,Kolkata,Night,one,Morning,Mumbai,Economy,11.67,5,7958
127900,SpiceJet,SG-8130,Kolkata,Early_Morning,one,Night,Mumbai,Economy,15.0,5,7958
127903,SpiceJet,SG-679,Kolkata,Afternoon,one,Early_Morning,Mumbai,Economy,15.42,5,7958
127905,SpiceJet,SG-8130,Kolkata,Early_Morning,one,Night,Mumbai,Economy,16.0,5,7958
127906,SpiceJet,SG-3839,Kolkata,Evening,one,Afternoon,Mumbai,Economy,19.25,5,7958
127907,SpiceJet,SG-8264,Kolkata,Night,one,Night,Mumbai,Economy,23.17,5,7958
127908,SpiceJet,SG-8264,Kolkata,Night,one,Night,Mumbai,Economy,24.17,5,7958
127909,SpiceJet,SG-387,Kolkata,Night,one,Night,Mumbai,Economy,26.17,5,7958
127910,SpiceJet,SG-8130,Kolkata,Early_Morning,one,Morning,Mumbai,Economy,26.58,5,7958
127911,SpiceJet,SG-8130,Kolkata,Early_Morning,one,Morning,Mumbai,Economy,27.5,5,7958
127967,SpiceJet,SG-337,Kolkata,Afternoon,one,Night,Mumbai,Economy,9.33,5,12237
127968,SpiceJet,SG-337,Kolkata,Afternoon,one,Morning,Mumbai,Economy,20.08,5,12237
127969,SpiceJet,SG-4027,Kolkata,Morning,one,Evening,Mumbai,Economy,8.67,5,12368
127972,SpiceJet,SG-679,Kolkata,Afternoon,one,Afternoon,Mumbai,Economy,23.5,5,12895
128018,SpiceJet,SG-5088,Kolkata,Night,zero,Late_Night,Mumbai,Economy,2.83,6,7958
128019,SpiceJet,SG-489,Kolkata,Night,zero,Late_Night,Mumbai,Economy,2.83,6,7958
128021,SpiceJet,SG-242,Kolkata,Morning,zero,Afternoon,Mumbai,Economy,2.75,6,7958
128031,SpiceJet,SG-732,Kolkata,Afternoon,one,Night,Mumbai,Economy,7.92,6,7958
128033,SpiceJet,SG-406,Kolkata,Night,one,Early_Morning,Mumbai,Economy,9.83,6,7958
128035,SpiceJet,SG-387,Kolkata,Night,one,Morning,Mumbai,Economy,10.67,6,7958
128036,SpiceJet,SG-8264,Kolkata,Night,one,Morning,Mumbai,Economy,10.75,6,7958
128038,SpiceJet,SG-8264,Kolkata,Night,one,Morning,Mumbai,Economy,11.67,6,7958
128040,SpiceJet,SG-8130,Kolkata,Early_Morning,one,Night,Mumbai,Economy,15.0,6,7958
128043,SpiceJet,SG-8130,Kolkata,Early_Morning,one,Night,Mumbai,Economy,16.0,6,7958
128044,SpiceJet,SG-732,Kolkata,Afternoon,one,Morning,Mumbai,Economy,16.42,6,7958
128045,SpiceJet,SG-3839,Kolkata,Evening,one,Afternoon,Mumbai,Economy,19.25,6,7958
128046,SpiceJet,SG-8264,Kolkata,Night,one,Night,Mumbai,Economy,23.17,6,7958
128047,SpiceJet,SG-516,Kolkata,Early_Morning,one,Early_Morning,Mumbai,Economy,24.17,6,7958
128048,SpiceJet,SG-8264,Kolkata,Night,one,Night,Mumbai,Economy,24.17,6,7958
128049,SpiceJet,SG-387,Kolkata,Night,one,Night,Mumbai,Economy,26.17,6,7958
128050,SpiceJet,SG-8130,Kolkata,Early_Morning,one,Morning,Mumbai,Economy,26.58,6,7958
128051,SpiceJet,SG-8130,Kolkata,Early_Morning,one,Morning,Mumbai,Economy,27.5,6,7958
128056,SpiceJet,SG-4027,Kolkata,Morning,one,Evening,Mumbai,Economy,8.67,6,8064
128145,SpiceJet,SG-337,Kolkata,Morning,one,Night,Mumbai,Economy,14.58,6,14757
128148,SpiceJet,SG-337,Kolkata,Morning,one,Morning,Mumbai,Economy,25.33,6,15807
128158,SpiceJet,SG-5088,Kolkata,Night,zero,Late_Night,Mumbai,Economy,2.83,7,7958
128159,SpiceJet,SG-489,Kolkata,Night,zero,Late_Night,Mumbai,Economy,2.83,7,7958
128161,SpiceJet,SG-242,Kolkata,Morning,zero,Afternoon,Mumbai,Economy,2.75,7,7958
128170,SpiceJet,SG-4027,Kolkata,Morning,one,Evening,Mumbai,Economy,8.67,7,7958
128173,SpiceJet,SG-387,Kolkata,Night,one,Morning,Mumbai,Economy,10.67,7,7958
128174,SpiceJet,SG-8264,Kolkata,Night,one,Morning,Mumbai,Economy,10.75,7,7958
128176,SpiceJet,SG-8264,Kolkata,Night,one,Morning,Mumbai,Economy,11.67,7,7958
128177,SpiceJet,SG-8130,Kolkata,Early_Morning,one,Night,Mumbai,Economy,15.0,7,7958
128180,SpiceJet,SG-679,Kolkata,Afternoon,one,Early_Morning,Mumbai,Economy,15.42,7,7958
128182,SpiceJet,SG-8130,Kolkata,Early_Morning,one,Night,Mumbai,Economy,16.0,7,7958
128183,SpiceJet,SG-3839,Kolkata,Evening,one,Afternoon,Mumbai,Economy,19.25,7,7958
128184,SpiceJet,SG-8264,Kolkata,Night,one,Night,Mumbai,Economy,23.17,7,7958
128185,SpiceJet,SG-8264,Kolkata,Night,one,Night,Mumbai,Economy,24.17,7,7958
128186,SpiceJet,SG-387,Kolkata,Night,one,Night,Mumbai,Economy,26.17,7,7958
128187,SpiceJet,SG-8130,Kolkata,Early_Morning,one,Morning,Mumbai,Economy,26.58,7,7958
128188,SpiceJet,SG-8130,Kolkata,Early_Morning,one,Morning,Mumbai,Economy,27.5,7,7958
128199,SpiceJet,SG-337,Kolkata,Afternoon,one,Night,Mumbai,Economy,9.33,7,8064
128200,SpiceJet,SG-337,Kolkata,Afternoon,one,Morning,Mumbai,Economy,20.08,7,8064
128283,SpiceJet,SG-679,Kolkata,Afternoon,one,Afternoon,Mumbai,Economy,23.5,7,13735
128302,SpiceJet,SG-5088,Kolkata,Night,zero,Late_Night,Mumbai,Economy,2.83,8,7958
128303,SpiceJet,SG-489,Kolkata,Night,zero,Late_Night,Mumbai,Economy,2.83,8,7958
128305,SpiceJet,SG-242,Kolkata,Morning,zero,Afternoon,Mumbai,Economy,2.75,8,7958
128316,SpiceJet,SG-732,Kolkata,Afternoon,one,Night,Mumbai,Economy,7.92,8,7958
128319,SpiceJet,SG-387,Kolkata,Night,one,Morning,Mumbai,Economy,10.67,8,7958
128320,SpiceJet,SG-406,Kolkata,Night,one,Early_Morning,Mumbai,Economy,10.75,8,7958
128321,SpiceJet,SG-8264,Kolkata,Night,one,Morning,Mumbai,Economy,10.75,8,7958
128323,SpiceJet,SG-8264,Kolkata,Night,one,Morning,Mumbai,Economy,11.67,8,7958
128325,SpiceJet,SG-8130,Kolkata,Early_Morning,one,Night,Mumbai,Economy,15.0,8,7958
128328,SpiceJet,SG-8130,Kolkata,Early_Morning,one,Night,Mumbai,Economy,16.0,8,7958
128329,SpiceJet,SG-732,Kolkata,Afternoon,one,Morning,Mumbai,Economy,16.42,8,7958
128330,SpiceJet,SG-3839,Kolkata,Evening,one,Afternoon,Mumbai,Economy,19.25,8,7958
128331,SpiceJet,SG-8264,Kolkata,Night,one,Night,Mumbai,Economy,24.17,8,7958
128332,SpiceJet,SG-516,Kolkata,Early_Morning,one,Early_Morning,Mumbai,Economy,25.08,8,7958
128333,SpiceJet,SG-387,Kolkata,Night,one,Night,Mumbai,Economy,26.17,8,7958
128334,SpiceJet,SG-8130,Kolkata,Early_Morning,one,Morning,Mumbai,Economy,26.58,8,7958
128335,SpiceJet,SG-8130,Kolkata,Early_Morning,one,Morning,Mumbai,Economy,27.5,8,7958
128347,SpiceJet,SG-4027,Kolkata,Morning,one,Evening,Mumbai,Economy,8.67,8,8064
128349,SpiceJet,SG-8264,Kolkata,Night,one,Night,Mumbai,Economy,23.17,8,8064
128436,SpiceJet,SG-337,Kolkata,Morning,one,Night,Mumbai,Economy,14.58,8,16017
128444,SpiceJet,SG-337,Kolkata,Morning,one,Morning,Mumbai,Economy,25.33,8,18747
128452,SpiceJet,SG-242,Kolkata,Morning,zero,Afternoon,Mumbai,Economy,2.75,9,7958
128454,SpiceJet,SG-489,Kolkata,Night,zero,Late_Night,Mumbai,Economy,2.83,9,7958
128464,SpiceJet,SG-387,Kolkata,Night,one,Morning,Mumbai,Economy,10.67,9,7958
128465,SpiceJet,SG-406,Kolkata,Night,one,Early_Morning,Mumbai,Economy,10.75,9,7958
128466,SpiceJet,SG-8264,Kolkata,Night,one,Morning,Mumbai,Economy,10.75,9,7958
128468,SpiceJet,SG-8264,Kolkata,Night,one,Morning,Mumbai,Economy,11.67,9,7958
128470,SpiceJet,SG-679,Kolkata,Afternoon,one,Early_Morning,Mumbai,Economy,15.42,9,7958
128472,SpiceJet,SG-8130,Kolkata,Early_Morning,one,Night,Mumbai,Economy,16.0,9,7958
128473,SpiceJet,SG-516,Kolkata,Early_Morning,one,Early_Morning,Mumbai,Economy,25.08,9,7958
128474,SpiceJet,SG-387,Kolkata,Night,one,Night,Mumbai,Economy,26.17,9,7958
128475,SpiceJet,SG-8130,Kolkata,Early_Morning,one,Morning,Mumbai,Economy,26.58,9,7958
128476,SpiceJet,SG-8130,Kolkata,Early_Morning,one,Morning,Mumbai,Economy,27.5,9,7958
128484,SpiceJet,SG-8130,Kolkata,Early_Morning,one,Night,Mumbai,Economy,15.0,9,8064
128485,SpiceJet,SG-8264,Kolkata,Night,one,Night,Mumbai,Economy,23.17,9,8064
128486,SpiceJet,SG-4027,Kolkata,Morning,one,Evening,Mumbai,Economy,8.67,9,8274
128519,SpiceJet,SG-8264,Kolkata,Night,one,Night,Mumbai,Economy,24.17,9,12447
128545,SpiceJet,SG-337,Kolkata,Afternoon,one,Night,Mumbai,Economy,9.33,9,12971
128546,SpiceJet,SG-337,Kolkata,Afternoon,one,Morning,Mumbai,Economy,20.08,9,12971
128573,SpiceJet,SG-679,Kolkata,Afternoon,one,Afternoon,Mumbai,Economy,23.08,9,18775
128574,SpiceJet,SG-679,Kolkata,Afternoon,one,Afternoon,Mumbai,Economy,23.5,9,18775
128589,SpiceJet,SG-242,Kolkata,Morning,zero,Afternoon,Mumbai,Economy,2.75,10,7958
128591,SpiceJet,SG-489,Kolkata,Night,zero,Late_Night,Mumbai,Economy,2.83,10,7958
128596,SpiceJet,SG-4027,Kolkata,Morning,one,Evening,Mumbai,Economy,8.67,10,7958
128599,SpiceJet,SG-387,Kolkata,Night,one,Morning,Mumbai,Economy,10.67,10,7958
128600,SpiceJet,SG-8264,Kolkata,Night,one,Morning,Mumbai,Economy,10.75,10,7958
128602,SpiceJet,SG-8264,Kolkata,Night,one,Morning,Mumbai,Economy,11.67,10,7958
128606,SpiceJet,SG-3839,Kolkata,Evening,one,Afternoon,Mumbai,Economy,19.25,10,7958
128607,SpiceJet,SG-8264,Kolkata,Night,one,Night,Mumbai,Economy,23.17,10,7958
128608,SpiceJet,SG-8264,Kolkata,Night,one,Night,Mumbai,Economy,24.17,10,7958
128609,SpiceJet,SG-387,Kolkata,Night,one,Night,Mumbai,Economy,26.17,10,7958
128610,SpiceJet,SG-8130,Kolkata,Early_Morning,one,Morning,Mumbai,Economy,26.58,10,7958
128611,SpiceJet,SG-8130,Kolkata,Early_Morning,one,Morning,Mumbai,Economy,27.5,10,7958
128617,SpiceJet,SG-8130,Kolkata,Early_Morning,one,Night,Mumbai,Economy,15.0,10,8274
128671,SpiceJet,SG-8130,Kolkata,Early_Morning,one,Night,Mumbai,Economy,16.0,10,12447
128673,SpiceJet,SG-337,Kolkata,Afternoon,one,Morning,Mumbai,Economy,20.08,10,12551
128691,SpiceJet,SG-337,Kolkata,Afternoon,one,Night,Mumbai,Economy,9.33,10,13391
128694,SpiceJet,SG-679,Kolkata,Afternoon,one,Early_Morning,Mumbai,Economy,15.42,10,13735
128724,SpiceJet,SG-679,Kolkata,Afternoon,one,Afternoon,Mumbai,Economy,23.5,10,18039
128745,SpiceJet,SG-5088,Kolkata,Night,zero,Late_Night,Mumbai,Economy,2.83,11,7958
128746,SpiceJet,SG-489,Kolkata,Night,zero,Late_Night,Mumbai,Economy,2.83,11,7958
128747,SpiceJet,SG-242,Kolkata,Morning,zero,Afternoon,Mumbai,Economy,2.75,11,7958
128760,SpiceJet,SG-732,Kolkata,Afternoon,one,Night,Mumbai,Economy,7.92,11,7958
128761,SpiceJet,SG-4027,Kolkata,Morning,one,Evening,Mumbai,Economy,8.67,11,7958
128766,SpiceJet,SG-387,Kolkata,Night,one,Morning,Mumbai,Economy,10.67,11,7958
128767,SpiceJet,SG-406,Kolkata,Night,one,Early_Morning,Mumbai,Economy,10.75,11,7958
128768,SpiceJet,SG-8264,Kolkata,Night,one,Morning,Mumbai,Economy,10.75,11,7958
128772,SpiceJet,SG-8264,Kolkata,Night,one,Morning,Mumbai,Economy,11.67,11,7958
128780,SpiceJet,SG-732,Kolkata,Afternoon,one,Morning,Mumbai,Economy,16.42,11,7958
128781,SpiceJet,SG-8264,Kolkata,Night,one,Night,Mumbai,Economy,23.17,11,7958
128782,SpiceJet,SG-8264,Kolkata,Night,one,Night,Mumbai,Economy,24.17,11,7958
128783,SpiceJet,SG-516,Kolkata,Early_Morning,one,Early_Morning,Mumbai,Economy,25.08,11,7958
128784,SpiceJet,SG-387,Kolkata,Night,one,Night,Mumbai,Economy,26.17,11,7958
128795,SpiceJet,SG-8130,Kolkata,Early_Morning,one,Night,Mumbai,Economy,15.0,11,8064
128796,SpiceJet,SG-8130,Kolkata,Early_Morning,one,Night,Mumbai,Economy,16.0,11,8064
128797,SpiceJet,SG-3839,Kolkata,Evening,one,Afternoon,Mumbai,Economy,19.25,11,8064
128798,SpiceJet,SG-8130,Kolkata,Early_Morning,one,Morning,Mumbai,Economy,26.58,11,8064
128799,SpiceJet,SG-8130,Kolkata,Early_Morning,one,Morning,Mumbai,Economy,27.5,11,8064
128861,SpiceJet,SG-337,Kolkata,Morning,one,Night,Mumbai,Economy,14.58,11,11921
128862,SpiceJet,SG-337,Kolkata,Morning,one,Morning,Mumbai,Economy,25.33,11,11921
128919,SpiceJet,SG-5088,Kolkata,Night,zero,Late_Night,Mumbai,Economy,2.83,12,7958
128920,SpiceJet,SG-489,Kolkata,Night,zero,Late_Night,Mumbai,Economy,2.83,12,7958
128924,SpiceJet,SG-242,Kolkata,Morning,zero,Afternoon,Mumbai,Economy,2.75,12,7958
128938,SpiceJet,SG-4027,Kolkata,Morning,one,Evening,Mumbai,Economy,8.67,12,7958
128940,SpiceJet,SG-337,Kolkata,Afternoon,one,Night,Mumbai,Economy,9.33,12,7958
128944,SpiceJet,SG-387,Kolkata,Night,one,Morning,Mumbai,Economy,10.67,12,7958
128945,SpiceJet,SG-8264,Kolkata,Night,one,Morning,Mumbai,Economy,10.75,12,7958
128948,SpiceJet,SG-8264,Kolkata,Night,one,Morning,Mumbai,Economy,11.67,12,7958
128953,SpiceJet,SG-8130,Kolkata,Early_Morning,one,Night,Mumbai,Economy,15.0,12,7958
128956,SpiceJet,SG-679,Kolkata,Afternoon,one,Early_Morning,Mumbai,Economy,15.42,12,7958
128958,SpiceJet,SG-8130,Kolkata,Early_Morning,one,Night,Mumbai,Economy,16.0,12,7958
128959,SpiceJet,SG-3839,Kolkata,Evening,one,Afternoon,Mumbai,Economy,19.25,12,7958
128960,SpiceJet,SG-337,Kolkata,Afternoon,one,Morning,Mumbai,Economy,20.08,12,7958
128961,SpiceJet,SG-8264,Kolkata,Night,one,Night,Mumbai,Economy,23.17,12,7958
128962,SpiceJet,SG-8264,Kolkata,Night,one,Night,Mumbai,Economy,24.17,12,7958
128963,SpiceJet,SG-387,Kolkata,Night,one,Night,Mumbai,Economy,26.17,12,7958
128964,SpiceJet,SG-8130,Kolkata,Early_Morning,one,Morning,Mumbai,Economy,26.58,12,7958
128965,SpiceJet,SG-8130,Kolkata,Early_Morning,one,Morning,Mumbai,Economy,27.5,12,7958
129058,SpiceJet,SG-679,Kolkata,Afternoon,one,Afternoon,Mumbai,Economy,23.5,12,13735
129089,SpiceJet,SG-5088,Kolkata,Night,zero,Late_Night,Mumbai,Economy,2.83,13,7958
129090,SpiceJet,SG-489,Kolkata,Night,zero,Late_Night,Mumbai,Economy,2.83,13,7958
129093,SpiceJet,SG-242,Kolkata,Morning,zero,Afternoon,Mumbai,Economy,2.75,13,7958
129107,SpiceJet,SG-4027,Kolkata,Morning,one,Evening,Mumbai,Economy,8.67,13,7958
129110,SpiceJet,SG-406,Kolkata,Night,one,Early_Morning,Mumbai,Economy,9.83,13,7958
129112,SpiceJet,SG-387,Kolkata,Night,one,Morning,Mumbai,Economy,10.67,13,7958
129113,SpiceJet,SG-8264,Kolkata,Night,one,Morning,Mumbai,Economy,10.75,13,7958
129117,SpiceJet,SG-8264,Kolkata,Night,one,Morning,Mumbai,Economy,11.67,13,7958
129123,SpiceJet,SG-8130,Kolkata,Early_Morning,one,Night,Mumbai,Economy,15.0,13,7958
129126,SpiceJet,SG-8130,Kolkata,Early_Morning,one,Night,Mumbai,Economy,16.0,13,7958
129127,SpiceJet,SG-3839,Kolkata,Evening,one,Afternoon,Mumbai,Economy,19.25,13,7958
129128,SpiceJet,SG-8264,Kolkata,Night,one,Night,Mumbai,Economy,23.17,13,7958
129129,SpiceJet,SG-516,Kolkata,Early_Morning,one,Early_Morning,Mumbai,Economy,24.17,13,7958
129130,SpiceJet,SG-8264,Kolkata,Night,one,Night,Mumbai,Economy,24.17,13,7958
129131,SpiceJet,SG-387,Kolkata,Night,one,Night,Mumbai,Economy,26.17,13,7958
129132,SpiceJet,SG-8130,Kolkata,Early_Morning,one,Morning,Mumbai,Economy,26.58,13,7958
129133,SpiceJet,SG-8130,Kolkata,Early_Morning,one,Morning,Mumbai,Economy,27.5,13,7958
129227,SpiceJet,SG-337,Kolkata,Morning,one,Night,Mumbai,Economy,14.58,13,12237
129228,SpiceJet,SG-337,Kolkata,Morning,one,Morning,Mumbai,Economy,25.33,13,12237
129234,SpiceJet,SG-732,Kolkata,Afternoon,one,Night,Mumbai,Economy,7.92,13,13105
129235,SpiceJet,SG-732,Kolkata,Afternoon,one,Morning,Mumbai,Economy,16.42,13,13105
129260,SpiceJet,SG-5088,Kolkata,Night,zero,Late_Night,Mumbai,Economy,2.83,14,7958
129261,SpiceJet,SG-489,Kolkata,Night,zero,Late_Night,Mumbai,Economy,2.83,14,7958
129266,SpiceJet,SG-242,Kolkata,Morning,zero,Afternoon,Mumbai,Economy,2.75,14,7958
129278,SpiceJet,SG-4027,Kolkata,Morning,one,Evening,Mumbai,Economy,8.67,14,7958
129280,SpiceJet,SG-337,Kolkata,Afternoon,one,Night,Mumbai,Economy,9.33,14,7958
129284,SpiceJet,SG-387,Kolkata,Night,one,Morning,Mumbai,Economy,10.67,14,7958
129285,SpiceJet,SG-8264,Kolkata,Night,one,Morning,Mumbai,Economy,10.75,14,7958
129288,SpiceJet,SG-8264,Kolkata,Night,one,Morning,Mumbai,Economy,11.67,14,7958
129293,SpiceJet,SG-8130,Kolkata,Early_Morning,one,Night,Mumbai,Economy,15.0,14,7958
129297,SpiceJet,SG-8130,Kolkata,Early_Morning,one,Night,Mumbai,Economy,16.0,14,7958
129299,SpiceJet,SG-3839,Kolkata,Evening,one,Afternoon,Mumbai,Economy,19.25,14,7958
129300,SpiceJet,SG-337,Kolkata,Afternoon,one,Morning,Mumbai,Economy,20.08,14,7958
129301,SpiceJet,SG-8264,Kolkata,Night,one,Night,Mumbai,Economy,23.17,14,7958
129302,SpiceJet,SG-8264,Kolkata,Night,one,Night,Mumbai,Economy,24.17,14,7958
129303,SpiceJet,SG-387,Kolkata,Night,one,Night,Mumbai,Economy,26.17,14,7958
129304,SpiceJet,SG-8130,Kolkata,Early_Morning,one,Morning,Mumbai,Economy,26.58,14,7958
129305,SpiceJet,SG-8130,Kolkata,Early_Morning,one,Morning,Mumbai,Economy,27.5,14,7958
129379,SpiceJet,SG-679,Kolkata,Afternoon,one,Early_Morning,Mumbai,Economy,15.42,14,11948
129407,SpiceJet,SG-679,Kolkata,Afternoon,one,Afternoon,Mumbai,Economy,23.5,14,14365
129429,SpiceJet,SG-242,Kolkata,Morning,zero,Afternoon,Mumbai,Economy,2.75,15,5017
129430,SpiceJet,SG-5088,Kolkata,Night,zero,Late_Night,Mumbai,Economy,2.83,15,5017
129431,SpiceJet,SG-489,Kolkata,Night,zero,Late_Night,Mumbai,Economy,2.83,15,5017
129435,SpiceJet,SG-406,Kolkata,Night,one,Early_Morning,Mumbai,Economy,10.75,15,7958
129436,SpiceJet,SG-516,Kolkata,Early_Morning,one,Early_Morning,Mumbai,Economy,25.08,15,7958
129448,SpiceJet,SG-732,Kolkata,Afternoon,one,Night,Mumbai,Economy,7.92,15,7958
129453,SpiceJet,SG-387,Kolkata,Night,one,Morning,Mumbai,Economy,10.67,15,7958
129454,SpiceJet,SG-8264,Kolkata,Night,one,Morning,Mumbai,Economy,10.75,15,7958
129458,SpiceJet,SG-8264,Kolkata,Night,one,Morning,Mumbai,Economy,11.67,15,7958
129464,SpiceJet,SG-8130,Kolkata,Early_Morning,one,Night,Mumbai,Economy,15.0,15,7958
129467,SpiceJet,SG-8130,Kolkata,Early_Morning,one,Night,Mumbai,Economy,16.0,15,7958
129468,SpiceJet,SG-732,Kolkata,Afternoon,one,Morning,Mumbai,Economy,16.42,15,7958
129469,SpiceJet,SG-3839,Kolkata,Evening,one,Afternoon,Mumbai,Economy,19.25,15,7958
129470,SpiceJet,SG-8264,Kolkata,Night,one,Night,Mumbai,Economy,23.17,15,7958
129471,SpiceJet,SG-8264,Kolkata,Night,one,Night,Mumbai,Economy,24.17,15,7958
129472,SpiceJet,SG-387,Kolkata,Night,one,Night,Mumbai,Economy,26.17,15,7958
129473,SpiceJet,SG-8130,Kolkata,Early_Morning,one,Morning,Mumbai,Economy,26.58,15,7958
129474,SpiceJet,SG-8130,Kolkata,Early_Morning,one,Morning,Mumbai,Economy,27.5,15,7958
129508,SpiceJet,SG-4027,Kolkata,Morning,one,Evening,Mumbai,Economy,8.67,15,8274
129523,SpiceJet,SG-337,Kolkata,Morning,one,Morning,Mumbai,Economy,25.33,15,10110
129524,SpiceJet,SG-337,Kolkata,Morning,one,Night,Mumbai,Economy,14.58,15,9638
129612,SpiceJet,SG-242,Kolkata,Morning,zero,Afternoon,Mumbai,Economy,2.75,16,5017
129613,SpiceJet,SG-5088,Kolkata,Night,zero,Late_Night,Mumbai,Economy,2.83,16,5017
129614,SpiceJet,SG-489,Kolkata,Night,zero,Late_Night,Mumbai,Economy,2.83,16,5017
129622,SpiceJet,SG-406,Kolkata,Night,one,Early_Morning,Mumbai,Economy,10.75,16,5141
129623,SpiceJet,SG-516,Kolkata,Early_Morning,one,Early_Morning,Mumbai,Economy,25.08,16,5141
129625,SpiceJet,SG-8264,Kolkata,Night,one,Morning,Mumbai,Economy,10.75,16,5339
129626,SpiceJet,SG-8264,Kolkata,Night,one,Morning,Mumbai,Economy,11.67,16,5339
129627,SpiceJet,SG-8130,Kolkata,Early_Morning,one,Night,Mumbai,Economy,15.0,16,5339
129628,SpiceJet,SG-8130,Kolkata,Early_Morning,one,Night,Mumbai,Economy,16.0,16,5339
129629,SpiceJet,SG-8264,Kolkata,Night,one,Night,Mumbai,Economy,23.17,16,5339
129630,SpiceJet,SG-8264,Kolkata,Night,one,Night,Mumbai,Economy,24.17,16,5339
129631,SpiceJet,SG-8130,Kolkata,Early_Morning,one,Morning,Mumbai,Economy,26.58,16,5339
129632,SpiceJet,SG-8130,Kolkata,Early_Morning,one,Morning,Mumbai,Economy,27.5,16,5339
129642,SpiceJet,SG-3839,Kolkata,Evening,one,Afternoon,Mumbai,Economy,19.25,16,5715
129661,SpiceJet,SG-337,Kolkata,Afternoon,one,Morning,Mumbai,Economy,20.08,16,5913
129663,SpiceJet,SG-387,Kolkata,Night,one,Morning,Mumbai,Economy,10.67,16,6276
129664,SpiceJet,SG-387,Kolkata,Night,one,Night,Mumbai,Economy,26.17,16,6276
129675,SpiceJet,SG-337,Kolkata,Afternoon,one,Night,Mumbai,Economy,9.33,16,6807
129678,SpiceJet,SG-679,Kolkata,Afternoon,one,Early_Morning,Mumbai,Economy,15.42,16,6590
129765,SpiceJet,SG-4027,Kolkata,Morning,one,Evening,Mumbai,Economy,8.67,16,12308
129768,SpiceJet,SG-679,Kolkata,Afternoon,one,Afternoon,Mumbai,Economy,23.5,16,15781
129778,SpiceJet,SG-242,Kolkata,Morning,zero,Afternoon,Mumbai,Economy,2.75,17,5333
129779,SpiceJet,SG-489,Kolkata,Night,zero,Late_Night,Mumbai,Economy,2.83,17,5333
129780,SpiceJet,SG-5088,Kolkata,Night,zero,Late_Night,Mumbai,Economy,2.83,17,5017
129794,SpiceJet,SG-8264,Kolkata,Night,one,Morning,Mumbai,Economy,10.75,17,5339
129795,SpiceJet,SG-8264,Kolkata,Night,one,Morning,Mumbai,Economy,11.67,17,5339
129796,SpiceJet,SG-8130,Kolkata,Early_Morning,one,Night,Mumbai,Economy,15.0,17,5339
129797,SpiceJet,SG-8130,Kolkata,Early_Morning,one,Night,Mumbai,Economy,16.0,17,5339
129798,SpiceJet,SG-8264,Kolkata,Night,one,Night,Mumbai,Economy,23.17,17,5339
129799,SpiceJet,SG-8264,Kolkata,Night,one,Night,Mumbai,Economy,24.17,17,5339
129800,SpiceJet,SG-8130,Kolkata,Early_Morning,one,Morning,Mumbai,Economy,26.58,17,5339
129801,SpiceJet,SG-8130,Kolkata,Early_Morning,one,Morning,Mumbai,Economy,27.5,17,5339
129815,SpiceJet,SG-3839,Kolkata,Evening,one,Afternoon,Mumbai,Economy,19.25,17,5715
129834,SpiceJet,SG-337,Kolkata,Afternoon,one,Morning,Mumbai,Economy,20.08,17,5913
129847,SpiceJet,SG-387,Kolkata,Night,one,Morning,Mumbai,Economy,10.67,17,6276
129848,SpiceJet,SG-387,Kolkata,Night,one,Night,Mumbai,Economy,26.17,17,6276
129895,SpiceJet,SG-337,Kolkata,Afternoon,one,Night,Mumbai,Economy,9.33,17,7647
129920,SpiceJet,SG-679,Kolkata,Afternoon,one,Early_Morning,Mumbai,Economy,15.42,17,10132
129932,SpiceJet,SG-679,Kolkata,Afternoon,one,Afternoon,Mumbai,Economy,23.5,17,11812
129934,SpiceJet,SG-4027,Kolkata,Morning,one,Evening,Mumbai,Economy,8.67,17,12308
129968,SpiceJet,SG-242,Kolkata,Morning,zero,Afternoon,Mumbai,Economy,2.75,18,5017
129969,SpiceJet,SG-5088,Kolkata,Night,zero,Late_Night,Mumbai,Economy,2.83,18,5017
129970,SpiceJet,SG-489,Kolkata,Night,zero,Late_Night,Mumbai,Economy,2.83,18,5017
129985,SpiceJet,SG-337,Kolkata,Morning,one,Night,Mumbai,Economy,14.58,18,5146
129988,SpiceJet,SG-8264,Kolkata,Night,one,Morning,Mumbai,Economy,10.75,18,5339
129989,SpiceJet,SG-8264,Kolkata,Night,one,Morning,Mumbai,Economy,11.67,18,5339
129990,SpiceJet,SG-8130,Kolkata,Early_Morning,one,Night,Mumbai,Economy,15.0,18,5339
129991,SpiceJet,SG-8130,Kolkata,Early_Morning,one,Night,Mumbai,Economy,16.0,18,5339
129992,SpiceJet,SG-8264,Kolkata,Night,one,Night,Mumbai,Economy,23.17,18,5339
129993,SpiceJet,SG-8264,Kolkata,Night,one,Night,Mumbai,Economy,24.17,18,5339
129994,SpiceJet,SG-8130,Kolkata,Early_Morning,one,Morning,Mumbai,Economy,26.58,18,5339
129995,SpiceJet,SG-8130,Kolkata,Early_Morning,one,Morning,Mumbai,Economy,27.5,18,5339
130008,SpiceJet,SG-337,Kolkata,Morning,one,Morning,Mumbai,Economy,25.33,18,5703
130009,SpiceJet,SG-3839,Kolkata,Evening,one,Afternoon,Mumbai,Economy,19.25,18,5715
130066,SpiceJet,SG-732,Kolkata,Afternoon,one,Night,Mumbai,Economy,7.92,18,6276
130067,SpiceJet,SG-387,Kolkata,Night,one,Morning,Mumbai,Economy,10.67,18,6276
130068,SpiceJet,SG-732,Kolkata,Afternoon,one,Morning,Mumbai,Economy,16.42,18,6276
130069,SpiceJet,SG-387,Kolkata,Night,one,Night,Mumbai,Economy,26.17,18,6276
130109,SpiceJet,SG-4027,Kolkata,Morning,one,Evening,Mumbai,Economy,8.67,18,12308
130145,SpiceJet,SG-242,Kolkata,Morning,zero,Afternoon,Mumbai,Economy,2.75,19,5017
130146,SpiceJet,SG-489,Kolkata,Night,zero,Late_Night,Mumbai,Economy,2.83,19,5017
130153,SpiceJet,SG-8264,Kolkata,Night,one,Morning,Mumbai,Economy,10.75,19,5339
130154,SpiceJet,SG-8264,Kolkata,Night,one,Morning,Mumbai,Economy,11.67,19,5339
130155,SpiceJet,SG-8130,Kolkata,Early_Morning,one,Night,Mumbai,Economy,15.0,19,5339
130156,SpiceJet,SG-8130,Kolkata,Early_Morning,one,Night,Mumbai,Economy,16.0,19,5339
130157,SpiceJet,SG-8264,Kolkata,Night,one,Night,Mumbai,Economy,23.17,19,5339
130158,SpiceJet,SG-8264,Kolkata,Night,one,Night,Mumbai,Economy,24.17,19,5339
130159,SpiceJet,SG-8130,Kolkata,Early_Morning,one,Morning,Mumbai,Economy,26.58,19,5339
130160,SpiceJet,SG-8130,Kolkata,Early_Morning,one,Morning,Mumbai,Economy,27.5,19,5339
130242,SpiceJet,SG-387,Kolkata,Night,one,Morning,Mumbai,Economy,10.67,19,6276
130243,SpiceJet,SG-3839,Kolkata,Evening,one,Afternoon,Mumbai,Economy,19.25,19,6276
130244,SpiceJet,SG-387,Kolkata,Night,one,Night,Mumbai,Economy,26.17,19,6276
130257,SpiceJet,SG-679,Kolkata,Afternoon,one,Early_Morning,Mumbai,Economy,15.42,19,6590
130262,SpiceJet,SG-337,Kolkata,Morning,one,Night,Mumbai,Economy,14.58,19,6906
130263,SpiceJet,SG-337,Kolkata,Morning,one,Morning,Mumbai,Economy,25.33,19,6906
130278,SpiceJet,SG-679,Kolkata,Afternoon,one,Afternoon,Mumbai,Economy,23.5,19,8338
130290,SpiceJet,SG-4027,Kolkata,Morning,one,Evening,Mumbai,Economy,8.67,19,12308
130328,SpiceJet,SG-242,Kolkata,Morning,zero,Afternoon,Mumbai,Economy,2.75,20,5017
130329,SpiceJet,SG-489,Kolkata,Night,zero,Late_Night,Mumbai,Economy,2.83,20,5017
130343,SpiceJet,SG-8264,Kolkata,Night,one,Morning,Mumbai,Economy,10.75,20,5339
130344,SpiceJet,SG-8264,Kolkata,Night,one,Morning,Mumbai,Economy,11.67,20,5339
130345,SpiceJet,SG-8130,Kolkata,Early_Morning,one,Night,Mumbai,Economy,15.0,20,5339
130346,SpiceJet,SG-8130,Kolkata,Early_Morning,one,Night,Mumbai,Economy,16.0,20,5339
130347,SpiceJet,SG-8264,Kolkata,Night,one,Night,Mumbai,Economy,23.17,20,5339
130348,SpiceJet,SG-8264,Kolkata,Night,one,Night,Mumbai,Economy,24.17,20,5339
130349,SpiceJet,SG-8130,Kolkata,Early_Morning,one,Morning,Mumbai,Economy,26.58,20,5339
130350,SpiceJet,SG-8130,Kolkata,Early_Morning,one,Morning,Mumbai,Economy,27.5,20,5339
130362,SpiceJet,SG-3839,Kolkata,Evening,one,Afternoon,Mumbai,Economy,19.25,20,5715
130427,SpiceJet,SG-387,Kolkata,Night,one,Morning,Mumbai,Economy,10.67,20,6276
130428,SpiceJet,SG-387,Kolkata,Night,one,Night,Mumbai,Economy,26.17,20,6276
130440,SpiceJet,SG-732,Kolkata,Afternoon,one,Night,Mumbai,Economy,7.92,20,6590
130441,SpiceJet,SG-732,Kolkata,Afternoon,one,Morning,Mumbai,Economy,16.42,20,6590
130454,SpiceJet,SG-337,Kolkata,Morning,one,Night,Mumbai,Economy,14.58,20,8063
130455,SpiceJet,SG-337,Kolkata,Morning,one,Morning,Mumbai,Economy,25.33,20,8063
130466,SpiceJet,SG-4027,Kolkata,Morning,one,Evening,Mumbai,Economy,8.67,20,12308
130503,SpiceJet,SG-242,Kolkata,Morning,zero,Afternoon,Mumbai,Economy,2.75,21,5017
130504,SpiceJet,SG-489,Kolkata,Night,zero,Late_Night,Mumbai,Economy,2.83,21,5017
130512,SpiceJet,SG-8264,Kolkata,Night,one,Morning,Mumbai,Economy,10.75,21,5339
130513,SpiceJet,SG-8264,Kolkata,Night,one,Morning,Mumbai,Economy,11.67,21,5339
130514,SpiceJet,SG-8130,Kolkata,Early_Morning,one,Night,Mumbai,Economy,15.0,21,5339
130515,SpiceJet,SG-8130,Kolkata,Early_Morning,one,Night,Mumbai,Economy,16.0,21,5339
130516,SpiceJet,SG-8264,Kolkata,Night,one,Night,Mumbai,Economy,23.17,21,5339
130517,SpiceJet,SG-8264,Kolkata,Night,one,Night,Mumbai,Economy,24.17,21,5339
130518,SpiceJet,SG-8130,Kolkata,Early_Morning,one,Morning,Mumbai,Economy,26.58,21,5339
130519,SpiceJet,SG-8130,Kolkata,Early_Morning,one,Morning,Mumbai,Economy,27.5,21,5339
130535,SpiceJet,SG-3839,Kolkata,Evening,one,Afternoon,Mumbai,Economy,19.25,21,5715
130601,SpiceJet,SG-387,Kolkata,Night,one,Morning,Mumbai,Economy,10.67,21,6276
130602,SpiceJet,SG-679,Kolkata,Afternoon,one,Early_Morning,Mumbai,Economy,15.42,21,6276
130603,SpiceJet,SG-387,Kolkata,Night,one,Night,Mumbai,Economy,26.17,21,6276
130616,SpiceJet,SG-679,Kolkata,Afternoon,one,Afternoon,Mumbai,Economy,23.5,21,6906
130638,SpiceJet,SG-337,Kolkata,Morning,one,Night,Mumbai,Economy,14.58,21,9743
130639,SpiceJet,SG-337,Kolkata,Morning,one,Morning,Mumbai,Economy,25.33,21,9743
130642,SpiceJet,SG-4027,Kolkata,Morning,one,Evening,Mumbai,Economy,8.67,21,12308
130679,SpiceJet,SG-242,Kolkata,Morning,zero,Afternoon,Mumbai,Economy,2.75,22,5017
130680,SpiceJet,SG-489,Kolkata,Night,zero,Late_Night,Mumbai,Economy,2.83,22,5017
130689,SpiceJet,SG-8264,Kolkata,Night,one,Morning,Mumbai,Economy,10.75,22,5339
130690,SpiceJet,SG-8264,Kolkata,Night,one,Morning,Mumbai,Economy,11.67,22,5339
130691,SpiceJet,SG-8130,Kolkata,Early_Morning,one,Night,Mumbai,Economy,15.0,22,5339
130692,SpiceJet,SG-8130,Kolkata,Early_Morning,one,Night,Mumbai,Economy,16.0,22,5339
130693,SpiceJet,SG-8264,Kolkata,Night,one,Night,Mumbai,Economy,23.17,22,5339
130694,SpiceJet,SG-8264,Kolkata,Night,one,Night,Mumbai,Economy,24.17,22,5339
130695,SpiceJet,SG-8130,Kolkata,Early_Morning,one,Morning,Mumbai,Economy,26.58,22,5339
130696,SpiceJet,SG-8130,Kolkata,Early_Morning,one,Morning,Mumbai,Economy,27.5,22,5339
130765,SpiceJet,SG-387,Kolkata,Night,one,Morning,Mumbai,Economy,10.67,22,6276
130766,SpiceJet,SG-3839,Kolkata,Evening,one,Afternoon,Mumbai,Economy,19.25,22,6276
130767,SpiceJet,SG-387,Kolkata,Night,one,Night,Mumbai,Economy,26.17,22,6276
130777,SpiceJet,SG-732,Kolkata,Afternoon,one,Night,Mumbai,Economy,7.92,22,6590
130778,SpiceJet,SG-732,Kolkata,Afternoon,one,Morning,Mumbai,Economy,16.42,22,6590
130798,SpiceJet,SG-337,Kolkata,Morning,one,Night,Mumbai,Economy,14.58,22,8903
130799,SpiceJet,SG-337,Kolkata,Morning,one,Morning,Mumbai,Economy,25.33,22,8903
130815,SpiceJet,SG-4027,Kolkata,Morning,one,Evening,Mumbai,Economy,8.67,22,13200
130851,SpiceJet,SG-242,Kolkata,Morning,zero,Afternoon,Mumbai,Economy,2.75,23,5017
130852,SpiceJet,SG-489,Kolkata,Night,zero,Late_Night,Mumbai,Economy,2.83,23,5017
130862,SpiceJet,SG-8264,Kolkata,Night,one,Morning,Mumbai,Economy,10.75,23,5339
130863,SpiceJet,SG-8264,Kolkata,Night,one,Morning,Mumbai,Economy,11.67,23,5339
130864,SpiceJet,SG-8130,Kolkata,Early_Morning,one,Night,Mumbai,Economy,15.0,23,5339
130865,SpiceJet,SG-8130,Kolkata,Early_Morning,one,Night,Mumbai,Economy,16.0,23,5339
130866,SpiceJet,SG-8264,Kolkata,Night,one,Night,Mumbai,Economy,23.17,23,5339
130867,SpiceJet,SG-8264,Kolkata,Night,one,Night,Mumbai,Economy,24.17,23,5339
130868,SpiceJet,SG-8130,Kolkata,Early_Morning,one,Morning,Mumbai,Economy,26.58,23,5339
130869,SpiceJet,SG-8130,Kolkata,Early_Morning,one,Morning,Mumbai,Economy,27.5,23,5339
130911,SpiceJet,SG-387,Kolkata,Night,one,Morning,Mumbai,Economy,10.67,23,6276
130912,SpiceJet,SG-3839,Kolkata,Evening,one,Afternoon,Mumbai,Economy,19.25,23,6276
130913,SpiceJet,SG-387,Kolkata,Night,one,Night,Mumbai,Economy,26.17,23,6276
130926,SpiceJet,SG-679,Kolkata,Afternoon,one,Early_Morning,Mumbai,Economy,15.42,23,6590
130952,SpiceJet,SG-337,Kolkata,Morning,one,Night,Mumbai,Economy,14.58,23,7326
130953,SpiceJet,SG-337,Kolkata,Morning,one,Morning,Mumbai,Economy,25.33,23,7326
130982,SpiceJet,SG-679,Kolkata,Afternoon,one,Afternoon,Mumbai,Economy,23.5,23,9284
130997,SpiceJet,SG-4027,Kolkata,Morning,one,Evening,Mumbai,Economy,8.67,23,13514
131029,SpiceJet,SG-242,Kolkata,Morning,zero,Afternoon,Mumbai,Economy,2.75,24,5017
131030,SpiceJet,SG-489,Kolkata,Night,zero,Late_Night,Mumbai,Economy,2.83,24,5017
131044,SpiceJet,SG-8264,Kolkata,Night,one,Morning,Mumbai,Economy,10.75,24,5339
131045,SpiceJet,SG-8264,Kolkata,Night,one,Morning,Mumbai,Economy,11.67,24,5339
131046,SpiceJet,SG-8130,Kolkata,Early_Morning,one,Night,Mumbai,Economy,15.0,24,5339
131047,SpiceJet,SG-8130,Kolkata,Early_Morning,one,Night,Mumbai,Economy,16.0,24,5339
131048,SpiceJet,SG-8264,Kolkata,Night,one,Night,Mumbai,Economy,23.17,24,5339
131049,SpiceJet,SG-8264,Kolkata,Night,one,Night,Mumbai,Economy,24.17,24,5339
131050,SpiceJet,SG-8130,Kolkata,Early_Morning,one,Morning,Mumbai,Economy,26.58,24,5339
131051,SpiceJet,SG-8130,Kolkata,Early_Morning,one,Morning,Mumbai,Economy,27.5,24,5339
131063,SpiceJet,SG-3839,Kolkata,Evening,one,Afternoon,Mumbai,Economy,19.25,24,5715
131105,SpiceJet,SG-387,Kolkata,Night,one,Morning,Mumbai,Economy,10.67,24,6276
131106,SpiceJet,SG-679,Kolkata,Afternoon,one,Early_Morning,Mumbai,Economy,15.42,24,6276
131107,SpiceJet,SG-387,Kolkata,Night,one,Night,Mumbai,Economy,26.17,24,6276
131119,SpiceJet,SG-337,Kolkata,Morning,one,Morning,Mumbai,Economy,25.33,24,6906
131135,SpiceJet,SG-679,Kolkata,Afternoon,one,Afternoon,Mumbai,Economy,23.5,24,7326
131159,SpiceJet,SG-337,Kolkata,Morning,one,Night,Mumbai,Economy,14.58,24,8955
131176,SpiceJet,SG-4027,Kolkata,Morning,one,Evening,Mumbai,Economy,8.67,24,12464
131216,SpiceJet,SG-242,Kolkata,Morning,zero,Afternoon,Mumbai,Economy,2.75,25,5017
131217,SpiceJet,SG-489,Kolkata,Night,zero,Late_Night,Mumbai,Economy,2.83,25,5017
131232,SpiceJet,SG-8264,Kolkata,Night,one,Morning,Mumbai,Economy,10.75,25,5339
131233,SpiceJet,SG-8264,Kolkata,Night,one,Morning,Mumbai,Economy,11.67,25,5339
131234,SpiceJet,SG-8130,Kolkata,Early_Morning,one,Night,Mumbai,Economy,15.0,25,5339
131235,SpiceJet,SG-8130,Kolkata,Early_Morning,one,Night,Mumbai,Economy,16.0,25,5339
131236,SpiceJet,SG-8264,Kolkata,Night,one,Night,Mumbai,Economy,23.17,25,5339
131237,SpiceJet,SG-8264,Kolkata,Night,one,Night,Mumbai,Economy,24.17,25,5339
131238,SpiceJet,SG-8130,Kolkata,Early_Morning,one,Morning,Mumbai,Economy,26.58,25,5339
131239,SpiceJet,SG-8130,Kolkata,Early_Morning,one,Morning,Mumbai,Economy,27.5,25,5339
131262,SpiceJet,SG-3839,Kolkata,Evening,one,Afternoon,Mumbai,Economy,19.25,25,5715
131317,SpiceJet,SG-387,Kolkata,Night,one,Morning,Mumbai,Economy,10.67,25,6276
131318,SpiceJet,SG-387,Kolkata,Night,one,Night,Mumbai,Economy,26.17,25,6276
131329,SpiceJet,SG-732,Kolkata,Afternoon,one,Night,Mumbai,Economy,7.92,25,6590
131330,SpiceJet,SG-337,Kolkata,Morning,one,Night,Mumbai,Economy,14.58,25,6590
131331,SpiceJet,SG-732,Kolkata,Afternoon,one,Morning,Mumbai,Economy,16.42,25,6590
131332,SpiceJet,SG-337,Kolkata,Morning,one,Morning,Mumbai,Economy,25.33,25,6590
131359,SpiceJet,SG-4027,Kolkata,Morning,one,Evening,Mumbai,Economy,8.67,25,12308
131396,SpiceJet,SG-242,Kolkata,Morning,zero,Afternoon,Mumbai,Economy,2.75,26,5017
131397,SpiceJet,SG-489,Kolkata,Night,zero,Late_Night,Mumbai,Economy,2.83,26,5017
131404,SpiceJet,SG-8264,Kolkata,Night,one,Morning,Mumbai,Economy,10.75,26,5339
131405,SpiceJet,SG-8264,Kolkata,Night,one,Morning,Mumbai,Economy,11.67,26,5339
131406,SpiceJet,SG-8130,Kolkata,Early_Morning,one,Night,Mumbai,Economy,15.0,26,5339
131407,SpiceJet,SG-8130,Kolkata,Early_Morning,one,Night,Mumbai,Economy,16.0,26,5339
131408,SpiceJet,SG-8264,Kolkata,Night,one,Night,Mumbai,Economy,23.17,26,5339
131409,SpiceJet,SG-8264,Kolkata,Night,one,Night,Mumbai,Economy,24.17,26,5339
131410,SpiceJet,SG-8130,Kolkata,Early_Morning,one,Morning,Mumbai,Economy,26.58,26,5339
131411,SpiceJet,SG-8130,Kolkata,Early_Morning,one,Morning,Mumbai,Economy,27.5,26,5339
131439,SpiceJet,SG-3839,Kolkata,Evening,one,Afternoon,Mumbai,Economy,19.25,26,5715
131489,SpiceJet,SG-387,Kolkata,Night,one,Morning,Mumbai,Economy,10.67,26,6276
131490,SpiceJet,SG-679,Kolkata,Afternoon,one,Early_Morning,Mumbai,Economy,15.42,26,6276
131491,SpiceJet,SG-679,Kolkata,Afternoon,one,Afternoon,Mumbai,Economy,23.5,26,6276
131492,SpiceJet,SG-387,Kolkata,Night,one,Night,Mumbai,Economy,26.17,26,6276
131505,SpiceJet,SG-337,Kolkata,Morning,one,Night,Mumbai,Economy,14.58,26,6590
131506,SpiceJet,SG-337,Kolkata,Morning,one,Morning,Mumbai,Economy,25.33,26,6590
131539,SpiceJet,SG-4027,Kolkata,Morning,one,Evening,Mumbai,Economy,8.67,26,12308
131576,SpiceJet,SG-242,Kolkata,Morning,zero,Afternoon,Mumbai,Economy,2.75,27,5017
131577,SpiceJet,SG-489,Kolkata,Night,zero,Late_Night,Mumbai,Economy,2.83,27,5017
131601,SpiceJet,SG-8264,Kolkata,Night,one,Morning,Mumbai,Economy,10.75,27,5339
131602,SpiceJet,SG-8264,Kolkata,Night,one,Morning,Mumbai,Economy,11.67,27,5339
131603,SpiceJet,SG-8130,Kolkata,Early_Morning,one,Night,Mumbai,Economy,15.0,27,5339
131604,SpiceJet,SG-8130,Kolkata,Early_Morning,one,Night,Mumbai,Economy,16.0,27,5339
131605,SpiceJet,SG-8264,Kolkata,Night,one,Night,Mumbai,Economy,23.17,27,5339
131606,SpiceJet,SG-8264,Kolkata,Night,one,Night,Mumbai,Economy,24.17,27,5339
131607,SpiceJet,SG-8130,Kolkata,Early_Morning,one,Morning,Mumbai,Economy,26.58,27,5339
131608,SpiceJet,SG-8130,Kolkata,Early_Morning,one,Morning,Mumbai,Economy,27.5,27,5339
131617,SpiceJet,SG-3839,Kolkata,Evening,one,Afternoon,Mumbai,Economy,19.25,27,5715
131672,SpiceJet,SG-732,Kolkata,Afternoon,one,Night,Mumbai,Economy,7.92,27,6276
131673,SpiceJet,SG-387,Kolkata,Night,one,Morning,Mumbai,Economy,10.67,27,6276
131674,SpiceJet,SG-732,Kolkata,Afternoon,one,Morning,Mumbai,Economy,16.42,27,6276
131675,SpiceJet,SG-387,Kolkata,Night,one,Night,Mumbai,Economy,26.17,27,6276
131686,SpiceJet,SG-337,Kolkata,Morning,one,Night,Mumbai,Economy,14.58,27,6590
131687,SpiceJet,SG-337,Kolkata,Morning,one,Morning,Mumbai,Economy,25.33,27,6590
131714,SpiceJet,SG-4027,Kolkata,Morning,one,Evening,Mumbai,Economy,8.67,27,12308
131750,SpiceJet,SG-242,Kolkata,Morning,zero,Afternoon,Mumbai,Economy,2.75,28,5017
131751,SpiceJet,SG-489,Kolkata,Night,zero,Late_Night,Mumbai,Economy,2.83,28,5017
131765,SpiceJet,SG-8264,Kolkata,Night,one,Morning,Mumbai,Economy,10.75,28,5339
131766,SpiceJet,SG-8264,Kolkata,Night,one,Morning,Mumbai,Economy,11.67,28,5339
131767,SpiceJet,SG-8130,Kolkata,Early_Morning,one,Night,Mumbai,Economy,15.0,28,5339
131768,SpiceJet,SG-8130,Kolkata,Early_Morning,one,Night,Mumbai,Economy,16.0,28,5339
131769,SpiceJet,SG-8264,Kolkata,Night,one,Night,Mumbai,Economy,23.17,28,5339
131770,SpiceJet,SG-8264,Kolkata,Night,one,Night,Mumbai,Economy,24.17,28,5339
131771,SpiceJet,SG-8130,Kolkata,Early_Morning,one,Morning,Mumbai,Economy,26.58,28,5339
131772,SpiceJet,SG-8130,Kolkata,Early_Morning,one,Morning,Mumbai,Economy,27.5,28,5339
131789,SpiceJet,SG-3839,Kolkata,Evening,one,Afternoon,Mumbai,Economy,19.25,28,5715
131847,SpiceJet,SG-387,Kolkata,Night,one,Morning,Mumbai,Economy,10.67,28,6276
131848,SpiceJet,SG-679,Kolkata,Afternoon,one,Early_Morning,Mumbai,Economy,15.42,28,6276
131849,SpiceJet,SG-679,Kolkata,Afternoon,one,Afternoon,Mumbai,Economy,23.5,28,6276
131850,SpiceJet,SG-387,Kolkata,Night,one,Night,Mumbai,Economy,26.17,28,6276
131867,SpiceJet,SG-337,Kolkata,Morning,one,Night,Mumbai,Economy,14.58,28,6906
131868,SpiceJet,SG-337,Kolkata,Morning,one,Morning,Mumbai,Economy,25.33,28,6906
131894,SpiceJet,SG-4027,Kolkata,Morning,one,Evening,Mumbai,Economy,8.67,28,12464
131929,SpiceJet,SG-242,Kolkata,Morning,zero,Afternoon,Mumbai,Economy,2.75,29,5017
131930,SpiceJet,SG-489,Kolkata,Night,zero,Late_Night,Mumbai,Economy,2.83,29,5017
131939,SpiceJet,SG-8264,Kolkata,Night,one,Morning,Mumbai,Economy,10.75,29,5339
131940,SpiceJet,SG-8264,Kolkata,Night,one,Morning,Mumbai,Economy,11.67,29,5339
131941,SpiceJet,SG-8264,Kolkata,Night,one,Night,Mumbai,Economy,23.17,29,5339
131942,SpiceJet,SG-8264,Kolkata,Night,one,Night,Mumbai,Economy,24.17,29,5339
132019,SpiceJet,SG-8130,Kolkata,Early_Morning,one,Night,Mumbai,Economy,15.0,29,6444
132020,SpiceJet,SG-8130,Kolkata,Early_Morning,one,Night,Mumbai,Economy,16.0,29,6444
132021,SpiceJet,SG-8130,Kolkata,Early_Morning,one,Morning,Mumbai,Economy,26.58,29,6444
132022,SpiceJet,SG-8130,Kolkata,Early_Morning,one,Morning,Mumbai,Economy,27.5,29,6444
132023,SpiceJet,SG-732,Kolkata,Afternoon,one,Night,Mumbai,Economy,7.92,29,6276
132024,SpiceJet,SG-387,Kolkata,Night,one,Morning,Mumbai,Economy,10.67,29,6276
132025,SpiceJet,SG-732,Kolkata,Afternoon,one,Morning,Mumbai,Economy,16.42,29,6276
132026,SpiceJet,SG-3839,Kolkata,Evening,one,Afternoon,Mumbai,Economy,19.25,29,6276
132027,SpiceJet,SG-387,Kolkata,Night,one,Night,Mumbai,Economy,26.17,29,6276
132040,SpiceJet,SG-337,Kolkata,Morning,one,Night,Mumbai,Economy,14.58,29,6906
132041,SpiceJet,SG-337,Kolkata,Morning,one,Morning,Mumbai,Economy,25.33,29,6906
132068,SpiceJet,SG-4027,Kolkata,Morning,one,Evening,Mumbai,Economy,8.67,29,12464
132103,SpiceJet,SG-242,Kolkata,Morning,zero,Afternoon,Mumbai,Economy,2.75,30,5017
132104,SpiceJet,SG-489,Kolkata,Night,zero,Late_Night,Mumbai,Economy,2.83,30,5017
132136,SpiceJet,SG-8264,Kolkata,Night,one,Morning,Mumbai,Economy,10.75,30,6112
132137,SpiceJet,SG-8264,Kolkata,Night,one,Morning,Mumbai,Economy,11.67,30,6112
132138,SpiceJet,SG-8264,Kolkata,Night,one,Night,Mumbai,Economy,24.17,30,6112
132178,SpiceJet,SG-3839,Kolkata,Evening,one,Afternoon,Mumbai,Economy,19.25,30,6217
132179,SpiceJet,SG-387,Kolkata,Night,one,Morning,Mumbai,Economy,10.67,30,6276
132180,SpiceJet,SG-679,Kolkata,Afternoon,one,Early_Morning,Mumbai,Economy,15.42,30,6276
132181,SpiceJet,SG-8264,Kolkata,Night,one,Night,Mumbai,Economy,23.17,30,6276
132182,SpiceJet,SG-387,Kolkata,Night,one,Night,Mumbai,Economy,26.17,30,6276
132202,SpiceJet,SG-8130,Kolkata,Early_Morning,one,Morning,Mumbai,Economy,26.58,30,7162
132203,SpiceJet,SG-8130,Kolkata,Early_Morning,one,Morning,Mumbai,Economy,27.5,30,7162
132208,SpiceJet,SG-8130,Kolkata,Early_Morning,one,Night,Mumbai,Economy,15.0,30,7326
132209,SpiceJet,SG-8130,Kolkata,Early_Morning,one,Night,Mumbai,Economy,16.0,30,7326
132233,SpiceJet,SG-679,Kolkata,Afternoon,one,Afternoon,Mumbai,Economy,23.5,30,8975
132237,SpiceJet,SG-337,Kolkata,Morning,one,Morning,Mumbai,Economy,25.33,30,9895
132241,SpiceJet,SG-337,Kolkata,Morning,one,Night,Mumbai,Economy,14.58,30,10373
132247,SpiceJet,SG-4027,Kolkata,Morning,one,Evening,Mumbai,Economy,8.67,30,12464
132273,SpiceJet,SG-489,Kolkata,Night,zero,Late_Night,Mumbai,Economy,2.83,31,4499
132274,SpiceJet,SG-242,Kolkata,Morning,zero,Afternoon,Mumbai,Economy,2.75,31,4499
132308,SpiceJet,SG-387,Kolkata,Night,one,Morning,Mumbai,Economy,10.67,31,5548
132309,SpiceJet,SG-387,Kolkata,Night,one,Night,Mumbai,Economy,26.17,31,5548
132310,SpiceJet,SG-8264,Kolkata,Night,one,Morning,Mumbai,Economy,10.75,31,5934
132311,SpiceJet,SG-8264,Kolkata,Night,one,Night,Mumbai,Economy,23.17,31,5934
132312,SpiceJet,SG-8264,Kolkata,Night,one,Night,Mumbai,Economy,24.17,31,5934
132347,SpiceJet,SG-8264,Kolkata,Night,one,Morning,Mumbai,Economy,11.67,31,6099
132371,SpiceJet,SG-337,Kolkata,Morning,one,Night,Mumbai,Economy,14.58,31,5956
132372,SpiceJet,SG-337,Kolkata,Morning,one,Morning,Mumbai,Economy,25.33,31,5956
132373,SpiceJet,SG-3839,Kolkata,Evening,one,Afternoon,Mumbai,Economy,19.25,31,6311
132395,SpiceJet,SG-8130,Kolkata,Early_Morning,one,Night,Mumbai,Economy,16.0,31,6564
132396,SpiceJet,SG-8130,Kolkata,Early_Morning,one,Morning,Mumbai,Economy,26.58,31,6564
132401,SpiceJet,SG-8130,Kolkata,Early_Morning,one,Night,Mumbai,Economy,15.0,31,6729
132402,SpiceJet,SG-8130,Kolkata,Early_Morning,one,Morning,Mumbai,Economy,27.5,31,6729
132407,SpiceJet,SG-679,Kolkata,Afternoon,one,Early_Morning,Mumbai,Economy,15.42,31,6914
132409,SpiceJet,SG-679,Kolkata,Afternoon,one,Afternoon,Mumbai,Economy,23.5,31,7327
132420,SpiceJet,SG-4027,Kolkata,Morning,one,Evening,Mumbai,Economy,8.67,31,9312
132454,SpiceJet,SG-242,Kolkata,Morning,zero,Afternoon,Mumbai,Economy,2.75,32,4499
132455,SpiceJet,SG-489,Kolkata,Night,zero,Late_Night,Mumbai,Economy,2.83,32,4499
132510,SpiceJet,SG-732,Kolkata,Afternoon,one,Night,Mumbai,Economy,7.92,32,5548
132511,SpiceJet,SG-387,Kolkata,Night,one,Morning,Mumbai,Economy,10.67,32,5548
132512,SpiceJet,SG-732,Kolkata,Afternoon,one,Morning,Mumbai,Economy,16.42,32,5548
132513,SpiceJet,SG-387,Kolkata,Night,one,Night,Mumbai,Economy,26.17,32,5548
132514,SpiceJet,SG-8264,Kolkata,Night,one,Morning,Mumbai,Economy,10.75,32,5934
132515,SpiceJet,SG-8264,Kolkata,Night,one,Morning,Mumbai,Economy,11.67,32,5934
132516,SpiceJet,SG-8264,Kolkata,Night,one,Night,Mumbai,Economy,23.17,32,5934
132517,SpiceJet,SG-8264,Kolkata,Night,one,Night,Mumbai,Economy,24.17,32,5934
132557,SpiceJet,SG-337,Kolkata,Morning,one,Night,Mumbai,Economy,14.58,32,5746
132558,SpiceJet,SG-337,Kolkata,Morning,one,Morning,Mumbai,Economy,25.33,32,5746
132570,SpiceJet,SG-3839,Kolkata,Evening,one,Afternoon,Mumbai,Economy,19.25,32,6311
132590,SpiceJet,SG-8130,Kolkata,Early_Morning,one,Night,Mumbai,Economy,15.0,32,6564
132591,SpiceJet,SG-8130,Kolkata,Early_Morning,one,Night,Mumbai,Economy,16.0,32,6564
132592,SpiceJet,SG-8130,Kolkata,Early_Morning,one,Morning,Mumbai,Economy,26.58,32,6564
132593,SpiceJet,SG-8130,Kolkata,Early_Morning,one,Morning,Mumbai,Economy,27.5,32,6564
132607,SpiceJet,SG-4027,Kolkata,Morning,one,Evening,Mumbai,Economy,8.67,32,9312
132640,SpiceJet,SG-242,Kolkata,Morning,zero,Afternoon,Mumbai,Economy,2.75,33,4499
132641,SpiceJet,SG-489,Kolkata,Night,zero,Late_Night,Mumbai,Economy,2.83,33,4499
132689,SpiceJet,SG-387,Kolkata,Night,one,Morning,Mumbai,Economy,10.67,33,5548
132690,SpiceJet,SG-387,Kolkata,Night,one,Night,Mumbai,Economy,26.17,33,5548
132691,SpiceJet,SG-8264,Kolkata,Night,one,Morning,Mumbai,Economy,10.75,33,5934
132692,SpiceJet,SG-8130,Kolkata,Early_Morning,one,Night,Mumbai,Economy,15.0,33,5934
132693,SpiceJet,SG-8130,Kolkata,Early_Morning,one,Night,Mumbai,Economy,16.0,33,5934
132694,SpiceJet,SG-8264,Kolkata,Night,one,Night,Mumbai,Economy,23.17,33,5934
132695,SpiceJet,SG-8264,Kolkata,Night,one,Night,Mumbai,Economy,24.17,33,5934
132696,SpiceJet,SG-8130,Kolkata,Early_Morning,one,Morning,Mumbai,Economy,26.58,33,5934
132754,SpiceJet,SG-337,Kolkata,Morning,one,Night,Mumbai,Economy,14.58,33,5956
132755,SpiceJet,SG-337,Kolkata,Morning,one,Morning,Mumbai,Economy,25.33,33,5956
132756,SpiceJet,SG-3839,Kolkata,Evening,one,Afternoon,Mumbai,Economy,19.25,33,6311
132757,SpiceJet,SG-8264,Kolkata,Night,one,Morning,Mumbai,Economy,11.67,33,6099
132758,SpiceJet,SG-8130,Kolkata,Early_Morning,one,Morning,Mumbai,Economy,27.5,33,6099
132769,SpiceJet,SG-679,Kolkata,Afternoon,one,Early_Morning,Mumbai,Economy,15.42,33,6914
132775,SpiceJet,SG-679,Kolkata,Afternoon,one,Afternoon,Mumbai,Economy,23.5,33,7327
132790,SpiceJet,SG-4027,Kolkata,Morning,one,Evening,Mumbai,Economy,8.67,33,11202
132811,SpiceJet,SG-242,Kolkata,Morning,zero,Afternoon,Mumbai,Economy,2.75,34,4499
132812,SpiceJet,SG-489,Kolkata,Night,zero,Late_Night,Mumbai,Economy,2.83,34,4499
132864,SpiceJet,SG-337,Kolkata,Morning,one,Night,Mumbai,Economy,14.58,34,5525
132865,SpiceJet,SG-337,Kolkata,Morning,one,Morning,Mumbai,Economy,25.33,34,5525
132866,SpiceJet,SG-732,Kolkata,Afternoon,one,Night,Mumbai,Economy,7.92,34,5548
132867,SpiceJet,SG-387,Kolkata,Night,one,Morning,Mumbai,Economy,10.67,34,5548
132868,SpiceJet,SG-732,Kolkata,Afternoon,one,Morning,Mumbai,Economy,16.42,34,5548
132869,SpiceJet,SG-387,Kolkata,Night,one,Night,Mumbai,Economy,26.17,34,5548
132871,SpiceJet,SG-8264,Kolkata,Night,one,Morning,Mumbai,Economy,10.75,34,5934
132872,SpiceJet,SG-8130,Kolkata,Early_Morning,one,Night,Mumbai,Economy,15.0,34,5934
132873,SpiceJet,SG-8130,Kolkata,Early_Morning,one,Night,Mumbai,Economy,16.0,34,5934
132874,SpiceJet,SG-8264,Kolkata,Night,one,Night,Mumbai,Economy,24.17,34,5934
132875,SpiceJet,SG-8130,Kolkata,Early_Morning,one,Morning,Mumbai,Economy,26.58,34,5934
132914,SpiceJet,SG-8264,Kolkata,Night,one,Morning,Mumbai,Economy,11.67,34,6099
132915,SpiceJet,SG-8264,Kolkata,Night,one,Night,Mumbai,Economy,23.17,34,6099
132916,SpiceJet,SG-8130,Kolkata,Early_Morning,one,Morning,Mumbai,Economy,27.5,34,6099
132933,SpiceJet,SG-3839,Kolkata,Evening,one,Afternoon,Mumbai,Economy,19.25,34,6311
132968,SpiceJet,SG-4027,Kolkata,Morning,one,Evening,Mumbai,Economy,8.67,34,19288
132982,SpiceJet,SG-242,Kolkata,Morning,zero,Afternoon,Mumbai,Economy,2.75,35,4499
132983,SpiceJet,SG-489,Kolkata,Night,zero,Late_Night,Mumbai,Economy,2.83,35,4499
133036,SpiceJet,SG-387,Kolkata,Night,one,Morning,Mumbai,Economy,10.67,35,5548
133037,SpiceJet,SG-387,Kolkata,Night,one,Night,Mumbai,Economy,26.17,35,5548
133038,SpiceJet,SG-8264,Kolkata,Night,one,Morning,Mumbai,Economy,10.75,35,5934
133039,SpiceJet,SG-8264,Kolkata,Night,one,Night,Mumbai,Economy,23.17,35,5934
133083,SpiceJet,SG-337,Kolkata,Morning,one,Night,Mumbai,Economy,14.58,35,5746
133084,SpiceJet,SG-337,Kolkata,Morning,one,Morning,Mumbai,Economy,25.33,35,5746
133085,SpiceJet,SG-8264,Kolkata,Night,one,Morning,Mumbai,Economy,11.67,35,6099
133086,SpiceJet,SG-8264,Kolkata,Night,one,Night,Mumbai,Economy,24.17,35,6099
133104,SpiceJet,SG-3839,Kolkata,Evening,one,Afternoon,Mumbai,Economy,19.25,35,6311
133128,SpiceJet,SG-8130,Kolkata,Early_Morning,one,Night,Mumbai,Economy,16.0,35,7404
133129,SpiceJet,SG-8130,Kolkata,Early_Morning,one,Morning,Mumbai,Economy,26.58,35,7404
133130,SpiceJet,SG-8130,Kolkata,Early_Morning,one,Night,Mumbai,Economy,15.0,35,7569
133131,SpiceJet,SG-8130,Kolkata,Early_Morning,one,Morning,Mumbai,Economy,27.5,35,7569
133133,SpiceJet,SG-679,Kolkata,Afternoon,one,Early_Morning,Mumbai,Economy,15.42,35,7860
133134,SpiceJet,SG-679,Kolkata,Afternoon,one,Afternoon,Mumbai,Economy,23.5,35,7860
133148,SpiceJet,SG-4027,Kolkata,Morning,one,Evening,Mumbai,Economy,8.67,35,19288
133163,SpiceJet,SG-242,Kolkata,Morning,zero,Afternoon,Mumbai,Economy,2.75,36,4499
133164,SpiceJet,SG-489,Kolkata,Night,zero,Late_Night,Mumbai,Economy,2.83,36,4499
133210,SpiceJet,SG-732,Kolkata,Afternoon,one,Night,Mumbai,Economy,7.92,36,5548
133211,SpiceJet,SG-387,Kolkata,Night,one,Morning,Mumbai,Economy,10.67,36,5548
133212,SpiceJet,SG-732,Kolkata,Afternoon,one,Morning,Mumbai,Economy,16.42,36,5548
133213,SpiceJet,SG-387,Kolkata,Night,one,Night,Mumbai,Economy,26.17,36,5548
133214,SpiceJet,SG-8264,Kolkata,Night,one,Morning,Mumbai,Economy,10.75,36,5934
133215,SpiceJet,SG-8264,Kolkata,Night,one,Night,Mumbai,Economy,23.17,36,5934
133256,SpiceJet,SG-337,Kolkata,Morning,one,Night,Mumbai,Economy,14.58,36,5746
133257,SpiceJet,SG-337,Kolkata,Morning,one,Morning,Mumbai,Economy,25.33,36,5746
133258,SpiceJet,SG-8264,Kolkata,Night,one,Morning,Mumbai,Economy,11.67,36,6099
133278,SpiceJet,SG-8264,Kolkata,Night,one,Night,Mumbai,Economy,24.17,36,6099
133308,SpiceJet,SG-3839,Kolkata,Evening,one,Afternoon,Mumbai,Economy,19.25,36,7361
133309,SpiceJet,SG-8130,Kolkata,Early_Morning,one,Night,Mumbai,Economy,15.0,36,7404
133310,SpiceJet,SG-8130,Kolkata,Early_Morning,one,Morning,Mumbai,Economy,26.58,36,7404
133311,SpiceJet,SG-8130,Kolkata,Early_Morning,one,Night,Mumbai,Economy,16.0,36,7569
133312,SpiceJet,SG-8130,Kolkata,Early_Morning,one,Morning,Mumbai,Economy,27.5,36,7569
133327,SpiceJet,SG-4027,Kolkata,Morning,one,Evening,Mumbai,Economy,8.67,36,19288
133341,SpiceJet,SG-242,Kolkata,Morning,zero,Afternoon,Mumbai,Economy,2.75,37,4499
133342,SpiceJet,SG-489,Kolkata,Night,zero,Late_Night,Mumbai,Economy,2.83,37,4499
133381,SpiceJet,SG-337,Kolkata,Morning,one,Night,Mumbai,Economy,14.58,37,5525
133382,SpiceJet,SG-337,Kolkata,Morning,one,Morning,Mumbai,Economy,25.33,37,5525
133383,SpiceJet,SG-387,Kolkata,Night,one,Morning,Mumbai,Economy,10.67,37,5548
133384,SpiceJet,SG-387,Kolkata,Night,one,Night,Mumbai,Economy,26.17,37,5548
133386,SpiceJet,SG-8264,Kolkata,Night,one,Morning,Mumbai,Economy,10.75,37,5934
133451,SpiceJet,SG-8264,Kolkata,Night,one,Morning,Mumbai,Economy,11.67,37,6099
133452,SpiceJet,SG-8264,Kolkata,Night,one,Night,Mumbai,Economy,23.17,37,6099
133453,SpiceJet,SG-8264,Kolkata,Night,one,Night,Mumbai,Economy,24.17,37,6099
133478,SpiceJet,SG-679,Kolkata,Afternoon,one,Early_Morning,Mumbai,Economy,15.42,37,7117
133480,SpiceJet,SG-8130,Kolkata,Early_Morning,one,Night,Mumbai,Economy,15.0,37,7404
133481,SpiceJet,SG-8130,Kolkata,Early_Morning,one,Morning,Mumbai,Economy,26.58,37,7404
133484,SpiceJet,SG-8130,Kolkata,Early_Morning,one,Night,Mumbai,Economy,16.0,37,7569
133485,SpiceJet,SG-8130,Kolkata,Early_Morning,one,Morning,Mumbai,Economy,27.5,37,7569
133486,SpiceJet,SG-3839,Kolkata,Evening,one,Afternoon,Mumbai,Economy,19.25,37,7781
133498,SpiceJet,SG-4027,Kolkata,Morning,one,Evening,Mumbai,Economy,8.67,37,9312
133504,SpiceJet,SG-679,Kolkata,Afternoon,one,Afternoon,Mumbai,Economy,23.5,37,12157
133518,SpiceJet,SG-242,Kolkata,Morning,zero,Afternoon,Mumbai,Economy,2.75,38,4499
133519,SpiceJet,SG-489,Kolkata,Night,zero,Late_Night,Mumbai,Economy,2.83,38,4499
133551,SpiceJet,SG-387,Kolkata,Night,one,Morning,Mumbai,Economy,10.67,38,5548
133552,SpiceJet,SG-387,Kolkata,Night,one,Night,Mumbai,Economy,26.17,38,5548
133583,SpiceJet,SG-8264,Kolkata,Night,one,Morning,Mumbai,Economy,10.75,38,6248
133588,SpiceJet,SG-337,Kolkata,Morning,one,Morning,Mumbai,Economy,25.33,38,5908
133593,SpiceJet,SG-8264,Kolkata,Night,one,Night,Mumbai,Economy,23.17,38,6413
133621,SpiceJet,SG-8264,Kolkata,Night,one,Morning,Mumbai,Economy,11.67,38,6413
133622,SpiceJet,SG-8264,Kolkata,Night,one,Night,Mumbai,Economy,24.17,38,6413
133624,SpiceJet,SG-8130,Kolkata,Early_Morning,one,Morning,Mumbai,Economy,26.58,38,6564
133638,SpiceJet,SG-337,Kolkata,Morning,one,Night,Mumbai,Economy,14.58,38,6719
133639,SpiceJet,SG-8130,Kolkata,Early_Morning,one,Night,Mumbai,Economy,15.0,38,6729
133640,SpiceJet,SG-8130,Kolkata,Early_Morning,one,Night,Mumbai,Economy,16.0,38,6729
133641,SpiceJet,SG-8130,Kolkata,Early_Morning,one,Morning,Mumbai,Economy,27.5,38,6729
133657,SpiceJet,SG-679,Kolkata,Afternoon,one,Early_Morning,Mumbai,Economy,15.42,38,7537
133662,SpiceJet,SG-3839,Kolkata,Evening,one,Afternoon,Mumbai,Economy,19.25,38,7781
133677,SpiceJet,SG-679,Kolkata,Afternoon,one,Afternoon,Mumbai,Economy,23.5,38,9953
133683,SpiceJet,SG-4027,Kolkata,Morning,one,Evening,Mumbai,Economy,8.67,38,11398
133706,SpiceJet,SG-489,Kolkata,Night,zero,Late_Night,Mumbai,Economy,2.83,39,4499
133707,SpiceJet,SG-242,Kolkata,Morning,zero,Afternoon,Mumbai,Economy,2.75,39,4499
133764,SpiceJet,SG-337,Kolkata,Morning,one,Night,Mumbai,Economy,14.58,39,5525
133765,SpiceJet,SG-337,Kolkata,Morning,one,Morning,Mumbai,Economy,25.33,39,5525
133766,SpiceJet,SG-8264,Kolkata,Night,one,Night,Mumbai,Economy,23.17,39,5934
133767,SpiceJet,SG-8264,Kolkata,Night,one,Night,Mumbai,Economy,24.17,39,5934
133806,SpiceJet,SG-8264,Kolkata,Night,one,Morning,Mumbai,Economy,10.75,39,6099
133807,SpiceJet,SG-8264,Kolkata,Night,one,Morning,Mumbai,Economy,11.67,39,6099
133826,SpiceJet,SG-387,Kolkata,Night,one,Morning,Mumbai,Economy,10.67,39,6033
133827,SpiceJet,SG-387,Kolkata,Night,one,Night,Mumbai,Economy,26.17,39,6033
133834,SpiceJet,SG-732,Kolkata,Afternoon,one,Night,Mumbai,Economy,7.92,39,6349
133835,SpiceJet,SG-732,Kolkata,Afternoon,one,Morning,Mumbai,Economy,16.42,39,6349
133849,SpiceJet,SG-8130,Kolkata,Early_Morning,one,Night,Mumbai,Economy,15.0,39,7569
133850,SpiceJet,SG-8130,Kolkata,Early_Morning,one,Night,Mumbai,Economy,16.0,39,7569
133851,SpiceJet,SG-8130,Kolkata,Early_Morning,one,Morning,Mumbai,Economy,26.58,39,7569
133852,SpiceJet,SG-8130,Kolkata,Early_Morning,one,Morning,Mumbai,Economy,27.5,39,7569
133854,SpiceJet,SG-3839,Kolkata,Evening,one,Afternoon,Mumbai,Economy,19.25,39,7781
133861,SpiceJet,SG-4027,Kolkata,Morning,one,Evening,Mumbai,Economy,8.67,39,9312
133895,SpiceJet,SG-489,Kolkata,Night,zero,Late_Night,Mumbai,Economy,2.83,40,4499
133917,SpiceJet,SG-242,Kolkata,Morning,zero,Afternoon,Mumbai,Economy,2.75,40,4813
133946,SpiceJet,SG-8264,Kolkata,Night,one,Morning,Mumbai,Economy,11.67,40,5934
133947,SpiceJet,SG-8264,Kolkata,Night,one,Night,Mumbai,Economy,23.17,40,5934
133948,SpiceJet,SG-8264,Kolkata,Night,one,Night,Mumbai,Economy,24.17,40,5934
133987,SpiceJet,SG-337,Kolkata,Morning,one,Night,Mumbai,Economy,14.58,40,5746
133988,SpiceJet,SG-337,Kolkata,Morning,one,Morning,Mumbai,Economy,25.33,40,5746
133989,SpiceJet,SG-8264,Kolkata,Night,one,Morning,Mumbai,Economy,10.75,40,6099
134009,SpiceJet,SG-387,Kolkata,Night,one,Morning,Mumbai,Economy,10.67,40,6033
134010,SpiceJet,SG-387,Kolkata,Night,one,Night,Mumbai,Economy,26.17,40,6033
134020,SpiceJet,SG-679,Kolkata,Afternoon,one,Early_Morning,Mumbai,Economy,15.42,40,6914
134026,SpiceJet,SG-679,Kolkata,Afternoon,one,Afternoon,Mumbai,Economy,23.5,40,7117
134027,SpiceJet,SG-8130,Kolkata,Early_Morning,one,Night,Mumbai,Economy,15.0,40,7404
134028,SpiceJet,SG-8130,Kolkata,Early_Morning,one,Night,Mumbai,Economy,16.0,40,7404
134029,SpiceJet,SG-8130,Kolkata,Early_Morning,one,Morning,Mumbai,Economy,27.5,40,7404
134030,SpiceJet,SG-8130,Kolkata,Early_Morning,one,Morning,Mumbai,Economy,26.58,40,7569
134035,SpiceJet,SG-3839,Kolkata,Evening,one,Afternoon,Mumbai,Economy,19.25,40,8831
134037,SpiceJet,SG-4027,Kolkata,Morning,one,Evening,Mumbai,Economy,8.67,40,9718
134069,SpiceJet,SG-489,Kolkata,Night,zero,Late_Night,Mumbai,Economy,2.83,41,4499
134119,SpiceJet,SG-337,Kolkata,Morning,one,Night,Mumbai,Economy,14.58,41,5525
134120,SpiceJet,SG-337,Kolkata,Morning,one,Morning,Mumbai,Economy,25.33,41,5525
134121,SpiceJet,SG-8264,Kolkata,Night,one,Morning,Mumbai,Economy,11.67,41,5934
134122,SpiceJet,SG-8264,Kolkata,Night,one,Night,Mumbai,Economy,23.17,41,5934
134123,SpiceJet,SG-8264,Kolkata,Night,one,Night,Mumbai,Economy,24.17,41,5934
134166,SpiceJet,SG-8264,Kolkata,Night,one,Morning,Mumbai,Economy,10.75,41,6099
134184,SpiceJet,SG-387,Kolkata,Night,one,Morning,Mumbai,Economy,10.67,41,6033
134185,SpiceJet,SG-387,Kolkata,Night,one,Night,Mumbai,Economy,26.17,41,6033
134187,SpiceJet,SG-732,Kolkata,Afternoon,one,Night,Mumbai,Economy,7.92,41,6349
134188,SpiceJet,SG-732,Kolkata,Afternoon,one,Morning,Mumbai,Economy,16.42,41,6349
134202,SpiceJet,SG-242,Kolkata,Morning,zero,Afternoon,Mumbai,Economy,2.75,41,7019
134205,SpiceJet,SG-8130,Kolkata,Early_Morning,one,Night,Mumbai,Economy,15.0,41,7404
134206,SpiceJet,SG-8130,Kolkata,Early_Morning,one,Night,Mumbai,Economy,16.0,41,7404
134207,SpiceJet,SG-8130,Kolkata,Early_Morning,one,Morning,Mumbai,Economy,27.5,41,7404
134208,SpiceJet,SG-8130,Kolkata,Early_Morning,one,Morning,Mumbai,Economy,26.58,41,7569
134209,SpiceJet,SG-3839,Kolkata,Evening,one,Afternoon,Mumbai,Economy,19.25,41,7781
134215,SpiceJet,SG-4027,Kolkata,Morning,one,Evening,Mumbai,Economy,8.67,41,9312
134249,SpiceJet,SG-489,Kolkata,Night,zero,Late_Night,Mumbai,Economy,2.83,42,4499
134270,SpiceJet,SG-242,Kolkata,Morning,zero,Afternoon,Mumbai,Economy,2.75,42,4813
134299,SpiceJet,SG-337,Kolkata,Morning,one,Night,Mumbai,Economy,14.58,42,5525
134300,SpiceJet,SG-337,Kolkata,Morning,one,Morning,Mumbai,Economy,25.33,42,5525
134301,SpiceJet,SG-8264,Kolkata,Night,one,Morning,Mumbai,Economy,11.67,42,5934
134302,SpiceJet,SG-8264,Kolkata,Night,one,Night,Mumbai,Economy,23.17,42,5934
134303,SpiceJet,SG-8264,Kolkata,Night,one,Night,Mumbai,Economy,24.17,42,5934
134343,SpiceJet,SG-8264,Kolkata,Night,one,Morning,Mumbai,Economy,10.75,42,6099
134362,SpiceJet,SG-3839,Kolkata,Evening,one,Afternoon,Mumbai,Economy,19.25,42,6311
134363,SpiceJet,SG-387,Kolkata,Night,one,Morning,Mumbai,Economy,10.67,42,6033
134364,SpiceJet,SG-387,Kolkata,Night,one,Night,Mumbai,Economy,26.17,42,6033
134377,SpiceJet,SG-679,Kolkata,Afternoon,one,Early_Morning,Mumbai,Economy,15.42,42,6914
134378,SpiceJet,SG-679,Kolkata,Afternoon,one,Afternoon,Mumbai,Economy,23.5,42,6914
134381,SpiceJet,SG-8130,Kolkata,Early_Morning,one,Night,Mumbai,Economy,15.0,42,7404
134382,SpiceJet,SG-8130,Kolkata,Early_Morning,one,Night,Mumbai,Economy,16.0,42,7404
134383,SpiceJet,SG-8130,Kolkata,Early_Morning,one,Morning,Mumbai,Economy,27.5,42,7404
134384,SpiceJet,SG-8130,Kolkata,Early_Morning,one,Morning,Mumbai,Economy,26.58,42,7569
134391,SpiceJet,SG-4027,Kolkata,Morning,one,Evening,Mumbai,Economy,8.67,42,9312
134426,SpiceJet,SG-242,Kolkata,Morning,zero,Afternoon,Mumbai,Economy,2.75,43,4499
134427,SpiceJet,SG-489,Kolkata,Night,zero,Late_Night,Mumbai,Economy,2.83,43,4499
134474,SpiceJet,SG-8264,Kolkata,Night,one,Morning,Mumbai,Economy,10.75,43,5934
134475,SpiceJet,SG-8264,Kolkata,Night,one,Morning,Mumbai,Economy,11.67,43,5934
134476,SpiceJet,SG-8264,Kolkata,Night,one,Night,Mumbai,Economy,23.17,43,5934
134477,SpiceJet,SG-8264,Kolkata,Night,one,Night,Mumbai,Economy,24.17,43,5934
134518,SpiceJet,SG-337,Kolkata,Morning,one,Night,Mumbai,Economy,14.58,43,5746
134519,SpiceJet,SG-337,Kolkata,Morning,one,Morning,Mumbai,Economy,25.33,43,5746
134538,SpiceJet,SG-3839,Kolkata,Evening,one,Afternoon,Mumbai,Economy,19.25,43,6311
134539,SpiceJet,SG-732,Kolkata,Afternoon,one,Night,Mumbai,Economy,7.92,43,6033
134540,SpiceJet,SG-387,Kolkata,Night,one,Morning,Mumbai,Economy,10.67,43,6033
134541,SpiceJet,SG-732,Kolkata,Afternoon,one,Morning,Mumbai,Economy,16.42,43,6033
134542,SpiceJet,SG-387,Kolkata,Night,one,Night,Mumbai,Economy,26.17,43,6033
134558,SpiceJet,SG-8130,Kolkata,Early_Morning,one,Night,Mumbai,Economy,15.0,43,7928
134559,SpiceJet,SG-8130,Kolkata,Early_Morning,one,Night,Mumbai,Economy,16.0,43,7928
134560,SpiceJet,SG-8130,Kolkata,Early_Morning,one,Morning,Mumbai,Economy,26.58,43,7928
134561,SpiceJet,SG-8130,Kolkata,Early_Morning,one,Morning,Mumbai,Economy,27.5,43,7928
134567,SpiceJet,SG-4027,Kolkata,Morning,one,Evening,Mumbai,Economy,8.67,43,9312
134601,SpiceJet,SG-242,Kolkata,Morning,zero,Afternoon,Mumbai,Economy,2.75,44,4499
134602,SpiceJet,SG-489,Kolkata,Night,zero,Late_Night,Mumbai,Economy,2.83,44,4499
134638,SpiceJet,SG-406,Kolkata,Night,one,Morning,Mumbai,Economy,11.75,44,5509
134639,SpiceJet,SG-406,Kolkata,Night,one,Night,Mumbai,Economy,24.42,44,5509
134656,SpiceJet,SG-8264,Kolkata,Night,one,Morning,Mumbai,Economy,11.67,44,5934
134657,SpiceJet,SG-8264,Kolkata,Night,one,Morning,Mumbai,Economy,13.08,44,5934
134658,SpiceJet,SG-8264,Kolkata,Night,one,Night,Mumbai,Economy,23.17,44,5934
134659,SpiceJet,SG-8264,Kolkata,Night,one,Night,Mumbai,Economy,24.17,44,5934
134701,SpiceJet,SG-337,Kolkata,Morning,one,Night,Mumbai,Economy,14.58,44,5746
134702,SpiceJet,SG-337,Kolkata,Morning,one,Morning,Mumbai,Economy,24.5,44,5746
134706,SpiceJet,SG-516,Kolkata,Early_Morning,one,Morning,Mumbai,Economy,26.08,44,5791
134721,SpiceJet,SG-387,Kolkata,Night,one,Morning,Mumbai,Economy,11.0,44,6033
134722,SpiceJet,SG-387,Kolkata,Night,one,Night,Mumbai,Economy,26.17,44,6033
134734,SpiceJet,SG-3839,Kolkata,Evening,one,Evening,Mumbai,Economy,21.92,44,6625
134744,SpiceJet,SG-8130,Kolkata,Early_Morning,one,Night,Mumbai,Economy,15.0,44,7404
134745,SpiceJet,SG-8130,Kolkata,Early_Morning,one,Night,Mumbai,Economy,16.0,44,7404
134746,SpiceJet,SG-8130,Kolkata,Early_Morning,one,Morning,Mumbai,Economy,27.5,44,7404
134748,SpiceJet,SG-679,Kolkata,Afternoon,one,Afternoon,Mumbai,Economy,23.67,44,8483
134752,SpiceJet,SG-4027,Kolkata,Morning,one,Evening,Mumbai,Economy,8.67,44,9312
134755,SpiceJet,SG-3564,Kolkata,Early_Morning,one,Morning,Mumbai,Economy,26.58,44,10897
134782,SpiceJet,SG-366,Kolkata,Evening,zero,Night,Mumbai,Economy,2.75,45,4499
134783,SpiceJet,SG-242,Kolkata,Morning,zero,Morning,Mumbai,Economy,2.83,45,4499
134817,SpiceJet,SG-406,Kolkata,Night,one,Morning,Mumbai,Economy,10.75,45,5509
134818,SpiceJet,SG-406,Kolkata,Night,one,Night,Mumbai,Economy,23.42,45,5509
134864,SpiceJet,SG-516,Kolkata,Early_Morning,one,Night,Mumbai,Economy,13.33,45,5791
134865,SpiceJet,SG-516,Kolkata,Early_Morning,one,Morning,Mumbai,Economy,24.67,45,5791
134875,SpiceJet,SG-264,Kolkata,Night,one,Morning,Mumbai,Economy,11.58,45,5934
134876,SpiceJet,SG-264,Kolkata,Night,one,Morning,Mumbai,Economy,13.0,45,5934
134877,SpiceJet,SG-8130,Kolkata,Early_Morning,one,Night,Mumbai,Economy,14.75,45,5934
134878,SpiceJet,SG-254,Kolkata,Evening,one,Morning,Mumbai,Economy,15.58,45,5934
134879,SpiceJet,SG-8130,Kolkata,Early_Morning,one,Night,Mumbai,Economy,15.75,45,5934
134880,SpiceJet,SG-254,Kolkata,Evening,one,Morning,Mumbai,Economy,17.0,45,5934
134881,SpiceJet,SG-264,Kolkata,Night,one,Night,Mumbai,Economy,23.08,45,5934
134882,SpiceJet,SG-264,Kolkata,Night,one,Night,Mumbai,Economy,24.08,45,5934
134883,SpiceJet,SG-254,Kolkata,Evening,one,Night,Mumbai,Economy,27.08,45,5934
134884,SpiceJet,SG-8130,Kolkata,Early_Morning,one,Morning,Mumbai,Economy,27.25,45,5934
134917,SpiceJet,SG-649,Kolkata,Morning,one,Evening,Mumbai,Economy,7.5,45,10032
134918,SpiceJet,SG-3321,Kolkata,Early_Morning,one,Evening,Mumbai,Economy,12.33,45,10032
134922,SpiceJet,SG-3564,Kolkata,Morning,one,Morning,Mumbai,Economy,23.08,45,10897
134956,SpiceJet,SG-366,Kolkata,Evening,zero,Night,Mumbai,Economy,2.75,46,4499
134957,SpiceJet,SG-242,Kolkata,Morning,zero,Morning,Mumbai,Economy,2.83,46,4499
134987,SpiceJet,SG-406,Kolkata,Night,one,Morning,Mumbai,Economy,10.75,46,5509
134988,SpiceJet,SG-406,Kolkata,Night,one,Night,Mumbai,Economy,23.42,46,5509
135033,SpiceJet,SG-516,Kolkata,Early_Morning,one,Night,Mumbai,Economy,13.33,46,5791
135034,SpiceJet,SG-516,Kolkata,Early_Morning,one,Morning,Mumbai,Economy,24.67,46,5791
135046,SpiceJet,SG-264,Kolkata,Night,one,Morning,Mumbai,Economy,11.58,46,5934
135047,SpiceJet,SG-264,Kolkata,Night,one,Morning,Mumbai,Economy,13.0,46,5934
135048,SpiceJet,SG-8130,Kolkata,Early_Morning,one,Night,Mumbai,Economy,14.75,46,5934
135049,SpiceJet,SG-254,Kolkata,Evening,one,Morning,Mumbai,Economy,15.58,46,5934
135050,SpiceJet,SG-8130,Kolkata,Early_Morning,one,Night,Mumbai,Economy,15.75,46,5934
135051,SpiceJet,SG-254,Kolkata,Evening,one,Morning,Mumbai,Economy,17.0,46,5934
135052,SpiceJet,SG-264,Kolkata,Night,one,Night,Mumbai,Economy,23.08,46,5934
135053,SpiceJet,SG-264,Kolkata,Night,one,Night,Mumbai,Economy,24.08,46,5934
135054,SpiceJet,SG-254,Kolkata,Evening,one,Night,Mumbai,Economy,27.08,46,5934
135055,SpiceJet,SG-8130,Kolkata,Early_Morning,one,Morning,Mumbai,Economy,27.25,46,5934
135058,SpiceJet,SG-387,Kolkata,Morning,one,Night,Mumbai,Economy,13.67,46,6033
135059,SpiceJet,SG-387,Kolkata,Morning,one,Morning,Mumbai,Economy,22.5,46,6033
135084,SpiceJet,SG-649,Kolkata,Morning,one,Evening,Mumbai,Economy,7.5,46,9312
135085,SpiceJet,SG-3321,Kolkata,Early_Morning,one,Evening,Mumbai,Economy,12.33,46,9312
135090,SpiceJet,SG-3564,Kolkata,Morning,one,Morning,Mumbai,Economy,23.08,46,10897
135125,SpiceJet,SG-366,Kolkata,Evening,zero,Night,Mumbai,Economy,2.75,47,4499
135126,SpiceJet,SG-242,Kolkata,Morning,zero,Morning,Mumbai,Economy,2.83,47,4499
135167,SpiceJet,SG-406,Kolkata,Night,one,Morning,Mumbai,Economy,10.75,47,5509
135168,SpiceJet,SG-406,Kolkata,Night,one,Night,Mumbai,Economy,23.42,47,5509
135214,SpiceJet,SG-516,Kolkata,Early_Morning,one,Night,Mumbai,Economy,13.33,47,5791
135215,SpiceJet,SG-516,Kolkata,Early_Morning,one,Morning,Mumbai,Economy,24.67,47,5791
135227,SpiceJet,SG-264,Kolkata,Night,one,Morning,Mumbai,Economy,11.58,47,5934
135228,SpiceJet,SG-264,Kolkata,Night,one,Morning,Mumbai,Economy,13.0,47,5934
135229,SpiceJet,SG-8130,Kolkata,Early_Morning,one,Night,Mumbai,Economy,14.75,47,5934
135230,SpiceJet,SG-254,Kolkata,Evening,one,Morning,Mumbai,Economy,15.58,47,5934
135231,SpiceJet,SG-8130,Kolkata,Early_Morning,one,Night,Mumbai,Economy,15.75,47,5934
135232,SpiceJet,SG-254,Kolkata,Evening,one,Morning,Mumbai,Economy,17.0,47,5934
135233,SpiceJet,SG-264,Kolkata,Night,one,Night,Mumbai,Economy,23.08,47,5934
135234,SpiceJet,SG-264,Kolkata,Night,one,Night,Mumbai,Economy,24.08,47,5934
135235,SpiceJet,SG-254,Kolkata,Evening,one,Night,Mumbai,Economy,27.08,47,5934
135236,SpiceJet,SG-8130,Kolkata,Early_Morning,one,Morning,Mumbai,Economy,27.25,47,5934
135259,SpiceJet,SG-649,Kolkata,Morning,one,Evening,Mumbai,Economy,7.5,47,9312
135260,SpiceJet,SG-3321,Kolkata,Early_Morning,one,Evening,Mumbai,Economy,12.33,47,9312
135268,SpiceJet,SG-3564,Kolkata,Morning,one,Morning,Mumbai,Economy,23.08,47,10897
135298,SpiceJet,SG-366,Kolkata,Evening,zero,Night,Mumbai,Economy,2.75,48,4499
135299,SpiceJet,SG-242,Kolkata,Morning,zero,Morning,Mumbai,Economy,2.83,48,4499
135333,SpiceJet,SG-406,Kolkata,Night,one,Morning,Mumbai,Economy,10.75,48,5509
135334,SpiceJet,SG-406,Kolkata,Night,one,Night,Mumbai,Economy,23.42,48,5509
135377,SpiceJet,SG-516,Kolkata,Early_Morning,one,Night,Mumbai,Economy,13.33,48,5791
135388,SpiceJet,SG-264,Kolkata,Night,one,Morning,Mumbai,Economy,11.58,48,5934
135389,SpiceJet,SG-264,Kolkata,Night,one,Morning,Mumbai,Economy,13.0,48,5934
135390,SpiceJet,SG-254,Kolkata,Evening,one,Morning,Mumbai,Economy,15.58,48,5934
135391,SpiceJet,SG-254,Kolkata,Evening,one,Morning,Mumbai,Economy,17.0,48,5934
135392,SpiceJet,SG-264,Kolkata,Night,one,Night,Mumbai,Economy,23.08,48,5934
135393,SpiceJet,SG-387,Kolkata,Morning,one,Night,Mumbai,Economy,13.67,48,6033
135394,SpiceJet,SG-387,Kolkata,Morning,one,Morning,Mumbai,Economy,22.5,48,6033
135400,SpiceJet,SG-8130,Kolkata,Early_Morning,one,Night,Mumbai,Economy,14.75,48,6248
135401,SpiceJet,SG-8130,Kolkata,Early_Morning,one,Night,Mumbai,Economy,15.75,48,6248
135420,SpiceJet,SG-649,Kolkata,Morning,one,Evening,Mumbai,Economy,7.5,48,9312
135421,SpiceJet,SG-3321,Kolkata,Early_Morning,one,Evening,Mumbai,Economy,12.33,48,9312
135432,SpiceJet,SG-3564,Kolkata,Morning,one,Morning,Mumbai,Economy,23.08,48,10897
135463,SpiceJet,SG-366,Kolkata,Evening,zero,Night,Mumbai,Economy,2.75,49,4499
135464,SpiceJet,SG-242,Kolkata,Morning,zero,Morning,Mumbai,Economy,2.83,49,4499
135496,SpiceJet,SG-406,Kolkata,Night,one,Morning,Mumbai,Economy,10.75,49,5509
135497,SpiceJet,SG-406,Kolkata,Night,one,Night,Mumbai,Economy,23.42,49,5509
135531,SpiceJet,SG-516,Kolkata,Early_Morning,one,Night,Mumbai,Economy,13.33,49,5791
135532,SpiceJet,SG-516,Kolkata,Early_Morning,one,Morning,Mumbai,Economy,24.67,49,5791
135546,SpiceJet,SG-8130,Kolkata,Early_Morning,one,Night,Mumbai,Economy,14.75,49,5934
135547,SpiceJet,SG-8130,Kolkata,Early_Morning,one,Night,Mumbai,Economy,15.75,49,5934
135577,SpiceJet,SG-264,Kolkata,Night,one,Morning,Mumbai,Economy,13.0,49,6413
135578,SpiceJet,SG-254,Kolkata,Evening,one,Morning,Mumbai,Economy,17.0,49,6413
135579,SpiceJet,SG-264,Kolkata,Night,one,Night,Mumbai,Economy,24.08,49,6413
135581,SpiceJet,SG-264,Kolkata,Night,one,Morning,Mumbai,Economy,11.58,49,6729
135582,SpiceJet,SG-254,Kolkata,Evening,one,Morning,Mumbai,Economy,15.58,49,6729
135583,SpiceJet,SG-264,Kolkata,Night,one,Night,Mumbai,Economy,23.08,49,6729
135584,SpiceJet,SG-254,Kolkata,Evening,one,Night,Mumbai,Economy,27.08,49,6729
135585,SpiceJet,SG-8130,Kolkata,Early_Morning,one,Morning,Mumbai,Economy,27.25,49,6729
135593,SpiceJet,SG-649,Kolkata,Morning,one,Evening,Mumbai,Economy,7.5,49,9312
135594,SpiceJet,SG-3321,Kolkata,Early_Morning,one,Evening,Mumbai,Economy,12.33,49,9312
135601,SpiceJet,SG-3564,Kolkata,Morning,one,Morning,Mumbai,Economy,23.08,49,10897
135604,SpiceJet,SG-406,Kolkata,Night,zero,Night,Bangalore,Economy,2.67,1,6488
135653,SpiceJet,SG-387,Kolkata,Night,one,Morning,Bangalore,Economy,12.0,2,6488
135671,SpiceJet,SG-516,Kolkata,Early_Morning,zero,Morning,Bangalore,Economy,2.5,2,12158
135685,SpiceJet,SG-679,Kolkata,Afternoon,one,Morning,Bangalore,Economy,17.75,2,14837
135699,SpiceJet,SG-406,Kolkata,Night,zero,Night,Bangalore,Economy,2.67,2,16254
135727,SpiceJet,SG-3839,Kolkata,Evening,one,Night,Bangalore,Economy,27.17,2,21820
135741,SpiceJet,SG-387,Kolkata,Night,one,Morning,Bangalore,Economy,12.0,3,6488
135743,SpiceJet,SG-3839,Kolkata,Evening,one,Night,Bangalore,Economy,27.17,3,6488
135745,SpiceJet,SG-3281,Kolkata,Afternoon,one,Morning,Bangalore,Economy,20.25,3,6804
135758,SpiceJet,SG-406,Kolkata,Night,zero,Night,Bangalore,Economy,2.67,3,12158
135777,SpiceJet,SG-516,Kolkata,Early_Morning,zero,Morning,Bangalore,Economy,2.5,3,13734
135827,SpiceJet,SG-5091,Kolkata,Early_Morning,zero,Morning,Bangalore,Economy,2.5,4,6488
135828,SpiceJet,SG-5075,Kolkata,Evening,zero,Night,Bangalore,Economy,2.67,4,6488
135829,SpiceJet,SG-406,Kolkata,Night,zero,Night,Bangalore,Economy,2.67,4,6488
135836,SpiceJet,SG-387,Kolkata,Night,one,Morning,Bangalore,Economy,12.0,4,6488
135839,SpiceJet,SG-274,Kolkata,Afternoon,one,Evening,Bangalore,Economy,25.58,4,6488
135840,SpiceJet,SG-3839,Kolkata,Evening,one,Night,Bangalore,Economy,27.17,4,6488
135843,SpiceJet,SG-516,Kolkata,Early_Morning,zero,Morning,Bangalore,Economy,2.83,4,6804
135861,SpiceJet,SG-732,Kolkata,Afternoon,one,Morning,Bangalore,Economy,17.75,4,10585
135935,SpiceJet,SG-5091,Kolkata,Early_Morning,zero,Morning,Bangalore,Economy,2.5,5,6488
135936,SpiceJet,SG-516,Kolkata,Early_Morning,zero,Morning,Bangalore,Economy,2.5,5,6488
135937,SpiceJet,SG-5075,Kolkata,Evening,zero,Night,Bangalore,Economy,2.67,5,6488
135938,SpiceJet,SG-406,Kolkata,Night,zero,Night,Bangalore,Economy,2.67,5,6488
135944,SpiceJet,SG-387,Kolkata,Night,one,Morning,Bangalore,Economy,12.0,5,6488
135948,SpiceJet,SG-679,Kolkata,Afternoon,one,Morning,Bangalore,Economy,17.75,5,6488
135949,SpiceJet,SG-3839,Kolkata,Evening,one,Night,Bangalore,Economy,27.17,5,6488
135951,SpiceJet,SG-3281,Kolkata,Afternoon,one,Morning,Bangalore,Economy,20.25,5,6804
136046,SpiceJet,SG-5091,Kolkata,Early_Morning,zero,Morning,Bangalore,Economy,2.5,6,6488
136047,SpiceJet,SG-5075,Kolkata,Evening,zero,Night,Bangalore,Economy,2.67,6,6488
136048,SpiceJet,SG-406,Kolkata,Night,zero,Night,Bangalore,Economy,2.67,6,6488
136049,SpiceJet,SG-516,Kolkata,Early_Morning,zero,Morning,Bangalore,Economy,2.83,6,6488
136061,SpiceJet,SG-387,Kolkata,Night,one,Morning,Bangalore,Economy,12.0,6,6488
136065,SpiceJet,SG-732,Kolkata,Afternoon,one,Morning,Bangalore,Economy,17.75,6,6488
136066,SpiceJet,SG-274,Kolkata,Afternoon,one,Evening,Bangalore,Economy,25.58,6,6488
136067,SpiceJet,SG-3839,Kolkata,Evening,one,Night,Bangalore,Economy,27.17,6,6488
136177,SpiceJet,SG-516,Kolkata,Early_Morning,zero,Morning,Bangalore,Economy,2.5,7,6488
136178,SpiceJet,SG-5075,Kolkata,Evening,zero,Night,Bangalore,Economy,2.67,7,6488
136179,SpiceJet,SG-406,Kolkata,Night,zero,Night,Bangalore,Economy,2.67,7,6488
136188,SpiceJet,SG-387,Kolkata,Night,one,Morning,Bangalore,Economy,12.0,7,6488
136192,SpiceJet,SG-679,Kolkata,Afternoon,one,Morning,Bangalore,Economy,17.75,7,6488
136193,SpiceJet,SG-3839,Kolkata,Evening,one,Night,Bangalore,Economy,27.17,7,6488
136200,SpiceJet,SG-3281,Kolkata,Afternoon,one,Morning,Bangalore,Economy,20.25,7,6594
136293,SpiceJet,SG-5091,Kolkata,Early_Morning,zero,Morning,Bangalore,Economy,2.5,8,6488
136294,SpiceJet,SG-5075,Kolkata,Evening,zero,Night,Bangalore,Economy,2.67,8,6488
136295,SpiceJet,SG-406,Kolkata,Night,zero,Night,Bangalore,Economy,2.67,8,6488
136296,SpiceJet,SG-516,Kolkata,Early_Morning,zero,Morning,Bangalore,Economy,2.83,8,6488
136309,SpiceJet,SG-387,Kolkata,Night,one,Morning,Bangalore,Economy,12.0,8,6488
136312,SpiceJet,SG-732,Kolkata,Afternoon,one,Morning,Bangalore,Economy,17.75,8,6488
136375,SpiceJet,SG-3839,Kolkata,Evening,one,Night,Bangalore,Economy,27.17,8,12370
136419,SpiceJet,SG-516,Kolkata,Early_Morning,zero,Morning,Bangalore,Economy,2.5,9,6488
136420,SpiceJet,SG-5075,Kolkata,Evening,zero,Night,Bangalore,Economy,2.67,9,6488
136421,SpiceJet,SG-406,Kolkata,Night,zero,Night,Bangalore,Economy,2.67,9,6488
136428,SpiceJet,SG-387,Kolkata,Night,one,Morning,Bangalore,Economy,12.0,9,6488
136431,SpiceJet,SG-679,Kolkata,Afternoon,one,Morning,Bangalore,Economy,17.75,9,6488
136498,SpiceJet,SG-3839,Kolkata,Evening,one,Night,Bangalore,Economy,27.17,9,14050
136544,SpiceJet,SG-406,Kolkata,Night,zero,Night,Bangalore,Economy,2.67,10,6488
136549,SpiceJet,SG-387,Kolkata,Night,one,Morning,Bangalore,Economy,12.0,10,6488
136552,SpiceJet,SG-3839,Kolkata,Evening,one,Night,Bangalore,Economy,27.17,10,6488
136557,SpiceJet,SG-516,Kolkata,Early_Morning,zero,Morning,Bangalore,Economy,2.5,10,6594
136558,SpiceJet,SG-679,Kolkata,Afternoon,one,Morning,Bangalore,Economy,17.75,10,6594
136559,SpiceJet,SG-3281,Kolkata,Afternoon,one,Morning,Bangalore,Economy,20.25,10,6594
136681,SpiceJet,SG-5075,Kolkata,Evening,zero,Night,Bangalore,Economy,2.67,11,6488
136682,SpiceJet,SG-406,Kolkata,Night,zero,Night,Bangalore,Economy,2.67,11,6488
136683,SpiceJet,SG-516,Kolkata,Early_Morning,zero,Morning,Bangalore,Economy,2.83,11,6488
136704,SpiceJet,SG-387,Kolkata,Night,one,Morning,Bangalore,Economy,12.0,11,6488
136721,SpiceJet,SG-732,Kolkata,Afternoon,one,Morning,Bangalore,Economy,17.75,11,6594
136722,SpiceJet,SG-3839,Kolkata,Evening,one,Night,Bangalore,Economy,27.17,11,6594
136837,SpiceJet,SG-5075,Kolkata,Evening,zero,Night,Bangalore,Economy,2.67,12,6488
136838,SpiceJet,SG-406,Kolkata,Night,zero,Night,Bangalore,Economy,2.67,12,6488
136839,SpiceJet,SG-516,Kolkata,Early_Morning,zero,Morning,Bangalore,Economy,2.5,12,6488
136855,SpiceJet,SG-387,Kolkata,Night,one,Morning,Bangalore,Economy,12.0,12,6488
136860,SpiceJet,SG-679,Kolkata,Afternoon,one,Morning,Bangalore,Economy,17.75,12,6488
136861,SpiceJet,SG-3839,Kolkata,Evening,one,Night,Bangalore,Economy,27.17,12,6488
136878,SpiceJet,SG-3281,Kolkata,Afternoon,one,Morning,Bangalore,Economy,20.25,12,6594
136973,SpiceJet,SG-5091,Kolkata,Early_Morning,zero,Morning,Bangalore,Economy,2.5,13,6488
136974,SpiceJet,SG-5075,Kolkata,Evening,zero,Night,Bangalore,Economy,2.67,13,6488
136975,SpiceJet,SG-406,Kolkata,Night,zero,Night,Bangalore,Economy,2.67,13,6488
136976,SpiceJet,SG-516,Kolkata,Early_Morning,zero,Morning,Bangalore,Economy,2.83,13,6488
136996,SpiceJet,SG-387,Kolkata,Night,one,Morning,Bangalore,Economy,12.0,13,6488
137000,SpiceJet,SG-274,Kolkata,Afternoon,one,Evening,Bangalore,Economy,25.58,13,6488
137001,SpiceJet,SG-3839,Kolkata,Evening,one,Night,Bangalore,Economy,27.17,13,6488
137034,SpiceJet,SG-732,Kolkata,Afternoon,one,Morning,Bangalore,Economy,17.75,13,10585
137136,SpiceJet,SG-516,Kolkata,Early_Morning,zero,Morning,Bangalore,Economy,2.5,14,6488
137137,SpiceJet,SG-5075,Kolkata,Evening,zero,Night,Bangalore,Economy,2.67,14,6488
137138,SpiceJet,SG-406,Kolkata,Night,zero,Night,Bangalore,Economy,2.67,14,6488
137149,SpiceJet,SG-387,Kolkata,Night,one,Morning,Bangalore,Economy,12.0,14,6488
137154,SpiceJet,SG-3281,Kolkata,Afternoon,one,Morning,Bangalore,Economy,20.25,14,6488
137155,SpiceJet,SG-3839,Kolkata,Evening,one,Night,Bangalore,Economy,27.17,14,6488
137227,SpiceJet,SG-679,Kolkata,Afternoon,one,Morning,Bangalore,Economy,17.75,14,12578
137271,SpiceJet,SG-5091,Kolkata,Early_Morning,zero,Morning,Bangalore,Economy,2.5,15,4387
137272,SpiceJet,SG-5075,Kolkata,Evening,zero,Night,Bangalore,Economy,2.67,15,4387
137273,SpiceJet,SG-406,Kolkata,Night,zero,Night,Bangalore,Economy,2.67,15,4387
137274,SpiceJet,SG-516,Kolkata,Early_Morning,zero,Morning,Bangalore,Economy,2.83,15,4387
137297,SpiceJet,SG-387,Kolkata,Night,one,Morning,Bangalore,Economy,12.0,15,6488
137301,SpiceJet,SG-732,Kolkata,Afternoon,one,Morning,Bangalore,Economy,17.75,15,6488
137302,SpiceJet,SG-3839,Kolkata,Evening,one,Night,Bangalore,Economy,27.17,15,6488
137420,SpiceJet,SG-516,Kolkata,Early_Morning,zero,Morning,Bangalore,Economy,2.5,16,4387
137421,SpiceJet,SG-5075,Kolkata,Evening,zero,Night,Bangalore,Economy,2.67,16,4387
137422,SpiceJet,SG-406,Kolkata,Night,zero,Night,Bangalore,Economy,2.67,16,4387
137438,SpiceJet,SG-387,Kolkata,Night,one,Morning,Bangalore,Economy,12.0,16,5330
137439,SpiceJet,SG-3839,Kolkata,Evening,one,Night,Bangalore,Economy,27.17,16,5330
137442,SpiceJet,SG-679,Kolkata,Afternoon,one,Morning,Bangalore,Economy,17.75,16,5646
137563,SpiceJet,SG-516,Kolkata,Early_Morning,zero,Morning,Bangalore,Economy,2.5,17,4387
137564,SpiceJet,SG-5075,Kolkata,Evening,zero,Night,Bangalore,Economy,2.67,17,4387
137565,SpiceJet,SG-406,Kolkata,Night,zero,Night,Bangalore,Economy,2.67,17,4387
137586,SpiceJet,SG-387,Kolkata,Night,one,Morning,Bangalore,Economy,12.0,17,5330
137587,SpiceJet,SG-3281,Kolkata,Afternoon,one,Morning,Bangalore,Economy,20.25,17,5330
137588,SpiceJet,SG-3839,Kolkata,Evening,one,Night,Bangalore,Economy,27.17,17,5330
137696,SpiceJet,SG-679,Kolkata,Afternoon,one,Morning,Bangalore,Economy,17.75,17,11392
137727,SpiceJet,SG-5091,Kolkata,Early_Morning,zero,Morning,Bangalore,Economy,2.5,18,4387
137728,SpiceJet,SG-5075,Kolkata,Evening,zero,Night,Bangalore,Economy,2.67,18,4387
137729,SpiceJet,SG-406,Kolkata,Night,zero,Night,Bangalore,Economy,2.67,18,4387
137730,SpiceJet,SG-516,Kolkata,Early_Morning,zero,Morning,Bangalore,Economy,2.83,18,4387
137748,SpiceJet,SG-387,Kolkata,Night,one,Morning,Bangalore,Economy,12.0,18,5330
137749,SpiceJet,SG-732,Kolkata,Afternoon,one,Morning,Bangalore,Economy,17.75,18,5330
137750,SpiceJet,SG-3281,Kolkata,Afternoon,one,Morning,Bangalore,Economy,20.25,18,5330
137751,SpiceJet,SG-274,Kolkata,Afternoon,one,Evening,Bangalore,Economy,25.58,18,5330
137752,SpiceJet,SG-3839,Kolkata,Evening,one,Night,Bangalore,Economy,27.17,18,5330
137877,SpiceJet,SG-406,Kolkata,Night,zero,Night,Bangalore,Economy,2.67,19,4387
137878,SpiceJet,SG-516,Kolkata,Early_Morning,zero,Morning,Bangalore,Economy,2.83,19,4387
137898,SpiceJet,SG-387,Kolkata,Night,one,Morning,Bangalore,Economy,12.0,19,5330
137899,SpiceJet,SG-679,Kolkata,Afternoon,one,Morning,Bangalore,Economy,17.75,19,5330
137900,SpiceJet,SG-3839,Kolkata,Evening,one,Night,Bangalore,Economy,27.17,19,5330
138029,SpiceJet,SG-406,Kolkata,Night,zero,Night,Bangalore,Economy,2.67,20,4387
138030,SpiceJet,SG-516,Kolkata,Early_Morning,zero,Morning,Bangalore,Economy,2.83,20,4387
138050,SpiceJet,SG-387,Kolkata,Night,one,Morning,Bangalore,Economy,12.0,20,5330
138051,SpiceJet,SG-3281,Kolkata,Afternoon,one,Morning,Bangalore,Economy,20.25,20,5330
138052,SpiceJet,SG-274,Kolkata,Afternoon,one,Evening,Bangalore,Economy,25.58,20,5330
138053,SpiceJet,SG-3839,Kolkata,Evening,one,Night,Bangalore,Economy,27.17,20,5330
138056,SpiceJet,SG-732,Kolkata,Afternoon,one,Morning,Bangalore,Economy,17.75,20,5646
138183,SpiceJet,SG-406,Kolkata,Night,zero,Night,Bangalore,Economy,2.67,21,4387
138184,SpiceJet,SG-516,Kolkata,Early_Morning,zero,Morning,Bangalore,Economy,2.83,21,4387
138200,SpiceJet,SG-387,Kolkata,Night,one,Morning,Bangalore,Economy,12.0,21,5330
138201,SpiceJet,SG-679,Kolkata,Afternoon,one,Morning,Bangalore,Economy,17.75,21,5330
138202,SpiceJet,SG-3839,Kolkata,Evening,one,Night,Bangalore,Economy,27.17,21,5330
138333,SpiceJet,SG-406,Kolkata,Night,zero,Night,Bangalore,Economy,2.67,22,4387
138334,SpiceJet,SG-516,Kolkata,Early_Morning,zero,Morning,Bangalore,Economy,2.83,22,4387
138354,SpiceJet,SG-387,Kolkata,Night,one,Morning,Bangalore,Economy,12.0,22,5330
138355,SpiceJet,SG-3281,Kolkata,Afternoon,one,Morning,Bangalore,Economy,20.25,22,5330
138356,SpiceJet,SG-3839,Kolkata,Evening,one,Night,Bangalore,Economy,27.17,22,5330
138359,SpiceJet,SG-732,Kolkata,Afternoon,one,Morning,Bangalore,Economy,17.75,22,5646
138476,SpiceJet,SG-406,Kolkata,Night,zero,Night,Bangalore,Economy,2.67,23,4387
138477,SpiceJet,SG-516,Kolkata,Early_Morning,zero,Morning,Bangalore,Economy,2.83,23,4387
138490,SpiceJet,SG-387,Kolkata,Night,one,Morning,Bangalore,Economy,12.0,23,5330
138491,SpiceJet,SG-679,Kolkata,Afternoon,one,Morning,Bangalore,Economy,17.75,23,5330
138492,SpiceJet,SG-3839,Kolkata,Evening,one,Night,Bangalore,Economy,27.17,23,5330
138622,SpiceJet,SG-406,Kolkata,Night,zero,Night,Bangalore,Economy,2.67,24,4387
138623,SpiceJet,SG-516,Kolkata,Early_Morning,zero,Morning,Bangalore,Economy,2.83,24,4387
138635,SpiceJet,SG-387,Kolkata,Night,one,Morning,Bangalore,Economy,12.0,24,5330
138636,SpiceJet,SG-679,Kolkata,Afternoon,one,Morning,Bangalore,Economy,17.75,24,5330
138637,SpiceJet,SG-3839,Kolkata,Evening,one,Night,Bangalore,Economy,27.17,24,5330
138787,SpiceJet,SG-406,Kolkata,Night,zero,Night,Bangalore,Economy,2.67,25,4387
138788,SpiceJet,SG-516,Kolkata,Early_Morning,zero,Morning,Bangalore,Economy,2.83,25,4387
138808,SpiceJet,SG-387,Kolkata,Night,one,Morning,Bangalore,Economy,12.0,25,5330
138809,SpiceJet,SG-3281,Kolkata,Afternoon,one,Morning,Bangalore,Economy,20.25,25,5330
138810,SpiceJet,SG-274,Kolkata,Afternoon,one,Evening,Bangalore,Economy,25.58,25,5330
138811,SpiceJet,SG-3839,Kolkata,Evening,one,Night,Bangalore,Economy,27.17,25,5330
138812,SpiceJet,SG-732,Kolkata,Afternoon,one,Morning,Bangalore,Economy,17.75,25,5646
138943,SpiceJet,SG-406,Kolkata,Night,zero,Night,Bangalore,Economy,2.67,26,4387
138944,SpiceJet,SG-516,Kolkata,Early_Morning,zero,Morning,Bangalore,Economy,2.83,26,4387
138963,SpiceJet,SG-387,Kolkata,Night,one,Morning,Bangalore,Economy,12.0,26,5330
138964,SpiceJet,SG-679,Kolkata,Afternoon,one,Morning,Bangalore,Economy,17.75,26,5330
138965,SpiceJet,SG-3839,Kolkata,Evening,one,Night,Bangalore,Economy,27.17,26,5330
139091,SpiceJet,SG-406,Kolkata,Night,zero,Night,Bangalore,Economy,2.67,27,4387
139092,SpiceJet,SG-516,Kolkata,Early_Morning,zero,Morning,Bangalore,Economy,2.83,27,4387
139112,SpiceJet,SG-387,Kolkata,Night,one,Morning,Bangalore,Economy,12.0,27,5330
139113,SpiceJet,SG-732,Kolkata,Afternoon,one,Morning,Bangalore,Economy,17.75,27,5330
139114,SpiceJet,SG-3281,Kolkata,Afternoon,one,Morning,Bangalore,Economy,20.25,27,5330
139115,SpiceJet,SG-274,Kolkata,Afternoon,one,Evening,Bangalore,Economy,25.58,27,5330
139116,SpiceJet,SG-3839,Kolkata,Evening,one,Night,Bangalore,Economy,27.17,27,5330
139248,SpiceJet,SG-406,Kolkata,Night,zero,Night,Bangalore,Economy,2.67,28,4387
139249,SpiceJet,SG-516,Kolkata,Early_Morning,zero,Morning,Bangalore,Economy,2.83,28,4387
139266,SpiceJet,SG-387,Kolkata,Night,one,Morning,Bangalore,Economy,12.0,28,5330
139267,SpiceJet,SG-679,Kolkata,Afternoon,one,Morning,Bangalore,Economy,17.75,28,5330
139268,SpiceJet,SG-3839,Kolkata,Evening,one,Night,Bangalore,Economy,27.17,28,5330
139399,SpiceJet,SG-406,Kolkata,Night,zero,Night,Bangalore,Economy,2.67,29,4387
139400,SpiceJet,SG-516,Kolkata,Early_Morning,zero,Morning,Bangalore,Economy,2.83,29,4387
139420,SpiceJet,SG-387,Kolkata,Night,one,Morning,Bangalore,Economy,12.0,29,5330
139421,SpiceJet,SG-732,Kolkata,Afternoon,one,Morning,Bangalore,Economy,17.75,29,5330
139422,SpiceJet,SG-3281,Kolkata,Afternoon,one,Morning,Bangalore,Economy,20.25,29,5330
139423,SpiceJet,SG-3839,Kolkata,Evening,one,Night,Bangalore,Economy,27.17,29,5330
139544,SpiceJet,SG-406,Kolkata,Night,zero,Night,Bangalore,Economy,2.67,30,4387
139545,SpiceJet,SG-516,Kolkata,Early_Morning,zero,Morning,Bangalore,Economy,2.83,30,4387
139556,SpiceJet,SG-387,Kolkata,Night,one,Morning,Bangalore,Economy,12.0,30,5330
139557,SpiceJet,SG-679,Kolkata,Afternoon,one,Morning,Bangalore,Economy,17.75,30,5330
139558,SpiceJet,SG-3839,Kolkata,Evening,one,Night,Bangalore,Economy,27.17,30,5330
139678,SpiceJet,SG-406,Kolkata,Night,zero,Night,Bangalore,Economy,2.67,31,3863
139703,SpiceJet,SG-387,Kolkata,Night,one,Morning,Bangalore,Economy,12.0,31,3992
139707,SpiceJet,SG-516,Kolkata,Early_Morning,zero,Morning,Bangalore,Economy,2.83,31,4145
139730,SpiceJet,SG-3839,Kolkata,Evening,one,Night,Bangalore,Economy,27.17,31,6337
139772,SpiceJet,SG-679,Kolkata,Afternoon,one,Morning,Bangalore,Economy,17.75,31,7466
139833,SpiceJet,SG-406,Kolkata,Night,zero,Night,Bangalore,Economy,2.67,32,3863
139859,SpiceJet,SG-387,Kolkata,Night,one,Morning,Bangalore,Economy,12.0,32,3992
139860,SpiceJet,SG-732,Kolkata,Afternoon,one,Morning,Bangalore,Economy,17.75,32,3992
139865,SpiceJet,SG-516,Kolkata,Early_Morning,zero,Morning,Bangalore,Economy,2.83,32,4145
139907,SpiceJet,SG-3839,Kolkata,Evening,one,Night,Bangalore,Economy,27.17,32,6337
139926,SpiceJet,SG-274,Kolkata,Afternoon,one,Evening,Bangalore,Economy,25.58,32,6820
139969,SpiceJet,SG-3281,Kolkata,Afternoon,one,Morning,Bangalore,Economy,20.25,32,9007
139988,SpiceJet,SG-406,Kolkata,Night,zero,Night,Bangalore,Economy,2.67,33,3863
140019,SpiceJet,SG-387,Kolkata,Night,one,Morning,Bangalore,Economy,12.0,33,3992
140022,SpiceJet,SG-516,Kolkata,Early_Morning,zero,Morning,Bangalore,Economy,2.83,33,4145
140068,SpiceJet,SG-3839,Kolkata,Evening,one,Night,Bangalore,Economy,27.17,33,6337
140086,SpiceJet,SG-679,Kolkata,Afternoon,one,Morning,Bangalore,Economy,17.75,33,7466
140136,SpiceJet,SG-406,Kolkata,Night,zero,Night,Bangalore,Economy,2.67,34,3863
140171,SpiceJet,SG-387,Kolkata,Night,one,Morning,Bangalore,Economy,12.0,34,3992
140172,SpiceJet,SG-732,Kolkata,Afternoon,one,Morning,Bangalore,Economy,17.75,34,3992
140175,SpiceJet,SG-516,Kolkata,Early_Morning,zero,Morning,Bangalore,Economy,2.83,34,4145
140206,SpiceJet,SG-3839,Kolkata,Evening,one,Night,Bangalore,Economy,27.17,34,6337
140219,SpiceJet,SG-274,Kolkata,Afternoon,one,Evening,Bangalore,Economy,25.58,34,6820
140270,SpiceJet,SG-3281,Kolkata,Afternoon,one,Morning,Bangalore,Economy,20.25,34,9007
140284,SpiceJet,SG-406,Kolkata,Night,zero,Night,Bangalore,Economy,2.67,35,3863
140306,SpiceJet,SG-387,Kolkata,Night,one,Morning,Bangalore,Economy,12.0,35,3992
140312,SpiceJet,SG-516,Kolkata,Early_Morning,zero,Morning,Bangalore,Economy,2.83,35,4145
140348,SpiceJet,SG-3839,Kolkata,Evening,one,Night,Bangalore,Economy,27.17,35,6337
140411,SpiceJet,SG-679,Kolkata,Afternoon,one,Morning,Bangalore,Economy,17.75,35,8412
140435,SpiceJet,SG-406,Kolkata,Night,zero,Night,Bangalore,Economy,2.67,36,3863
140456,SpiceJet,SG-387,Kolkata,Night,one,Morning,Bangalore,Economy,12.0,36,3992
140457,SpiceJet,SG-732,Kolkata,Afternoon,one,Morning,Bangalore,Economy,17.75,36,3992
140464,SpiceJet,SG-516,Kolkata,Early_Morning,zero,Morning,Bangalore,Economy,2.83,36,4145
140511,SpiceJet,SG-3839,Kolkata,Evening,one,Night,Bangalore,Economy,27.17,36,6337
140565,SpiceJet,SG-3281,Kolkata,Afternoon,one,Morning,Bangalore,Economy,20.25,36,9007
140578,SpiceJet,SG-406,Kolkata,Night,zero,Night,Bangalore,Economy,2.67,37,3863
140597,SpiceJet,SG-387,Kolkata,Night,one,Morning,Bangalore,Economy,12.0,37,3992
140604,SpiceJet,SG-516,Kolkata,Early_Morning,zero,Morning,Bangalore,Economy,2.83,37,4145
140665,SpiceJet,SG-679,Kolkata,Afternoon,one,Morning,Bangalore,Economy,17.75,37,7466
140701,SpiceJet,SG-3839,Kolkata,Evening,one,Night,Bangalore,Economy,27.17,37,8331
140719,SpiceJet,SG-406,Kolkata,Night,zero,Night,Bangalore,Economy,2.67,38,3863
140734,SpiceJet,SG-387,Kolkata,Night,one,Morning,Bangalore,Economy,12.0,38,3992
140739,SpiceJet,SG-516,Kolkata,Early_Morning,zero,Morning,Bangalore,Economy,2.83,38,4145
140782,SpiceJet,SG-3839,Kolkata,Evening,one,Night,Bangalore,Economy,27.17,38,6337
140805,SpiceJet,SG-679,Kolkata,Afternoon,one,Morning,Bangalore,Economy,17.75,38,7466
140910,SpiceJet,SG-406,Kolkata,Night,zero,Night,Bangalore,Economy,2.67,39,4145
140911,SpiceJet,SG-516,Kolkata,Early_Morning,zero,Morning,Bangalore,Economy,2.83,39,4461
140913,SpiceJet,SG-387,Kolkata,Night,one,Morning,Bangalore,Economy,12.0,39,4477
140918,SpiceJet,SG-732,Kolkata,Afternoon,one,Morning,Bangalore,Economy,17.75,39,4793
140957,SpiceJet,SG-3839,Kolkata,Evening,one,Night,Bangalore,Economy,27.17,39,6337
140963,SpiceJet,SG-274,Kolkata,Afternoon,one,Evening,Bangalore,Economy,25.58,39,6820
141007,SpiceJet,SG-3281,Kolkata,Afternoon,one,Morning,Bangalore,Economy,20.25,39,9007
141061,SpiceJet,SG-406,Kolkata,Night,zero,Night,Bangalore,Economy,2.67,40,4145
141063,SpiceJet,SG-516,Kolkata,Early_Morning,zero,Morning,Bangalore,Economy,2.83,40,4461
141064,SpiceJet,SG-387,Kolkata,Night,one,Morning,Bangalore,Economy,12.0,40,4477
141097,SpiceJet,SG-3839,Kolkata,Evening,one,Night,Bangalore,Economy,27.17,40,6337
141127,SpiceJet,SG-679,Kolkata,Afternoon,one,Morning,Bangalore,Economy,17.75,40,7466
141207,SpiceJet,SG-406,Kolkata,Night,zero,Night,Bangalore,Economy,2.67,41,4145
141211,SpiceJet,SG-516,Kolkata,Early_Morning,zero,Morning,Bangalore,Economy,2.83,41,4461
141212,SpiceJet,SG-387,Kolkata,Night,one,Morning,Bangalore,Economy,12.0,41,4477
141215,SpiceJet,SG-732,Kolkata,Afternoon,one,Morning,Bangalore,Economy,17.75,41,4793
141246,SpiceJet,SG-3839,Kolkata,Evening,one,Night,Bangalore,Economy,27.17,41,6337
141261,SpiceJet,SG-274,Kolkata,Afternoon,one,Evening,Bangalore,Economy,25.58,41,6820
141311,SpiceJet,SG-3281,Kolkata,Afternoon,one,Morning,Bangalore,Economy,20.25,41,9007
141363,SpiceJet,SG-406,Kolkata,Night,zero,Night,Bangalore,Economy,2.67,42,4145
141366,SpiceJet,SG-516,Kolkata,Early_Morning,zero,Morning,Bangalore,Economy,2.83,42,4461
141367,SpiceJet,SG-387,Kolkata,Night,one,Morning,Bangalore,Economy,12.0,42,4477
141399,SpiceJet,SG-3839,Kolkata,Evening,one,Night,Bangalore,Economy,27.17,42,6337
141431,SpiceJet,SG-679,Kolkata,Afternoon,one,Morning,Bangalore,Economy,17.75,42,7466
141483,SpiceJet,SG-406,Kolkata,Night,zero,Night,Bangalore,Economy,2.67,43,3863
141521,SpiceJet,SG-516,Kolkata,Early_Morning,zero,Morning,Bangalore,Economy,2.83,43,4145
141524,SpiceJet,SG-387,Kolkata,Night,one,Morning,Bangalore,Economy,12.0,43,4477
141525,SpiceJet,SG-732,Kolkata,Afternoon,one,Morning,Bangalore,Economy,17.75,43,4477
141566,SpiceJet,SG-3839,Kolkata,Evening,one,Night,Bangalore,Economy,27.17,43,6337
141611,SpiceJet,SG-3281,Kolkata,Afternoon,one,Morning,Bangalore,Economy,20.25,43,9007
141626,SpiceJet,SG-406,Kolkata,Night,zero,Night,Bangalore,Economy,2.67,44,3863
141658,SpiceJet,SG-516,Kolkata,Early_Morning,zero,Morning,Bangalore,Economy,2.83,44,4145
141688,SpiceJet,SG-3839,Kolkata,Evening,one,Afternoon,Bangalore,Economy,19.17,44,6337
141718,SpiceJet,SG-679,Kolkata,Afternoon,one,Morning,Bangalore,Economy,18.25,44,7466
141777,SpiceJet,SG-406,Kolkata,Night,zero,Late_Night,Bangalore,Economy,2.83,45,3863
141810,SpiceJet,SG-516,Kolkata,Early_Morning,zero,Morning,Bangalore,Economy,2.42,45,4145
141930,SpiceJet,SG-406,Kolkata,Night,zero,Late_Night,Bangalore,Economy,2.83,46,3863
141969,SpiceJet,SG-516,Kolkata,Early_Morning,zero,Morning,Bangalore,Economy,2.42,46,4145
142076,SpiceJet,SG-406,Kolkata,Night,zero,Late_Night,Bangalore,Economy,2.83,47,3863
142116,SpiceJet,SG-516,Kolkata,Early_Morning,zero,Morning,Bangalore,Economy,2.42,47,4145
142224,SpiceJet,SG-406,Kolkata,Night,zero,Late_Night,Bangalore,Economy,2.83,48,3863
142261,SpiceJet,SG-516,Kolkata,Early_Morning,zero,Morning,Bangalore,Economy,2.42,48,4145
142369,SpiceJet,SG-406,Kolkata,Night,zero,Late_Night,Bangalore,Economy,2.83,49,3863
142406,SpiceJet,SG-516,Kolkata,Early_Morning,zero,Morning,Bangalore,Economy,2.42,49,4145
142545,SpiceJet,SG-3281,Kolkata,Afternoon,one,Night,Hyderabad,Economy,5.92,2,6804
142580,SpiceJet,SG-3839,Kolkata,Evening,one,Afternoon,Hyderabad,Economy,18.5,2,13946
142629,SpiceJet,SG-3281,Kolkata,Afternoon,one,Night,Hyderabad,Economy,5.92,3,6804
142684,SpiceJet,SG-3832,Kolkata,Morning,one,Afternoon,Hyderabad,Economy,3.67,3,16254
142713,SpiceJet,SG-3281,Kolkata,Afternoon,one,Night,Hyderabad,Economy,5.92,4,6804
142745,SpiceJet,SG-3835,Kolkata,Night,one,Afternoon,Hyderabad,Economy,19.5,4,11529
142763,SpiceJet,SG-3832,Kolkata,Morning,one,Afternoon,Hyderabad,Economy,3.67,4,12158
142810,SpiceJet,SG-3835,Kolkata,Night,one,Afternoon,Hyderabad,Economy,19.5,5,6488
142811,SpiceJet,SG-3281,Kolkata,Afternoon,one,Night,Hyderabad,Economy,5.92,5,6804
142819,SpiceJet,SG-3832,Kolkata,Morning,one,Afternoon,Hyderabad,Economy,3.67,5,9638
142907,SpiceJet,SG-3832,Kolkata,Morning,one,Afternoon,Hyderabad,Economy,3.67,6,6488
142911,SpiceJet,SG-3839,Kolkata,Evening,one,Afternoon,Hyderabad,Economy,18.5,6,6488
142912,SpiceJet,SG-3835,Kolkata,Night,one,Afternoon,Hyderabad,Economy,19.5,6,6488
142913,SpiceJet,SG-3281,Kolkata,Afternoon,one,Night,Hyderabad,Economy,5.92,6,6804
143016,SpiceJet,SG-3832,Kolkata,Morning,one,Afternoon,Hyderabad,Economy,3.67,7,6488
143020,SpiceJet,SG-3835,Kolkata,Night,one,Afternoon,Hyderabad,Economy,19.5,7,6488
143021,SpiceJet,SG-3281,Kolkata,Afternoon,one,Night,Hyderabad,Economy,5.92,7,6804
143124,SpiceJet,SG-3832,Kolkata,Morning,one,Afternoon,Hyderabad,Economy,3.67,8,6488
143128,SpiceJet,SG-3835,Kolkata,Night,one,Afternoon,Hyderabad,Economy,19.5,8,6488
143130,SpiceJet,SG-3281,Kolkata,Afternoon,one,Night,Hyderabad,Economy,5.92,8,6594
143231,SpiceJet,SG-3832,Kolkata,Morning,one,Afternoon,Hyderabad,Economy,3.67,9,6488
143235,SpiceJet,SG-3839,Kolkata,Evening,one,Afternoon,Hyderabad,Economy,18.5,9,6488
143236,SpiceJet,SG-3835,Kolkata,Night,one,Afternoon,Hyderabad,Economy,19.5,9,6488
143238,SpiceJet,SG-3281,Kolkata,Afternoon,one,Night,Hyderabad,Economy,5.92,9,6594
143336,SpiceJet,SG-3832,Kolkata,Morning,one,Afternoon,Hyderabad,Economy,3.67,10,6488
143338,SpiceJet,SG-3835,Kolkata,Night,one,Afternoon,Hyderabad,Economy,19.5,10,6488
143340,SpiceJet,SG-3281,Kolkata,Afternoon,one,Night,Hyderabad,Economy,5.92,10,6594
143449,SpiceJet,SG-3832,Kolkata,Morning,one,Afternoon,Hyderabad,Economy,3.67,11,6488
143456,SpiceJet,SG-3835,Kolkata,Night,one,Afternoon,Hyderabad,Economy,19.5,11,6488
143457,SpiceJet,SG-3281,Kolkata,Afternoon,one,Night,Hyderabad,Economy,5.92,11,6594
143571,SpiceJet,SG-3832,Kolkata,Morning,one,Afternoon,Hyderabad,Economy,3.67,12,6488
143579,SpiceJet,SG-3835,Kolkata,Night,one,Afternoon,Hyderabad,Economy,19.5,12,6488
143580,SpiceJet,SG-3281,Kolkata,Afternoon,one,Night,Hyderabad,Economy,5.92,12,6594
143675,SpiceJet,SG-3832,Kolkata,Morning,one,Afternoon,Hyderabad,Economy,3.67,13,6488
143682,SpiceJet,SG-3839,Kolkata,Evening,one,Afternoon,Hyderabad,Economy,18.5,13,6488
143683,SpiceJet,SG-3835,Kolkata,Night,one,Afternoon,Hyderabad,Economy,19.5,13,6488
143684,SpiceJet,SG-3281,Kolkata,Afternoon,one,Night,Hyderabad,Economy,5.92,13,6594
143794,SpiceJet,SG-3832,Kolkata,Morning,one,Afternoon,Hyderabad,Economy,3.67,14,6488
143802,SpiceJet,SG-3835,Kolkata,Night,one,Afternoon,Hyderabad,Economy,19.5,14,6488
143803,SpiceJet,SG-3281,Kolkata,Afternoon,one,Night,Hyderabad,Economy,5.92,14,6594
143906,SpiceJet,SG-3832,Kolkata,Morning,one,Afternoon,Hyderabad,Economy,3.67,15,6488
143907,SpiceJet,SG-3281,Kolkata,Afternoon,one,Night,Hyderabad,Economy,5.92,15,6488
143914,SpiceJet,SG-3835,Kolkata,Night,one,Afternoon,Hyderabad,Economy,19.5,15,6488
144054,SpiceJet,SG-3832,Kolkata,Morning,one,Afternoon,Hyderabad,Economy,3.67,16,6488
144093,SpiceJet,SG-3835,Kolkata,Night,one,Afternoon,Hyderabad,Economy,19.5,16,7126
144101,SpiceJet,SG-3839,Kolkata,Evening,one,Afternoon,Hyderabad,Economy,18.5,16,7739
144126,SpiceJet,SG-3281,Kolkata,Afternoon,one,Night,Hyderabad,Economy,5.92,16,9113
144181,SpiceJet,SG-3832,Kolkata,Morning,one,Afternoon,Hyderabad,Economy,3.67,17,6488
144210,SpiceJet,SG-3835,Kolkata,Night,one,Afternoon,Hyderabad,Economy,19.5,17,7126
144230,SpiceJet,SG-3281,Kolkata,Afternoon,one,Night,Hyderabad,Economy,5.92,17,9113
144333,SpiceJet,SG-3832,Kolkata,Morning,one,Afternoon,Hyderabad,Economy,3.67,18,6488
144355,SpiceJet,SG-3835,Kolkata,Night,one,Afternoon,Hyderabad,Economy,19.5,18,7126
144373,SpiceJet,SG-3281,Kolkata,Afternoon,one,Night,Hyderabad,Economy,5.92,18,9113
144446,SpiceJet,SG-3832,Kolkata,Morning,one,Afternoon,Hyderabad,Economy,3.67,19,6488
144470,SpiceJet,SG-3835,Kolkata,Night,one,Afternoon,Hyderabad,Economy,19.5,19,7126
144492,SpiceJet,SG-3281,Kolkata,Afternoon,one,Night,Hyderabad,Economy,5.92,19,9113
144574,SpiceJet,SG-3832,Kolkata,Morning,one,Afternoon,Hyderabad,Economy,3.67,20,6488
144590,SpiceJet,SG-3835,Kolkata,Night,one,Afternoon,Hyderabad,Economy,19.5,20,7126
144596,SpiceJet,SG-3839,Kolkata,Evening,one,Afternoon,Hyderabad,Economy,18.5,20,7739
144617,SpiceJet,SG-3281,Kolkata,Afternoon,one,Night,Hyderabad,Economy,5.92,20,9113
144689,SpiceJet,SG-3832,Kolkata,Morning,one,Afternoon,Hyderabad,Economy,3.67,21,6488
144714,SpiceJet,SG-3835,Kolkata,Night,one,Afternoon,Hyderabad,Economy,19.5,21,7126
144734,SpiceJet,SG-3281,Kolkata,Afternoon,one,Night,Hyderabad,Economy,5.92,21,9113
144814,SpiceJet,SG-3832,Kolkata,Morning,one,Afternoon,Hyderabad,Economy,3.67,22,6488
144826,SpiceJet,SG-3835,Kolkata,Night,one,Afternoon,Hyderabad,Economy,19.5,22,7126
144845,SpiceJet,SG-3281,Kolkata,Afternoon,one,Night,Hyderabad,Economy,5.92,22,9113
144895,SpiceJet,SG-3832,Kolkata,Morning,one,Afternoon,Hyderabad,Economy,3.67,23,6488
144931,SpiceJet,SG-3835,Kolkata,Night,one,Afternoon,Hyderabad,Economy,19.5,23,7126
144935,SpiceJet,SG-3839,Kolkata,Evening,one,Afternoon,Hyderabad,Economy,18.5,23,7739
144958,SpiceJet,SG-3281,Kolkata,Afternoon,one,Night,Hyderabad,Economy,5.92,23,9113
145025,SpiceJet,SG-3832,Kolkata,Morning,one,Afternoon,Hyderabad,Economy,3.67,24,6488
145059,SpiceJet,SG-3835,Kolkata,Night,one,Afternoon,Hyderabad,Economy,19.5,24,7126
145076,SpiceJet,SG-3281,Kolkata,Afternoon,one,Night,Hyderabad,Economy,5.92,24,9113
145179,SpiceJet,SG-3832,Kolkata,Morning,one,Afternoon,Hyderabad,Economy,3.67,25,6488
145197,SpiceJet,SG-3835,Kolkata,Night,one,Afternoon,Hyderabad,Economy,19.5,25,7126
145215,SpiceJet,SG-3281,Kolkata,Afternoon,one,Night,Hyderabad,Economy,5.92,25,9113
145287,SpiceJet,SG-3832,Kolkata,Morning,one,Afternoon,Hyderabad,Economy,3.67,26,6488
145313,SpiceJet,SG-3835,Kolkata,Night,one,Afternoon,Hyderabad,Economy,19.5,26,7126
145337,SpiceJet,SG-3281,Kolkata,Afternoon,one,Night,Hyderabad,Economy,5.92,26,9113
145421,SpiceJet,SG-3832,Kolkata,Morning,one,Afternoon,Hyderabad,Economy,3.67,27,6488
145443,SpiceJet,SG-3835,Kolkata,Night,one,Afternoon,Hyderabad,Economy,19.5,27,7126
145450,SpiceJet,SG-3839,Kolkata,Evening,one,Afternoon,Hyderabad,Economy,18.5,27,7739
145460,SpiceJet,SG-3281,Kolkata,Afternoon,one,Night,Hyderabad,Economy,5.92,27,9113
145538,SpiceJet,SG-3832,Kolkata,Morning,one,Afternoon,Hyderabad,Economy,3.67,28,6488
145560,SpiceJet,SG-3835,Kolkata,Night,one,Afternoon,Hyderabad,Economy,19.5,28,7126
145581,SpiceJet,SG-3281,Kolkata,Afternoon,one,Night,Hyderabad,Economy,5.92,28,9113
145661,SpiceJet,SG-3832,Kolkata,Morning,one,Afternoon,Hyderabad,Economy,3.67,29,6488
145678,SpiceJet,SG-3835,Kolkata,Night,one,Afternoon,Hyderabad,Economy,19.5,29,7126
145703,SpiceJet,SG-3281,Kolkata,Afternoon,one,Night,Hyderabad,Economy,5.92,29,9113
145759,SpiceJet,SG-3832,Kolkata,Morning,one,Afternoon,Hyderabad,Economy,3.67,30,6488
145765,SpiceJet,SG-3839,Kolkata,Evening,one,Afternoon,Hyderabad,Economy,18.5,30,6743
145778,SpiceJet,SG-3835,Kolkata,Night,one,Afternoon,Hyderabad,Economy,19.5,30,7216
145816,SpiceJet,SG-3281,Kolkata,Afternoon,one,Night,Hyderabad,Economy,5.92,30,9113
145871,SpiceJet,SG-3832,Kolkata,Morning,one,Afternoon,Hyderabad,Economy,3.67,31,5227
145899,SpiceJet,SG-3835,Kolkata,Night,one,Afternoon,Hyderabad,Economy,19.5,31,6080
145929,SpiceJet,SG-3281,Kolkata,Afternoon,one,Night,Hyderabad,Economy,5.92,31,9113
146005,SpiceJet,SG-3832,Kolkata,Morning,one,Afternoon,Hyderabad,Economy,3.67,32,5227
146039,SpiceJet,SG-3835,Kolkata,Night,one,Afternoon,Hyderabad,Economy,19.5,32,6080
146063,SpiceJet,SG-3281,Kolkata,Afternoon,one,Night,Hyderabad,Economy,5.92,32,9113
146125,SpiceJet,SG-3832,Kolkata,Morning,one,Afternoon,Hyderabad,Economy,3.67,33,5227
146152,SpiceJet,SG-3835,Kolkata,Night,one,Afternoon,Hyderabad,Economy,19.5,33,6080
146177,SpiceJet,SG-3281,Kolkata,Afternoon,one,Night,Hyderabad,Economy,5.92,33,9113
146229,SpiceJet,SG-3832,Kolkata,Morning,one,Afternoon,Hyderabad,Economy,3.67,34,5227
146266,SpiceJet,SG-3835,Kolkata,Night,one,Afternoon,Hyderabad,Economy,19.5,34,6080
146270,SpiceJet,SG-3839,Kolkata,Evening,one,Afternoon,Hyderabad,Economy,18.5,34,6837
146300,SpiceJet,SG-3281,Kolkata,Afternoon,one,Night,Hyderabad,Economy,5.92,34,9113
146371,SpiceJet,SG-3832,Kolkata,Morning,one,Afternoon,Hyderabad,Economy,3.67,35,5647
146379,SpiceJet,SG-3835,Kolkata,Night,one,Afternoon,Hyderabad,Economy,19.5,35,6080
146417,SpiceJet,SG-3281,Kolkata,Afternoon,one,Night,Hyderabad,Economy,5.92,35,9113
146467,SpiceJet,SG-3832,Kolkata,Morning,one,Afternoon,Hyderabad,Economy,3.67,36,5227
146504,SpiceJet,SG-3835,Kolkata,Night,one,Afternoon,Hyderabad,Economy,19.5,36,6080
146539,SpiceJet,SG-3281,Kolkata,Afternoon,one,Night,Hyderabad,Economy,5.92,36,9113
146576,SpiceJet,SG-3832,Kolkata,Morning,one,Afternoon,Hyderabad,Economy,3.67,37,5227
146617,SpiceJet,SG-3835,Kolkata,Night,one,Afternoon,Hyderabad,Economy,19.5,37,6080
146624,SpiceJet,SG-3839,Kolkata,Evening,one,Afternoon,Hyderabad,Economy,18.5,37,6837
146662,SpiceJet,SG-3281,Kolkata,Afternoon,one,Night,Hyderabad,Economy,5.92,37,9113
146691,SpiceJet,SG-3832,Kolkata,Morning,one,Afternoon,Hyderabad,Economy,3.67,38,5227
146721,SpiceJet,SG-3835,Kolkata,Night,one,Afternoon,Hyderabad,Economy,19.5,38,6080
146764,SpiceJet,SG-3281,Kolkata,Afternoon,one,Night,Hyderabad,Economy,5.92,38,9113
146839,SpiceJet,SG-3832,Kolkata,Morning,one,Afternoon,Hyderabad,Economy,3.67,39,5227
146873,SpiceJet,SG-3835,Kolkata,Night,one,Afternoon,Hyderabad,Economy,19.5,39,6080
146903,SpiceJet,SG-3281,Kolkata,Afternoon,one,Night,Hyderabad,Economy,5.92,39,9113
146963,SpiceJet,SG-3832,Kolkata,Morning,one,Afternoon,Hyderabad,Economy,3.67,40,5227
146996,SpiceJet,SG-3835,Kolkata,Night,one,Afternoon,Hyderabad,Economy,19.5,40,6080
147021,SpiceJet,SG-3281,Kolkata,Afternoon,one,Night,Hyderabad,Economy,5.92,40,9113
147083,SpiceJet,SG-3832,Kolkata,Morning,one,Afternoon,Hyderabad,Economy,3.67,41,5227
147122,SpiceJet,SG-3835,Kolkata,Night,one,Afternoon,Hyderabad,Economy,19.5,41,6080
147126,SpiceJet,SG-3839,Kolkata,Evening,one,Afternoon,Hyderabad,Economy,18.5,41,6837
147149,SpiceJet,SG-3281,Kolkata,Afternoon,one,Night,Hyderabad,Economy,5.92,41,9113
147211,SpiceJet,SG-3832,Kolkata,Morning,one,Afternoon,Hyderabad,Economy,3.67,42,5227
147243,SpiceJet,SG-3835,Kolkata,Night,one,Afternoon,Hyderabad,Economy,19.5,42,6080
147268,SpiceJet,SG-3281,Kolkata,Afternoon,one,Night,Hyderabad,Economy,5.92,42,9113
147327,SpiceJet,SG-3832,Kolkata,Morning,one,Afternoon,Hyderabad,Economy,3.67,43,5227
147363,SpiceJet,SG-3835,Kolkata,Night,one,Afternoon,Hyderabad,Economy,19.5,43,6080
147387,SpiceJet,SG-3281,Kolkata,Afternoon,one,Night,Hyderabad,Economy,5.92,43,9113
147446,SpiceJet,SG-3832,Kolkata,Morning,one,Afternoon,Hyderabad,Economy,3.67,44,5227
147482,SpiceJet,SG-3835,Kolkata,Night,one,Morning,Hyderabad,Economy,14.67,44,6080
147483,SpiceJet,SG-3832,Kolkata,Morning,one,Morning,Hyderabad,Economy,22.83,44,6080
147508,SpiceJet,SG-3281,Kolkata,Afternoon,one,Night,Hyderabad,Economy,5.92,44,9113
147585,SpiceJet,SG-2508,Kolkata,Evening,one,Morning,Hyderabad,Economy,15.75,45,6080
147610,SpiceJet,SG-3281,Kolkata,Afternoon,one,Night,Hyderabad,Economy,6.42,45,9113
147706,SpiceJet,SG-2508,Kolkata,Evening,one,Morning,Hyderabad,Economy,15.75,46,6080
147728,SpiceJet,SG-3281,Kolkata,Afternoon,one,Night,Hyderabad,Economy,6.42,46,9113
147816,SpiceJet,SG-2508,Kolkata,Evening,one,Morning,Hyderabad,Economy,15.75,47,6080
147841,SpiceJet,SG-3281,Kolkata,Afternoon,one,Night,Hyderabad,Economy,6.42,47,9113
147925,SpiceJet,SG-2508,Kolkata,Evening,one,Morning,Hyderabad,Economy,15.75,48,6080
147948,SpiceJet,SG-3281,Kolkata,Afternoon,one,Night,Hyderabad,Economy,6.42,48,9113
148029,SpiceJet,SG-2508,Kolkata,Evening,one,Morning,Hyderabad,Economy,15.75,49,6080
148051,SpiceJet,SG-3281,Kolkata,Afternoon,one,Night,Hyderabad,Economy,6.42,49,9113
148053,SpiceJet,SG-406,Kolkata,Night,one,Early_Morning,Chennai,Economy,11.42,1,6488
148061,SpiceJet,SG-3839,Kolkata,Evening,one,Afternoon,Chennai,Economy,18.5,1,12896
148084,SpiceJet,SG-387,Kolkata,Night,zero,Night,Chennai,Economy,2.25,2,6488
148111,SpiceJet,SG-516,Kolkata,Early_Morning,one,Early_Morning,Chennai,Economy,25.75,2,15099
148136,SpiceJet,SG-406,Kolkata,Night,one,Early_Morning,Chennai,Economy,11.42,2,19195
148145,SpiceJet,SG-387,Kolkata,Night,zero,Night,Chennai,Economy,2.25,3,6488
148186,SpiceJet,SG-406,Kolkata,Night,one,Early_Morning,Chennai,Economy,11.42,3,19195
148187,SpiceJet,SG-516,Kolkata,Early_Morning,one,Early_Morning,Chennai,Economy,25.75,3,19195
148205,SpiceJet,SG-5067,Kolkata,Night,zero,Night,Chennai,Economy,2.25,4,6488
148206,SpiceJet,SG-387,Kolkata,Night,zero,Night,Chennai,Economy,2.25,4,6488
148208,SpiceJet,SG-406,Kolkata,Night,one,Early_Morning,Chennai,Economy,11.42,4,6488
148209,SpiceJet,SG-3839,Kolkata,Evening,one,Afternoon,Chennai,Economy,18.5,4,6488
148216,SpiceJet,SG-732,Kolkata,Afternoon,zero,Evening,Chennai,Economy,2.5,4,7644
148221,SpiceJet,SG-516,Kolkata,Early_Morning,one,Early_Morning,Chennai,Economy,25.75,4,9955
148280,SpiceJet,SG-5067,Kolkata,Night,zero,Night,Chennai,Economy,2.25,5,6488
148281,SpiceJet,SG-387,Kolkata,Night,zero,Night,Chennai,Economy,2.25,5,6488
148283,SpiceJet,SG-406,Kolkata,Night,one,Early_Morning,Chennai,Economy,11.42,5,6488
148284,SpiceJet,SG-516,Kolkata,Early_Morning,one,Early_Morning,Chennai,Economy,25.75,5,6488
148359,SpiceJet,SG-5067,Kolkata,Night,zero,Night,Chennai,Economy,2.25,6,6488
148360,SpiceJet,SG-387,Kolkata,Night,zero,Night,Chennai,Economy,2.25,6,6488
148361,SpiceJet,SG-732,Kolkata,Afternoon,zero,Evening,Chennai,Economy,2.5,6,6488
148365,SpiceJet,SG-406,Kolkata,Night,one,Early_Morning,Chennai,Economy,11.42,6,6488
148366,SpiceJet,SG-516,Kolkata,Early_Morning,one,Early_Morning,Chennai,Economy,25.75,6,6488
148449,SpiceJet,SG-5067,Kolkata,Night,zero,Night,Chennai,Economy,2.25,7,6488
148450,SpiceJet,SG-387,Kolkata,Night,zero,Night,Chennai,Economy,2.25,7,6488
148456,SpiceJet,SG-406,Kolkata,Night,one,Early_Morning,Chennai,Economy,11.33,7,6488
148457,SpiceJet,SG-516,Kolkata,Early_Morning,one,Early_Morning,Chennai,Economy,25.75,7,6488
148532,SpiceJet,SG-5067,Kolkata,Night,zero,Night,Chennai,Economy,2.25,8,6488
148533,SpiceJet,SG-387,Kolkata,Night,zero,Night,Chennai,Economy,2.25,8,6488
148534,SpiceJet,SG-732,Kolkata,Afternoon,zero,Evening,Chennai,Economy,2.5,8,6488
148539,SpiceJet,SG-406,Kolkata,Night,one,Early_Morning,Chennai,Economy,11.42,8,6488
148540,SpiceJet,SG-3839,Kolkata,Evening,one,Afternoon,Chennai,Economy,18.5,8,6488
148541,SpiceJet,SG-516,Kolkata,Early_Morning,one,Early_Morning,Chennai,Economy,25.75,8,6488
148625,SpiceJet,SG-5067,Kolkata,Night,zero,Night,Chennai,Economy,2.25,9,6488
148626,SpiceJet,SG-387,Kolkata,Night,zero,Night,Chennai,Economy,2.25,9,6488
148632,SpiceJet,SG-406,Kolkata,Night,one,Early_Morning,Chennai,Economy,11.42,9,6488
148633,SpiceJet,SG-516,Kolkata,Early_Morning,one,Early_Morning,Chennai,Economy,25.75,9,6488
148707,SpiceJet,SG-5067,Kolkata,Night,zero,Night,Chennai,Economy,2.25,10,6488
148708,SpiceJet,SG-387,Kolkata,Night,zero,Night,Chennai,Economy,2.25,10,6488
148710,SpiceJet,SG-406,Kolkata,Night,one,Early_Morning,Chennai,Economy,11.42,10,6488
148717,SpiceJet,SG-516,Kolkata,Early_Morning,one,Early_Morning,Chennai,Economy,25.75,10,6594
148786,SpiceJet,SG-5067,Kolkata,Night,zero,Night,Chennai,Economy,2.25,11,6488
148787,SpiceJet,SG-387,Kolkata,Night,zero,Night,Chennai,Economy,2.25,11,6488
148793,SpiceJet,SG-406,Kolkata,Night,one,Early_Morning,Chennai,Economy,11.42,11,6488
148794,SpiceJet,SG-516,Kolkata,Early_Morning,one,Early_Morning,Chennai,Economy,25.75,11,6488
148808,SpiceJet,SG-732,Kolkata,Afternoon,zero,Evening,Chennai,Economy,2.5,11,6594
148809,SpiceJet,SG-3839,Kolkata,Evening,one,Afternoon,Chennai,Economy,18.5,11,6594
148888,SpiceJet,SG-5067,Kolkata,Night,zero,Night,Chennai,Economy,2.25,12,6488
148889,SpiceJet,SG-387,Kolkata,Night,zero,Night,Chennai,Economy,2.25,12,6488
148897,SpiceJet,SG-406,Kolkata,Night,one,Early_Morning,Chennai,Economy,11.42,12,6488
148898,SpiceJet,SG-516,Kolkata,Early_Morning,one,Early_Morning,Chennai,Economy,25.75,12,6488
148981,SpiceJet,SG-5067,Kolkata,Night,zero,Night,Chennai,Economy,2.25,13,6488
148982,SpiceJet,SG-387,Kolkata,Night,zero,Night,Chennai,Economy,2.25,13,6488
148990,SpiceJet,SG-406,Kolkata,Night,one,Early_Morning,Chennai,Economy,11.42,13,6488
148991,SpiceJet,SG-516,Kolkata,Early_Morning,one,Early_Morning,Chennai,Economy,25.75,13,6488
149011,SpiceJet,SG-732,Kolkata,Afternoon,zero,Evening,Chennai,Economy,2.5,13,7644
149083,SpiceJet,SG-5067,Kolkata,Night,zero,Night,Chennai,Economy,2.25,14,6488
149084,SpiceJet,SG-387,Kolkata,Night,zero,Night,Chennai,Economy,2.25,14,6488
149093,SpiceJet,SG-406,Kolkata,Night,one,Early_Morning,Chennai,Economy,11.33,14,6488
149094,SpiceJet,SG-516,Kolkata,Early_Morning,one,Early_Morning,Chennai,Economy,25.75,14,6488
149178,SpiceJet,SG-5067,Kolkata,Night,zero,Night,Chennai,Economy,2.25,15,6488
149179,SpiceJet,SG-387,Kolkata,Night,zero,Night,Chennai,Economy,2.25,15,6488
149180,SpiceJet,SG-732,Kolkata,Afternoon,zero,Evening,Chennai,Economy,2.5,15,6488
149186,SpiceJet,SG-406,Kolkata,Night,one,Early_Morning,Chennai,Economy,11.42,15,6488
149187,SpiceJet,SG-3839,Kolkata,Evening,one,Afternoon,Chennai,Economy,18.5,15,6488
149188,SpiceJet,SG-516,Kolkata,Early_Morning,one,Early_Morning,Chennai,Economy,25.75,15,6488
149278,SpiceJet,SG-406,Kolkata,Night,one,Early_Morning,Chennai,Economy,11.42,16,4571
149279,SpiceJet,SG-516,Kolkata,Early_Morning,one,Early_Morning,Chennai,Economy,25.75,16,4571
149283,SpiceJet,SG-5067,Kolkata,Night,zero,Night,Chennai,Economy,2.25,16,5227
149284,SpiceJet,SG-387,Kolkata,Night,zero,Night,Chennai,Economy,2.25,16,5227
149371,SpiceJet,SG-406,Kolkata,Night,one,Early_Morning,Chennai,Economy,11.42,17,4571
149372,SpiceJet,SG-516,Kolkata,Early_Morning,one,Early_Morning,Chennai,Economy,25.75,17,4571
149374,SpiceJet,SG-5067,Kolkata,Night,zero,Night,Chennai,Economy,2.25,17,5227
149375,SpiceJet,SG-387,Kolkata,Night,zero,Night,Chennai,Economy,2.25,17,5227
149468,SpiceJet,SG-5067,Kolkata,Night,zero,Night,Chennai,Economy,2.25,18,5227
149469,SpiceJet,SG-387,Kolkata,Night,zero,Night,Chennai,Economy,2.25,18,5227
149470,SpiceJet,SG-732,Kolkata,Afternoon,zero,Evening,Chennai,Economy,2.5,18,5227
149487,SpiceJet,SG-406,Kolkata,Night,one,Early_Morning,Chennai,Economy,11.42,18,5152
149489,SpiceJet,SG-516,Kolkata,Early_Morning,one,Early_Morning,Chennai,Economy,25.75,18,5152
149516,SpiceJet,SG-3839,Kolkata,Evening,one,Afternoon,Chennai,Economy,18.5,18,6125
149583,SpiceJet,SG-387,Kolkata,Night,zero,Night,Chennai,Economy,2.25,19,5227
149592,SpiceJet,SG-406,Kolkata,Night,one,Early_Morning,Chennai,Economy,11.42,19,5152
149594,SpiceJet,SG-516,Kolkata,Early_Morning,one,Early_Morning,Chennai,Economy,25.75,19,5152
149684,SpiceJet,SG-387,Kolkata,Night,zero,Night,Chennai,Economy,2.25,20,5227
149697,SpiceJet,SG-406,Kolkata,Night,one,Early_Morning,Chennai,Economy,11.42,20,5152
149699,SpiceJet,SG-516,Kolkata,Early_Morning,one,Early_Morning,Chennai,Economy,25.75,20,5152
149712,SpiceJet,SG-732,Kolkata,Afternoon,zero,Evening,Chennai,Economy,2.5,20,5543
149790,SpiceJet,SG-387,Kolkata,Night,zero,Night,Chennai,Economy,2.25,21,5227
149797,SpiceJet,SG-406,Kolkata,Night,one,Early_Morning,Chennai,Economy,11.42,21,5152
149798,SpiceJet,SG-516,Kolkata,Early_Morning,one,Early_Morning,Chennai,Economy,25.75,21,5152
149880,SpiceJet,SG-387,Kolkata,Night,zero,Night,Chennai,Economy,2.25,22,5227
149894,SpiceJet,SG-406,Kolkata,Night,one,Early_Morning,Chennai,Economy,11.42,22,5152
149895,SpiceJet,SG-516,Kolkata,Early_Morning,one,Early_Morning,Chennai,Economy,25.75,22,5152
149901,SpiceJet,SG-732,Kolkata,Afternoon,zero,Evening,Chennai,Economy,2.5,22,5543
149917,SpiceJet,SG-3839,Kolkata,Evening,one,Afternoon,Chennai,Economy,18.5,22,6125
149984,SpiceJet,SG-387,Kolkata,Night,zero,Night,Chennai,Economy,2.25,23,5227
149989,SpiceJet,SG-406,Kolkata,Night,one,Early_Morning,Chennai,Economy,11.42,23,5152
149991,SpiceJet,SG-516,Kolkata,Early_Morning,one,Early_Morning,Chennai,Economy,25.75,23,5152
150085,SpiceJet,SG-387,Kolkata,Night,zero,Night,Chennai,Economy,2.25,24,5227
150091,SpiceJet,SG-406,Kolkata,Night,one,Early_Morning,Chennai,Economy,11.42,24,5152
150092,SpiceJet,SG-516,Kolkata,Early_Morning,one,Early_Morning,Chennai,Economy,25.75,24,5152
150188,SpiceJet,SG-387,Kolkata,Night,zero,Night,Chennai,Economy,2.25,25,5227
150201,SpiceJet,SG-406,Kolkata,Night,one,Early_Morning,Chennai,Economy,11.42,25,5152
150203,SpiceJet,SG-516,Kolkata,Early_Morning,one,Early_Morning,Chennai,Economy,25.75,25,5152
150222,SpiceJet,SG-732,Kolkata,Afternoon,zero,Evening,Chennai,Economy,2.5,25,5543
150243,SpiceJet,SG-3839,Kolkata,Evening,one,Afternoon,Chennai,Economy,18.5,25,6125
150293,SpiceJet,SG-387,Kolkata,Night,zero,Night,Chennai,Economy,2.25,26,5227
150304,SpiceJet,SG-406,Kolkata,Night,one,Early_Morning,Chennai,Economy,11.42,26,5152
150306,SpiceJet,SG-516,Kolkata,Early_Morning,one,Early_Morning,Chennai,Economy,25.75,26,5152
150391,SpiceJet,SG-387,Kolkata,Night,zero,Night,Chennai,Economy,2.25,27,5227
150392,SpiceJet,SG-732,Kolkata,Afternoon,zero,Evening,Chennai,Economy,2.5,27,5227
150414,SpiceJet,SG-406,Kolkata,Night,one,Early_Morning,Chennai,Economy,11.42,27,5152
150416,SpiceJet,SG-516,Kolkata,Early_Morning,one,Early_Morning,Chennai,Economy,25.75,27,5152
150496,SpiceJet,SG-387,Kolkata,Night,zero,Night,Chennai,Economy,2.25,28,5227
150510,SpiceJet,SG-406,Kolkata,Night,one,Early_Morning,Chennai,Economy,11.42,28,5152
150512,SpiceJet,SG-516,Kolkata,Early_Morning,one,Early_Morning,Chennai,Economy,25.75,28,5152
150589,SpiceJet,SG-387,Kolkata,Night,zero,Night,Chennai,Economy,2.25,29,5227
150590,SpiceJet,SG-732,Kolkata,Afternoon,zero,Evening,Chennai,Economy,2.5,29,5227
150603,SpiceJet,SG-406,Kolkata,Night,one,Early_Morning,Chennai,Economy,11.42,29,5152
150604,SpiceJet,SG-516,Kolkata,Early_Morning,one,Early_Morning,Chennai,Economy,25.75,29,5152
150646,SpiceJet,SG-3839,Kolkata,Evening,one,Afternoon,Chennai,Economy,18.5,29,6125
150694,SpiceJet,SG-406,Kolkata,Night,one,Early_Morning,Chennai,Economy,11.42,30,4628
150695,SpiceJet,SG-516,Kolkata,Early_Morning,one,Early_Morning,Chennai,Economy,25.75,30,4628
150697,SpiceJet,SG-387,Kolkata,Night,zero,Night,Chennai,Economy,2.25,30,5227
150787,SpiceJet,SG-387,Kolkata,Night,zero,Night,Chennai,Economy,2.25,31,2966
150814,SpiceJet,SG-406,Kolkata,Night,one,Early_Morning,Chennai,Economy,11.42,31,4913
150820,SpiceJet,SG-516,Kolkata,Early_Morning,one,Early_Morning,Chennai,Economy,25.75,31,5195
150882,SpiceJet,SG-387,Kolkata,Night,zero,Night,Chennai,Economy,2.25,32,2966
150887,SpiceJet,SG-732,Kolkata,Afternoon,zero,Evening,Chennai,Economy,2.5,32,2966
150920,SpiceJet,SG-406,Kolkata,Night,one,Early_Morning,Chennai,Economy,11.42,32,4913
150928,SpiceJet,SG-516,Kolkata,Early_Morning,one,Early_Morning,Chennai,Economy,25.75,32,5195
150959,SpiceJet,SG-3839,Kolkata,Evening,one,Afternoon,Chennai,Economy,18.5,32,6495
150988,SpiceJet,SG-387,Kolkata,Night,zero,Night,Chennai,Economy,2.25,33,2966
151024,SpiceJet,SG-406,Kolkata,Night,one,Early_Morning,Chennai,Economy,11.42,33,4913
151032,SpiceJet,SG-516,Kolkata,Early_Morning,one,Early_Morning,Chennai,Economy,25.75,33,5195
151087,SpiceJet,SG-387,Kolkata,Night,zero,Night,Chennai,Economy,2.25,34,2966
151092,SpiceJet,SG-732,Kolkata,Afternoon,zero,Evening,Chennai,Economy,2.5,34,2966
151125,SpiceJet,SG-406,Kolkata,Night,one,Early_Morning,Chennai,Economy,11.42,34,4913
151134,SpiceJet,SG-516,Kolkata,Early_Morning,one,Early_Morning,Chennai,Economy,25.75,34,5195
151187,SpiceJet,SG-387,Kolkata,Night,zero,Night,Chennai,Economy,2.25,35,2966
151214,SpiceJet,SG-406,Kolkata,Night,one,Early_Morning,Chennai,Economy,11.42,35,4913
151228,SpiceJet,SG-516,Kolkata,Early_Morning,one,Early_Morning,Chennai,Economy,25.75,35,5195
151283,SpiceJet,SG-387,Kolkata,Night,zero,Night,Chennai,Economy,2.25,36,2966
151288,SpiceJet,SG-732,Kolkata,Afternoon,zero,Evening,Chennai,Economy,2.5,36,2966
151313,SpiceJet,SG-406,Kolkata,Night,one,Early_Morning,Chennai,Economy,11.42,36,4913
151336,SpiceJet,SG-516,Kolkata,Early_Morning,one,Early_Morning,Chennai,Economy,25.75,36,5195
151358,SpiceJet,SG-3839,Kolkata,Evening,one,Afternoon,Chennai,Economy,18.5,36,6495
151386,SpiceJet,SG-387,Kolkata,Night,zero,Night,Chennai,Economy,2.25,37,2966
151418,SpiceJet,SG-406,Kolkata,Night,one,Early_Morning,Chennai,Economy,11.42,37,4913
151426,SpiceJet,SG-516,Kolkata,Early_Morning,one,Early_Morning,Chennai,Economy,25.75,37,5195
151484,SpiceJet,SG-387,Kolkata,Night,zero,Night,Chennai,Economy,2.25,38,2966
151506,SpiceJet,SG-406,Kolkata,Night,one,Early_Morning,Chennai,Economy,11.42,38,4913
151516,SpiceJet,SG-516,Kolkata,Early_Morning,one,Early_Morning,Chennai,Economy,25.75,38,5195
151594,SpiceJet,SG-387,Kolkata,Night,zero,Night,Chennai,Economy,2.25,39,3453
151602,SpiceJet,SG-732,Kolkata,Afternoon,zero,Evening,Chennai,Economy,2.5,39,3767
151619,SpiceJet,SG-406,Kolkata,Night,one,Early_Morning,Chennai,Economy,11.42,39,5195
151635,SpiceJet,SG-516,Kolkata,Early_Morning,one,Early_Morning,Chennai,Economy,25.75,39,5511
151650,SpiceJet,SG-3839,Kolkata,Evening,one,Afternoon,Chennai,Economy,18.5,39,6495
151701,SpiceJet,SG-387,Kolkata,Night,zero,Night,Chennai,Economy,2.25,40,3453
151729,SpiceJet,SG-406,Kolkata,Night,one,Early_Morning,Chennai,Economy,11.42,40,5195
151738,SpiceJet,SG-516,Kolkata,Early_Morning,one,Early_Morning,Chennai,Economy,25.75,40,5511
151802,SpiceJet,SG-387,Kolkata,Night,zero,Night,Chennai,Economy,2.25,41,3453
151805,SpiceJet,SG-732,Kolkata,Afternoon,zero,Evening,Chennai,Economy,2.5,41,3767
151825,SpiceJet,SG-406,Kolkata,Night,one,Early_Morning,Chennai,Economy,11.42,41,5195
151839,SpiceJet,SG-516,Kolkata,Early_Morning,one,Early_Morning,Chennai,Economy,25.75,41,5511
151901,SpiceJet,SG-387,Kolkata,Night,zero,Night,Chennai,Economy,2.25,42,3453
151931,SpiceJet,SG-406,Kolkata,Night,one,Early_Morning,Chennai,Economy,11.42,42,5195
151937,SpiceJet,SG-516,Kolkata,Early_Morning,one,Early_Morning,Chennai,Economy,25.75,42,5511
152004,SpiceJet,SG-387,Kolkata,Night,zero,Night,Chennai,Economy,2.25,43,3453
152005,SpiceJet,SG-732,Kolkata,Afternoon,zero,Evening,Chennai,Economy,2.5,43,3453
152020,SpiceJet,SG-406,Kolkata,Night,one,Early_Morning,Chennai,Economy,11.42,43,4913
152025,SpiceJet,SG-516,Kolkata,Early_Morning,one,Early_Morning,Chennai,Economy,25.75,43,5195
152055,SpiceJet,SG-3839,Kolkata,Evening,one,Afternoon,Chennai,Economy,18.5,43,6495
152102,SpiceJet,SG-387,Kolkata,Night,zero,Night,Chennai,Economy,2.25,44,3453
152395,SpiceJet,SG-387,Kolkata,Morning,zero,Afternoon,Chennai,Economy,2.33,48,3453
152563,SpiceJet,SG-3283,Hyderabad,Evening,one,Evening,Delhi,Economy,26.92,1,11591
152585,SpiceJet,SG-4003,Hyderabad,Morning,one,Evening,Delhi,Economy,6.42,2,9964
152641,SpiceJet,SG-3283,Hyderabad,Evening,one,Evening,Delhi,Economy,26.83,3,6448
152645,SpiceJet,SG-390,Hyderabad,Night,zero,Night,Delhi,Economy,2.08,3,7602
152692,SpiceJet,SG-5069,Hyderabad,Night,zero,Night,Delhi,Economy,2.08,4,6133
152693,SpiceJet,SG-390,Hyderabad,Night,zero,Night,Delhi,Economy,2.08,4,6133
152708,SpiceJet,SG-3283,Hyderabad,Evening,one,Evening,Delhi,Economy,26.92,4,6448
152723,SpiceJet,SG-4003,Hyderabad,Morning,one,Evening,Delhi,Economy,6.42,4,9650
152782,SpiceJet,SG-5069,Hyderabad,Night,zero,Night,Delhi,Economy,2.08,5,6133
152802,SpiceJet,SG-3283,Hyderabad,Evening,one,Evening,Delhi,Economy,26.83,5,6448
152876,SpiceJet,SG-5069,Hyderabad,Night,zero,Night,Delhi,Economy,2.08,6,6133
152881,SpiceJet,SG-390,Hyderabad,Night,zero,Night,Delhi,Economy,2.08,6,6133
152892,SpiceJet,SG-4003,Hyderabad,Morning,one,Evening,Delhi,Economy,6.42,6,6133
152899,SpiceJet,SG-3283,Hyderabad,Evening,one,Evening,Delhi,Economy,26.92,6,6448
152979,SpiceJet,SG-5069,Hyderabad,Night,zero,Night,Delhi,Economy,2.08,7,6133
152980,SpiceJet,SG-390,Hyderabad,Night,zero,Night,Delhi,Economy,2.08,7,6133
152996,SpiceJet,SG-4003,Hyderabad,Morning,one,Evening,Delhi,Economy,6.42,7,6133
153000,SpiceJet,SG-3283,Hyderabad,Evening,one,Evening,Delhi,Economy,26.83,7,6448
153086,SpiceJet,SG-5069,Hyderabad,Night,zero,Night,Delhi,Economy,2.08,8,6133
153087,SpiceJet,SG-390,Hyderabad,Night,zero,Night,Delhi,Economy,2.08,8,6133
153100,SpiceJet,SG-4003,Hyderabad,Morning,one,Evening,Delhi,Economy,6.42,8,6133
153103,SpiceJet,SG-3283,Hyderabad,Evening,one,Evening,Delhi,Economy,26.92,8,6238
153194,SpiceJet,SG-5069,Hyderabad,Night,zero,Night,Delhi,Economy,2.08,9,6133
153195,SpiceJet,SG-390,Hyderabad,Night,zero,Night,Delhi,Economy,2.08,9,6133
153206,SpiceJet,SG-4003,Hyderabad,Morning,one,Evening,Delhi,Economy,6.42,9,6133
153208,SpiceJet,SG-3283,Hyderabad,Evening,one,Evening,Delhi,Economy,26.92,9,6238
153298,SpiceJet,SG-390,Hyderabad,Night,zero,Night,Delhi,Economy,2.08,10,6133
153310,SpiceJet,SG-4003,Hyderabad,Morning,one,Evening,Delhi,Economy,6.42,10,6133
153313,SpiceJet,SG-3283,Hyderabad,Evening,one,Evening,Delhi,Economy,26.83,10,6238
153415,SpiceJet,SG-5069,Hyderabad,Night,zero,Night,Delhi,Economy,2.08,11,6133
153416,SpiceJet,SG-390,Hyderabad,Night,zero,Night,Delhi,Economy,2.08,11,6133
153456,SpiceJet,SG-4003,Hyderabad,Morning,one,Evening,Delhi,Economy,6.42,11,6133
153460,SpiceJet,SG-3283,Hyderabad,Evening,one,Evening,Delhi,Economy,26.92,11,6238
153547,SpiceJet,SG-5069,Hyderabad,Night,zero,Night,Delhi,Economy,2.08,12,6133
153548,SpiceJet,SG-390,Hyderabad,Night,zero,Night,Delhi,Economy,2.08,12,6133
153593,SpiceJet,SG-4003,Hyderabad,Morning,one,Evening,Delhi,Economy,6.42,12,6133
153595,SpiceJet,SG-3283,Hyderabad,Evening,one,Evening,Delhi,Economy,26.83,12,6238
153674,SpiceJet,SG-5069,Hyderabad,Night,zero,Night,Delhi,Economy,2.08,13,6133
153675,SpiceJet,SG-390,Hyderabad,Night,zero,Night,Delhi,Economy,2.08,13,6133
153719,SpiceJet,SG-4003,Hyderabad,Morning,one,Evening,Delhi,Economy,6.42,13,6133
153722,SpiceJet,SG-3283,Hyderabad,Evening,one,Evening,Delhi,Economy,26.92,13,6238
153803,SpiceJet,SG-5069,Hyderabad,Night,zero,Night,Delhi,Economy,2.08,14,6133
153804,SpiceJet,SG-390,Hyderabad,Night,zero,Night,Delhi,Economy,2.08,14,6133
153847,SpiceJet,SG-4003,Hyderabad,Morning,one,Evening,Delhi,Economy,6.42,14,6133
153849,SpiceJet,SG-3283,Hyderabad,Evening,one,Evening,Delhi,Economy,26.83,14,6238
153930,SpiceJet,SG-5069,Hyderabad,Night,zero,Night,Delhi,Economy,2.08,15,6133
153931,SpiceJet,SG-390,Hyderabad,Night,zero,Night,Delhi,Economy,2.08,15,6133
153967,SpiceJet,SG-4003,Hyderabad,Morning,one,Evening,Delhi,Economy,6.42,15,6133
153968,SpiceJet,SG-3283,Hyderabad,Evening,one,Evening,Delhi,Economy,26.92,15,6133
154068,SpiceJet,SG-5069,Hyderabad,Night,zero,Night,Delhi,Economy,2.08,16,2877
154069,SpiceJet,SG-390,Hyderabad,Night,zero,Night,Delhi,Economy,2.08,16,2877
154078,SpiceJet,SG-4003,Hyderabad,Morning,one,Evening,Delhi,Economy,6.42,16,3775
154079,SpiceJet,SG-3283,Hyderabad,Evening,one,Evening,Delhi,Economy,26.92,16,3775
154127,SpiceJet,SG-5069,Hyderabad,Night,zero,Night,Delhi,Economy,2.08,17,2877
154128,SpiceJet,SG-390,Hyderabad,Night,zero,Night,Delhi,Economy,2.08,17,2877
154144,SpiceJet,SG-3283,Hyderabad,Evening,one,Evening,Delhi,Economy,26.83,17,3775
154148,SpiceJet,SG-4003,Hyderabad,Morning,one,Evening,Delhi,Economy,6.42,17,4245
154273,SpiceJet,SG-5069,Hyderabad,Night,zero,Night,Delhi,Economy,2.08,18,2877
154274,SpiceJet,SG-390,Hyderabad,Night,zero,Night,Delhi,Economy,2.08,18,2877
154286,SpiceJet,SG-4003,Hyderabad,Morning,one,Evening,Delhi,Economy,6.42,18,3775
154287,SpiceJet,SG-3283,Hyderabad,Evening,one,Evening,Delhi,Economy,26.92,18,3775
154410,SpiceJet,SG-390,Hyderabad,Night,zero,Night,Delhi,Economy,2.08,19,2877
154421,SpiceJet,SG-4003,Hyderabad,Morning,one,Evening,Delhi,Economy,6.42,19,3775
154422,SpiceJet,SG-3283,Hyderabad,Evening,one,Evening,Delhi,Economy,26.83,19,3775
154550,SpiceJet,SG-390,Hyderabad,Night,zero,Night,Delhi,Economy,2.08,20,2877
154563,SpiceJet,SG-4003,Hyderabad,Morning,one,Evening,Delhi,Economy,6.42,20,3775
154564,SpiceJet,SG-3283,Hyderabad,Evening,one,Evening,Delhi,Economy,26.92,20,3775
154686,SpiceJet,SG-390,Hyderabad,Night,zero,Night,Delhi,Economy,2.08,21,2877
154698,SpiceJet,SG-4003,Hyderabad,Morning,one,Evening,Delhi,Economy,6.42,21,3775
154699,SpiceJet,SG-3283,Hyderabad,Evening,one,Evening,Delhi,Economy,26.83,21,3775
154816,SpiceJet,SG-390,Hyderabad,Night,zero,Night,Delhi,Economy,2.08,22,2877
154833,SpiceJet,SG-4003,Hyderabad,Morning,one,Evening,Delhi,Economy,6.42,22,3775
154834,SpiceJet,SG-3283,Hyderabad,Evening,one,Evening,Delhi,Economy,26.92,22,3775
154950,SpiceJet,SG-390,Hyderabad,Night,zero,Night,Delhi,Economy,2.08,23,2877
154963,SpiceJet,SG-4003,Hyderabad,Morning,one,Evening,Delhi,Economy,6.42,23,3775
154964,SpiceJet,SG-3283,Hyderabad,Evening,one,Evening,Delhi,Economy,26.92,23,3775
155092,SpiceJet,SG-390,Hyderabad,Night,zero,Night,Delhi,Economy,2.08,24,2877
155104,SpiceJet,SG-4003,Hyderabad,Morning,one,Evening,Delhi,Economy,6.42,24,3775
155105,SpiceJet,SG-3283,Hyderabad,Evening,one,Evening,Delhi,Economy,26.83,24,3775
155237,SpiceJet,SG-390,Hyderabad,Night,zero,Night,Delhi,Economy,2.08,25,2877
155247,SpiceJet,SG-4003,Hyderabad,Morning,one,Evening,Delhi,Economy,6.42,25,3775
155248,SpiceJet,SG-3283,Hyderabad,Evening,one,Evening,Delhi,Economy,26.92,25,3775
155370,SpiceJet,SG-390,Hyderabad,Night,zero,Night,Delhi,Economy,2.08,26,2877
155384,SpiceJet,SG-4003,Hyderabad,Morning,one,Evening,Delhi,Economy,6.42,26,3775
155385,SpiceJet,SG-3283,Hyderabad,Evening,one,Evening,Delhi,Economy,26.83,26,3775
155510,SpiceJet,SG-390,Hyderabad,Night,zero,Night,Delhi,Economy,2.08,27,2877
155521,SpiceJet,SG-4003,Hyderabad,Morning,one,Evening,Delhi,Economy,6.42,27,3775
155522,SpiceJet,SG-3283,Hyderabad,Evening,one,Evening,Delhi,Economy,26.92,27,3775
155643,SpiceJet,SG-390,Hyderabad,Night,zero,Night,Delhi,Economy,2.08,28,2877
155658,SpiceJet,SG-4003,Hyderabad,Morning,one,Evening,Delhi,Economy,6.42,28,3775
155659,SpiceJet,SG-3283,Hyderabad,Evening,one,Evening,Delhi,Economy,26.83,28,3775
155775,SpiceJet,SG-390,Hyderabad,Night,zero,Night,Delhi,Economy,2.08,29,2877
155791,SpiceJet,SG-4003,Hyderabad,Morning,one,Evening,Delhi,Economy,6.42,29,3775
155792,SpiceJet,SG-3283,Hyderabad,Evening,one,Evening,Delhi,Economy,26.92,29,3775
155910,SpiceJet,SG-390,Hyderabad,Night,zero,Night,Delhi,Economy,2.08,30,2877
155927,SpiceJet,SG-4003,Hyderabad,Morning,one,Evening,Delhi,Economy,6.42,30,3775
155928,SpiceJet,SG-3283,Hyderabad,Evening,one,Evening,Delhi,Economy,26.92,30,3775
156044,SpiceJet,SG-390,Hyderabad,Night,zero,Night,Delhi,Economy,2.08,31,2276
156164,SpiceJet,SG-4003,Hyderabad,Morning,one,Evening,Delhi,Economy,6.42,31,8394
156165,SpiceJet,SG-3283,Hyderabad,Evening,one,Evening,Delhi,Economy,26.83,31,10121
156182,SpiceJet,SG-390,Hyderabad,Night,zero,Night,Delhi,Economy,2.08,32,2276
156295,SpiceJet,SG-4003,Hyderabad,Morning,one,Evening,Delhi,Economy,6.42,32,8394
156296,SpiceJet,SG-3283,Hyderabad,Evening,one,Evening,Delhi,Economy,26.92,32,10121
156315,SpiceJet,SG-390,Hyderabad,Night,zero,Night,Delhi,Economy,2.08,33,2276
156429,SpiceJet,SG-4003,Hyderabad,Morning,one,Evening,Delhi,Economy,6.42,33,8394
156430,SpiceJet,SG-3283,Hyderabad,Evening,one,Evening,Delhi,Economy,26.83,33,10121
156447,SpiceJet,SG-390,Hyderabad,Night,zero,Night,Delhi,Economy,2.08,34,2276
156560,SpiceJet,SG-4003,Hyderabad,Morning,one,Evening,Delhi,Economy,6.42,34,8394
156561,SpiceJet,SG-3283,Hyderabad,Evening,one,Evening,Delhi,Economy,26.92,34,10121
156577,SpiceJet,SG-390,Hyderabad,Night,zero,Night,Delhi,Economy,2.08,35,2276
156696,SpiceJet,SG-4003,Hyderabad,Morning,one,Evening,Delhi,Economy,6.42,35,8394
156697,SpiceJet,SG-3283,Hyderabad,Evening,one,Evening,Delhi,Economy,26.83,35,10121
156710,SpiceJet,SG-390,Hyderabad,Night,zero,Night,Delhi,Economy,2.08,36,2276
156824,SpiceJet,SG-4003,Hyderabad,Morning,one,Evening,Delhi,Economy,6.42,36,8394
156825,SpiceJet,SG-3283,Hyderabad,Evening,one,Evening,Delhi,Economy,26.92,36,10121
156840,SpiceJet,SG-390,Hyderabad,Night,zero,Night,Delhi,Economy,2.08,37,2276
156965,SpiceJet,SG-4003,Hyderabad,Morning,one,Evening,Delhi,Economy,6.42,37,8394
156966,SpiceJet,SG-3283,Hyderabad,Evening,one,Evening,Delhi,Economy,26.92,37,10121
156975,SpiceJet,SG-390,Hyderabad,Night,zero,Night,Delhi,Economy,2.08,38,2276
157099,SpiceJet,SG-4003,Hyderabad,Morning,one,Evening,Delhi,Economy,6.42,38,8394
157102,SpiceJet,SG-3283,Hyderabad,Evening,one,Evening,Delhi,Economy,26.83,38,10121
157120,SpiceJet,SG-390,Hyderabad,Night,zero,Night,Delhi,Economy,2.08,39,2276
157234,SpiceJet,SG-4003,Hyderabad,Morning,one,Evening,Delhi,Economy,6.42,39,8394
157235,SpiceJet,SG-3283,Hyderabad,Evening,one,Evening,Delhi,Economy,26.92,39,10121
157254,SpiceJet,SG-390,Hyderabad,Night,zero,Night,Delhi,Economy,2.08,40,2276
157369,SpiceJet,SG-4003,Hyderabad,Morning,one,Evening,Delhi,Economy,6.42,40,8394
157370,SpiceJet,SG-3283,Hyderabad,Evening,one,Evening,Delhi,Economy,26.83,40,10121
157389,SpiceJet,SG-390,Hyderabad,Night,zero,Night,Delhi,Economy,2.08,41,2276
157499,SpiceJet,SG-4003,Hyderabad,Morning,one,Evening,Delhi,Economy,6.42,41,8394
157500,SpiceJet,SG-3283,Hyderabad,Evening,one,Evening,Delhi,Economy,26.92,41,10121
157518,SpiceJet,SG-390,Hyderabad,Night,zero,Night,Delhi,Economy,2.08,42,2276
157634,SpiceJet,SG-4003,Hyderabad,Morning,one,Evening,Delhi,Economy,6.42,42,8394
157635,SpiceJet,SG-3283,Hyderabad,Evening,one,Evening,Delhi,Economy,26.83,42,10121
157645,SpiceJet,SG-390,Hyderabad,Night,zero,Night,Delhi,Economy,2.08,43,2276
157764,SpiceJet,SG-4003,Hyderabad,Morning,one,Evening,Delhi,Economy,6.42,43,8394
157765,SpiceJet,SG-3283,Hyderabad,Evening,one,Evening,Delhi,Economy,26.92,43,10121
157782,SpiceJet,SG-390,Hyderabad,Night,zero,Night,Delhi,Economy,2.08,44,2276
157891,SpiceJet,SG-4003,Hyderabad,Morning,one,Evening,Delhi,Economy,6.42,44,8394
157892,SpiceJet,SG-3283,Hyderabad,Evening,one,Evening,Delhi,Economy,26.33,44,10121
158040,SpiceJet,SG-3728,Hyderabad,Afternoon,one,Evening,Delhi,Economy,25.42,45,8394
158042,SpiceJet,SG-3283,Hyderabad,Evening,one,Evening,Delhi,Economy,26.33,45,10121
158176,SpiceJet,SG-3728,Hyderabad,Afternoon,one,Evening,Delhi,Economy,25.42,46,8394
158177,SpiceJet,SG-3283,Hyderabad,Evening,one,Evening,Delhi,Economy,26.33,46,10121
158308,SpiceJet,SG-3728,Hyderabad,Afternoon,one,Evening,Delhi,Economy,25.42,47,8394
158310,SpiceJet,SG-3283,Hyderabad,Evening,one,Evening,Delhi,Economy,26.33,47,10121
158444,SpiceJet,SG-3728,Hyderabad,Afternoon,one,Evening,Delhi,Economy,25.42,48,8394
158445,SpiceJet,SG-3283,Hyderabad,Evening,one,Evening,Delhi,Economy,26.33,48,10121
158574,SpiceJet,SG-3728,Hyderabad,Afternoon,one,Evening,Delhi,Economy,25.42,49,8394
158575,SpiceJet,SG-3283,Hyderabad,Evening,one,Evening,Delhi,Economy,26.33,49,10121
170732,SpiceJet,SG-3283,Hyderabad,Evening,one,Evening,Kolkata,Economy,25.08,1,10227
170737,SpiceJet,SG-3831,Hyderabad,Evening,one,Evening,Kolkata,Economy,3.42,1,14428
170755,SpiceJet,SG-3283,Hyderabad,Evening,one,Evening,Kolkata,Economy,25.08,2,5608
170768,SpiceJet,SG-517,Hyderabad,Evening,zero,Night,Kolkata,Economy,1.75,2,8548
170784,SpiceJet,SG-3831,Hyderabad,Evening,one,Evening,Kolkata,Economy,3.42,2,13272
170792,SpiceJet,SG-731,Hyderabad,Early_Morning,one,Night,Kolkata,Economy,13.5,2,15059
170815,SpiceJet,SG-3283,Hyderabad,Evening,one,Evening,Kolkata,Economy,25.0,3,5608
170831,SpiceJet,SG-517,Hyderabad,Evening,zero,Night,Kolkata,Economy,1.75,3,9072
170852,SpiceJet,SG-731,Hyderabad,Early_Morning,one,Night,Kolkata,Economy,13.5,3,12223
170853,SpiceJet,SG-3831,Hyderabad,Evening,one,Evening,Kolkata,Economy,3.42,3,12328
170903,SpiceJet,SG-3831,Hyderabad,Evening,one,Evening,Kolkata,Economy,3.42,4,5292
170904,SpiceJet,SG-3831,Hyderabad,Evening,one,Late_Night,Kolkata,Economy,8.33,4,5292
170911,SpiceJet,SG-3283,Hyderabad,Evening,one,Evening,Kolkata,Economy,25.08,4,5608
170987,SpiceJet,SG-5094,Hyderabad,Evening,zero,Night,Kolkata,Economy,1.75,5,5292
170988,SpiceJet,SG-517,Hyderabad,Evening,zero,Night,Kolkata,Economy,1.75,5,5292
170991,SpiceJet,SG-3831,Hyderabad,Evening,one,Evening,Kolkata,Economy,3.42,5,5292
170992,SpiceJet,SG-3831,Hyderabad,Evening,one,Late_Night,Kolkata,Economy,8.33,5,5292
170993,SpiceJet,SG-731,Hyderabad,Early_Morning,one,Night,Kolkata,Economy,13.5,5,5292
170999,SpiceJet,SG-3283,Hyderabad,Evening,one,Evening,Kolkata,Economy,25.0,5,5608
171089,SpiceJet,SG-3831,Hyderabad,Evening,one,Evening,Kolkata,Economy,3.42,6,5292
171090,SpiceJet,SG-3831,Hyderabad,Evening,one,Late_Night,Kolkata,Economy,8.33,6,5292
171106,SpiceJet,SG-3283,Hyderabad,Evening,one,Evening,Kolkata,Economy,25.08,6,5608
171183,SpiceJet,SG-5094,Hyderabad,Evening,zero,Night,Kolkata,Economy,1.75,7,5292
171184,SpiceJet,SG-517,Hyderabad,Evening,zero,Night,Kolkata,Economy,1.75,7,5292
171187,SpiceJet,SG-3831,Hyderabad,Evening,one,Evening,Kolkata,Economy,3.42,7,5292
171188,SpiceJet,SG-3831,Hyderabad,Evening,one,Late_Night,Kolkata,Economy,8.33,7,5292
171190,SpiceJet,SG-731,Hyderabad,Early_Morning,one,Night,Kolkata,Economy,13.5,7,5292
171203,SpiceJet,SG-3283,Hyderabad,Evening,one,Evening,Kolkata,Economy,25.0,7,5608
171287,SpiceJet,SG-3831,Hyderabad,Evening,one,Evening,Kolkata,Economy,3.42,8,5292
171288,SpiceJet,SG-3831,Hyderabad,Evening,one,Late_Night,Kolkata,Economy,8.33,8,5292
171301,SpiceJet,SG-3283,Hyderabad,Evening,one,Evening,Kolkata,Economy,25.08,8,5398
171387,SpiceJet,SG-5094,Hyderabad,Evening,zero,Night,Kolkata,Economy,1.75,9,5292
171388,SpiceJet,SG-517,Hyderabad,Evening,zero,Night,Kolkata,Economy,1.75,9,5292
171389,SpiceJet,SG-3831,Hyderabad,Evening,one,Evening,Kolkata,Economy,3.42,9,5292
171390,SpiceJet,SG-3831,Hyderabad,Evening,one,Late_Night,Kolkata,Economy,8.33,9,5292
171392,SpiceJet,SG-731,Hyderabad,Early_Morning,one,Night,Kolkata,Economy,13.5,9,5292
171403,SpiceJet,SG-3283,Hyderabad,Evening,one,Evening,Kolkata,Economy,25.08,9,5398
171481,SpiceJet,SG-5094,Hyderabad,Evening,zero,Night,Kolkata,Economy,1.75,10,5292
171482,SpiceJet,SG-517,Hyderabad,Evening,zero,Night,Kolkata,Economy,1.75,10,5292
171484,SpiceJet,SG-3831,Hyderabad,Evening,one,Evening,Kolkata,Economy,3.42,10,5292
171485,SpiceJet,SG-3831,Hyderabad,Evening,one,Late_Night,Kolkata,Economy,8.33,10,5292
171487,SpiceJet,SG-731,Hyderabad,Early_Morning,one,Night,Kolkata,Economy,13.5,10,5292
171498,SpiceJet,SG-3283,Hyderabad,Evening,one,Evening,Kolkata,Economy,25.0,10,5398
171614,SpiceJet,SG-3831,Hyderabad,Evening,one,Evening,Kolkata,Economy,3.42,11,5292
171616,SpiceJet,SG-3831,Hyderabad,Evening,one,Late_Night,Kolkata,Economy,8.33,11,5292
171635,SpiceJet,SG-3283,Hyderabad,Evening,one,Evening,Kolkata,Economy,25.08,11,5398
171726,SpiceJet,SG-5094,Hyderabad,Evening,zero,Night,Kolkata,Economy,1.75,12,5292
171727,SpiceJet,SG-517,Hyderabad,Evening,zero,Night,Kolkata,Economy,1.75,12,5292
171740,SpiceJet,SG-3831,Hyderabad,Evening,one,Evening,Kolkata,Economy,3.42,12,5292
171742,SpiceJet,SG-3831,Hyderabad,Evening,one,Late_Night,Kolkata,Economy,8.33,12,5292
171746,SpiceJet,SG-731,Hyderabad,Early_Morning,one,Night,Kolkata,Economy,13.5,12,5292
171771,SpiceJet,SG-3283,Hyderabad,Evening,one,Evening,Kolkata,Economy,25.0,12,5398
171858,SpiceJet,SG-3831,Hyderabad,Evening,one,Evening,Kolkata,Economy,3.42,13,5292
171860,SpiceJet,SG-3831,Hyderabad,Evening,one,Late_Night,Kolkata,Economy,8.33,13,5292
171881,SpiceJet,SG-3283,Hyderabad,Evening,one,Evening,Kolkata,Economy,25.08,13,5398
171965,SpiceJet,SG-5094,Hyderabad,Evening,zero,Night,Kolkata,Economy,1.75,14,5292
171966,SpiceJet,SG-517,Hyderabad,Evening,zero,Night,Kolkata,Economy,1.75,14,5292
171979,SpiceJet,SG-3831,Hyderabad,Evening,one,Evening,Kolkata,Economy,3.42,14,5292
171981,SpiceJet,SG-3831,Hyderabad,Evening,one,Late_Night,Kolkata,Economy,8.33,14,5292
171985,SpiceJet,SG-731,Hyderabad,Early_Morning,one,Night,Kolkata,Economy,13.5,14,5292
172007,SpiceJet,SG-3283,Hyderabad,Evening,one,Evening,Kolkata,Economy,25.0,14,5398
172099,SpiceJet,SG-3831,Hyderabad,Evening,one,Evening,Kolkata,Economy,3.42,15,5292
172101,SpiceJet,SG-3831,Hyderabad,Evening,one,Late_Night,Kolkata,Economy,8.33,15,5292
172127,SpiceJet,SG-3283,Hyderabad,Evening,one,Evening,Kolkata,Economy,25.08,15,5398
172209,SpiceJet,SG-5094,Hyderabad,Evening,zero,Night,Kolkata,Economy,1.75,16,5292
172210,SpiceJet,SG-517,Hyderabad,Evening,zero,Night,Kolkata,Economy,1.75,16,5292
172211,SpiceJet,SG-3831,Hyderabad,Evening,one,Evening,Kolkata,Economy,3.42,16,5292
172265,SpiceJet,SG-3831,Hyderabad,Evening,one,Late_Night,Kolkata,Economy,8.33,16,6799
172268,SpiceJet,SG-731,Hyderabad,Early_Morning,one,Night,Kolkata,Economy,13.5,16,7381
172290,SpiceJet,SG-3283,Hyderabad,Evening,one,Evening,Kolkata,Economy,25.08,16,8757
172344,SpiceJet,SG-5094,Hyderabad,Evening,zero,Night,Kolkata,Economy,1.75,17,5292
172345,SpiceJet,SG-517,Hyderabad,Evening,zero,Night,Kolkata,Economy,1.75,17,5292
172346,SpiceJet,SG-3831,Hyderabad,Evening,one,Evening,Kolkata,Economy,3.42,17,5292
172412,SpiceJet,SG-3831,Hyderabad,Evening,one,Late_Night,Kolkata,Economy,8.33,17,6799
172413,SpiceJet,SG-731,Hyderabad,Early_Morning,one,Night,Kolkata,Economy,13.5,17,7381
172436,SpiceJet,SG-3283,Hyderabad,Evening,one,Evening,Kolkata,Economy,25.0,17,8757
172469,SpiceJet,SG-3831,Hyderabad,Evening,one,Evening,Kolkata,Economy,3.42,18,5292
172538,SpiceJet,SG-3831,Hyderabad,Evening,one,Late_Night,Kolkata,Economy,8.33,18,6799
172555,SpiceJet,SG-3283,Hyderabad,Evening,one,Evening,Kolkata,Economy,25.08,18,8757
172593,SpiceJet,SG-3831,Hyderabad,Evening,one,Evening,Kolkata,Economy,3.42,19,5292
172669,SpiceJet,SG-3831,Hyderabad,Evening,one,Late_Night,Kolkata,Economy,8.33,19,6799
172670,SpiceJet,SG-731,Hyderabad,Early_Morning,one,Night,Kolkata,Economy,13.5,19,7381
172687,SpiceJet,SG-3283,Hyderabad,Evening,one,Evening,Kolkata,Economy,25.0,19,8757
172719,SpiceJet,SG-3831,Hyderabad,Evening,one,Evening,Kolkata,Economy,3.42,20,5292
172788,SpiceJet,SG-3831,Hyderabad,Evening,one,Late_Night,Kolkata,Economy,8.33,20,6799
172803,SpiceJet,SG-3283,Hyderabad,Evening,one,Evening,Kolkata,Economy,25.08,20,8757
172844,SpiceJet,SG-3831,Hyderabad,Evening,one,Evening,Kolkata,Economy,3.42,21,5292
172908,SpiceJet,SG-3831,Hyderabad,Evening,one,Late_Night,Kolkata,Economy,8.33,21,6799
172909,SpiceJet,SG-731,Hyderabad,Early_Morning,one,Night,Kolkata,Economy,13.5,21,7381
172921,SpiceJet,SG-3283,Hyderabad,Evening,one,Evening,Kolkata,Economy,25.0,21,8757
172951,SpiceJet,SG-3831,Hyderabad,Evening,one,Evening,Kolkata,Economy,3.42,22,5292
173017,SpiceJet,SG-3831,Hyderabad,Evening,one,Late_Night,Kolkata,Economy,8.33,22,6799
173036,SpiceJet,SG-3283,Hyderabad,Evening,one,Evening,Kolkata,Economy,25.08,22,8757
173068,SpiceJet,SG-3831,Hyderabad,Evening,one,Evening,Kolkata,Economy,3.42,23,5292
173145,SpiceJet,SG-3831,Hyderabad,Evening,one,Late_Night,Kolkata,Economy,8.33,23,6799
173146,SpiceJet,SG-731,Hyderabad,Early_Morning,one,Night,Kolkata,Economy,13.5,23,7381
173161,SpiceJet,SG-3283,Hyderabad,Evening,one,Evening,Kolkata,Economy,25.08,23,8757
173201,SpiceJet,SG-3831,Hyderabad,Evening,one,Evening,Kolkata,Economy,3.42,24,5292
173280,SpiceJet,SG-3831,Hyderabad,Evening,one,Late_Night,Kolkata,Economy,8.33,24,6799
173281,SpiceJet,SG-731,Hyderabad,Early_Morning,one,Night,Kolkata,Economy,13.5,24,7381
173295,SpiceJet,SG-3283,Hyderabad,Evening,one,Evening,Kolkata,Economy,25.0,24,8757
173342,SpiceJet,SG-3831,Hyderabad,Evening,one,Evening,Kolkata,Economy,3.42,25,5292
173406,SpiceJet,SG-3831,Hyderabad,Evening,one,Late_Night,Kolkata,Economy,8.33,25,6799
173421,SpiceJet,SG-3283,Hyderabad,Evening,one,Evening,Kolkata,Economy,25.08,25,8757
173466,SpiceJet,SG-3831,Hyderabad,Evening,one,Evening,Kolkata,Economy,3.42,26,5292
173538,SpiceJet,SG-3831,Hyderabad,Evening,one,Late_Night,Kolkata,Economy,8.33,26,6799
173539,SpiceJet,SG-731,Hyderabad,Early_Morning,one,Night,Kolkata,Economy,13.5,26,7381
173551,SpiceJet,SG-3283,Hyderabad,Evening,one,Evening,Kolkata,Economy,25.0,26,8757
173589,SpiceJet,SG-3831,Hyderabad,Evening,one,Evening,Kolkata,Economy,3.42,27,5292
173659,SpiceJet,SG-3831,Hyderabad,Evening,one,Late_Night,Kolkata,Economy,8.33,27,6799
173672,SpiceJet,SG-3283,Hyderabad,Evening,one,Evening,Kolkata,Economy,25.08,27,8757
173710,SpiceJet,SG-3831,Hyderabad,Evening,one,Evening,Kolkata,Economy,3.42,28,5292
173784,SpiceJet,SG-3831,Hyderabad,Evening,one,Late_Night,Kolkata,Economy,8.33,28,6799
173785,SpiceJet,SG-731,Hyderabad,Early_Morning,one,Night,Kolkata,Economy,13.5,28,7381
173801,SpiceJet,SG-3283,Hyderabad,Evening,one,Evening,Kolkata,Economy,25.0,28,8757
173833,SpiceJet,SG-3831,Hyderabad,Evening,one,Evening,Kolkata,Economy,3.42,29,5292
173898,SpiceJet,SG-3831,Hyderabad,Evening,one,Late_Night,Kolkata,Economy,8.33,29,6799
173915,SpiceJet,SG-3283,Hyderabad,Evening,one,Evening,Kolkata,Economy,25.08,29,8757
173956,SpiceJet,SG-3831,Hyderabad,Evening,one,Evening,Kolkata,Economy,3.42,30,5292
174027,SpiceJet,SG-3831,Hyderabad,Evening,one,Late_Night,Kolkata,Economy,8.33,30,6799
174028,SpiceJet,SG-731,Hyderabad,Early_Morning,one,Night,Kolkata,Economy,13.5,30,7381
174048,SpiceJet,SG-3283,Hyderabad,Evening,one,Evening,Kolkata,Economy,25.08,30,8757
174164,SpiceJet,SG-731,Hyderabad,Early_Morning,one,Night,Kolkata,Economy,13.5,31,6390
174165,SpiceJet,SG-3831,Hyderabad,Evening,one,Late_Night,Kolkata,Economy,8.33,31,6595
174184,SpiceJet,SG-3283,Hyderabad,Evening,one,Evening,Kolkata,Economy,25.0,31,8757
174286,SpiceJet,SG-3831,Hyderabad,Evening,one,Late_Night,Kolkata,Economy,8.33,32,6595
174304,SpiceJet,SG-3283,Hyderabad,Evening,one,Evening,Kolkata,Economy,25.08,32,8757
174410,SpiceJet,SG-731,Hyderabad,Early_Morning,one,Night,Kolkata,Economy,13.5,33,6390
174412,SpiceJet,SG-3831,Hyderabad,Evening,one,Late_Night,Kolkata,Economy,8.33,33,6595
174427,SpiceJet,SG-3283,Hyderabad,Evening,one,Evening,Kolkata,Economy,25.0,33,8757
174488,SpiceJet,SG-3831,Hyderabad,Evening,one,Late_Night,Kolkata,Economy,8.33,34,6595
174492,SpiceJet,SG-3283,Hyderabad,Evening,one,Evening,Kolkata,Economy,25.08,34,8757
174579,SpiceJet,SG-3831,Hyderabad,Evening,one,Late_Night,Kolkata,Economy,8.33,35,6595
174580,SpiceJet,SG-731,Hyderabad,Early_Morning,one,Night,Kolkata,Economy,13.5,35,7020
174607,SpiceJet,SG-3283,Hyderabad,Evening,one,Evening,Kolkata,Economy,25.0,35,8757
174697,SpiceJet,SG-3831,Hyderabad,Evening,one,Late_Night,Kolkata,Economy,8.33,36,6595
174723,SpiceJet,SG-3283,Hyderabad,Evening,one,Evening,Kolkata,Economy,25.08,36,8757
174812,SpiceJet,SG-731,Hyderabad,Early_Morning,one,Night,Kolkata,Economy,13.5,37,6390
174832,SpiceJet,SG-3831,Hyderabad,Evening,one,Late_Night,Kolkata,Economy,8.33,37,6595
174854,SpiceJet,SG-3283,Hyderabad,Evening,one,Evening,Kolkata,Economy,25.08,37,8757
174950,SpiceJet,SG-731,Hyderabad,Early_Morning,one,Night,Kolkata,Economy,13.5,38,6390
174962,SpiceJet,SG-3831,Hyderabad,Evening,one,Late_Night,Kolkata,Economy,8.33,38,6595
174986,SpiceJet,SG-3283,Hyderabad,Evening,one,Evening,Kolkata,Economy,25.0,38,8757
175097,SpiceJet,SG-3831,Hyderabad,Evening,one,Late_Night,Kolkata,Economy,8.33,39,6595
175113,SpiceJet,SG-3283,Hyderabad,Evening,one,Evening,Kolkata,Economy,25.08,39,8757
175226,SpiceJet,SG-731,Hyderabad,Early_Morning,one,Night,Kolkata,Economy,13.5,40,6390
175231,SpiceJet,SG-3831,Hyderabad,Evening,one,Late_Night,Kolkata,Economy,8.33,40,6595
175245,SpiceJet,SG-3283,Hyderabad,Evening,one,Evening,Kolkata,Economy,25.0,40,8757
175349,SpiceJet,SG-3831,Hyderabad,Evening,one,Late_Night,Kolkata,Economy,8.33,41,6595
175363,SpiceJet,SG-3283,Hyderabad,Evening,one,Evening,Kolkata,Economy,25.08,41,8757
175474,SpiceJet,SG-731,Hyderabad,Early_Morning,one,Night,Kolkata,Economy,13.5,42,6390
175477,SpiceJet,SG-3831,Hyderabad,Evening,one,Late_Night,Kolkata,Economy,8.33,42,6595
175491,SpiceJet,SG-3283,Hyderabad,Evening,one,Evening,Kolkata,Economy,25.0,42,8757
175584,SpiceJet,SG-3831,Hyderabad,Evening,one,Late_Night,Kolkata,Economy,8.33,43,6595
175606,SpiceJet,SG-3283,Hyderabad,Evening,one,Evening,Kolkata,Economy,25.08,43,8757
175709,SpiceJet,SG-731,Hyderabad,Early_Morning,one,Night,Kolkata,Economy,13.5,44,6390
175727,SpiceJet,SG-3831,Hyderabad,Evening,one,Late_Night,Kolkata,Economy,8.33,44,6595
175741,SpiceJet,SG-3283,Hyderabad,Evening,one,Evening,Kolkata,Economy,24.25,44,8757
175849,SpiceJet,SG-3239,Hyderabad,Early_Morning,one,Night,Kolkata,Economy,16.0,45,6595
175861,SpiceJet,SG-3283,Hyderabad,Evening,one,Evening,Kolkata,Economy,24.25,45,8757
175970,SpiceJet,SG-3239,Hyderabad,Early_Morning,one,Night,Kolkata,Economy,16.0,46,6595
175984,SpiceJet,SG-3283,Hyderabad,Evening,one,Evening,Kolkata,Economy,24.25,46,8757
176085,SpiceJet,SG-3239,Hyderabad,Early_Morning,one,Night,Kolkata,Economy,16.0,47,6595
176097,SpiceJet,SG-3283,Hyderabad,Evening,one,Evening,Kolkata,Economy,24.25,47,8757
176202,SpiceJet,SG-3239,Hyderabad,Early_Morning,one,Night,Kolkata,Economy,16.0,48,6595
176217,SpiceJet,SG-3283,Hyderabad,Evening,one,Evening,Kolkata,Economy,24.25,48,8757
176321,SpiceJet,SG-3239,Hyderabad,Early_Morning,one,Night,Kolkata,Economy,16.0,49,6595
176333,SpiceJet,SG-3283,Hyderabad,Evening,one,Evening,Kolkata,Economy,24.25,49,8757
176428,SpiceJet,SG-732,Hyderabad,Afternoon,zero,Afternoon,Chennai,Economy,1.25,3,10962
176701,SpiceJet,SG-6018,Hyderabad,Afternoon,zero,Afternoon,Chennai,Economy,1.25,7,4453
176702,SpiceJet,SG-732,Hyderabad,Afternoon,zero,Afternoon,Chennai,Economy,1.25,7,4453
176964,SpiceJet,SG-732,Hyderabad,Afternoon,zero,Afternoon,Chennai,Economy,1.25,10,4453
177215,SpiceJet,SG-732,Hyderabad,Afternoon,zero,Afternoon,Chennai,Economy,1.25,14,4453
177219,SpiceJet,SG-6018,Hyderabad,Afternoon,zero,Afternoon,Chennai,Economy,1.25,14,4453
177483,SpiceJet,SG-6018,Hyderabad,Afternoon,zero,Afternoon,Chennai,Economy,1.25,17,2247
177484,SpiceJet,SG-732,Hyderabad,Afternoon,zero,Afternoon,Chennai,Economy,1.25,17,2247
177871,SpiceJet,SG-732,Hyderabad,Afternoon,zero,Afternoon,Chennai,Economy,1.25,21,2247
178145,SpiceJet,SG-732,Hyderabad,Afternoon,zero,Afternoon,Chennai,Economy,1.25,24,2247
178522,SpiceJet,SG-732,Hyderabad,Afternoon,zero,Afternoon,Chennai,Economy,1.25,28,2247
178808,SpiceJet,SG-732,Hyderabad,Afternoon,zero,Afternoon,Chennai,Economy,1.25,31,1566
179163,SpiceJet,SG-732,Hyderabad,Afternoon,zero,Afternoon,Chennai,Economy,1.25,35,1566
179444,SpiceJet,SG-732,Hyderabad,Afternoon,zero,Afternoon,Chennai,Economy,1.25,38,1566
179833,SpiceJet,SG-732,Hyderabad,Afternoon,zero,Afternoon,Chennai,Economy,1.25,42,1566
180498,SpiceJet,SG-612,Chennai,Night,one,Morning,Delhi,Economy,11.75,2,7352
180499,SpiceJet,SG-612,Chennai,Night,one,Afternoon,Delhi,Economy,14.83,2,7352
180500,SpiceJet,SG-612,Chennai,Night,one,Night,Delhi,Economy,24.0,2,7352
180501,SpiceJet,SG-4010,Chennai,Morning,one,Morning,Delhi,Economy,24.33,2,7352
180502,SpiceJet,SG-612,Chennai,Night,one,Night,Delhi,Economy,25.92,2,7352
180503,SpiceJet,SG-4010,Chennai,Morning,one,Late_Night,Delhi,Economy,16.25,2,7457
180526,SpiceJet,SG-520,Chennai,Afternoon,one,Night,Delhi,Economy,7.0,2,14178
180527,SpiceJet,SG-520,Chennai,Afternoon,one,Late_Night,Delhi,Economy,9.83,2,14178
180529,SpiceJet,SG-678,Chennai,Early_Morning,one,Night,Delhi,Economy,15.42,2,14460
180530,SpiceJet,SG-678,Chennai,Early_Morning,one,Night,Delhi,Economy,17.33,2,14460
180531,SpiceJet,SG-678,Chennai,Early_Morning,one,Morning,Delhi,Economy,27.17,2,14460
180535,SpiceJet,SG-678,Chennai,Early_Morning,one,Afternoon,Delhi,Economy,6.25,2,15929
180541,SpiceJet,SG-520,Chennai,Afternoon,one,Evening,Delhi,Economy,26.58,2,20058
180557,SpiceJet,SG-8108,Chennai,Night,zero,Late_Night,Delhi,Economy,2.75,3,7352
180558,SpiceJet,SG-612,Chennai,Night,one,Morning,Delhi,Economy,11.75,3,7352
180559,SpiceJet,SG-612,Chennai,Night,one,Afternoon,Delhi,Economy,14.67,3,7352
180560,SpiceJet,SG-4010,Chennai,Morning,one,Late_Night,Delhi,Economy,16.25,3,7352
180561,SpiceJet,SG-612,Chennai,Night,one,Night,Delhi,Economy,24.0,3,7352
180562,SpiceJet,SG-4010,Chennai,Morning,one,Morning,Delhi,Economy,24.33,3,7352
180563,SpiceJet,SG-612,Chennai,Night,one,Night,Delhi,Economy,25.92,3,7352
180570,SpiceJet,SG-329,Chennai,Afternoon,one,Evening,Delhi,Economy,26.42,3,7457
180579,SpiceJet,SG-8104,Chennai,Early_Morning,zero,Morning,Delhi,Economy,2.67,3,9661
180586,SpiceJet,SG-731,Chennai,Early_Morning,one,Night,Delhi,Economy,17.5,3,11133
180597,SpiceJet,SG-678,Chennai,Early_Morning,one,Afternoon,Delhi,Economy,6.25,3,11836
180598,SpiceJet,SG-678,Chennai,Early_Morning,one,Night,Delhi,Economy,15.42,3,11836
180599,SpiceJet,SG-678,Chennai,Early_Morning,one,Night,Delhi,Economy,17.33,3,11836
180600,SpiceJet,SG-678,Chennai,Early_Morning,one,Morning,Delhi,Economy,27.17,3,11836
180637,SpiceJet,SG-8108,Chennai,Night,zero,Late_Night,Delhi,Economy,2.75,4,7352
180639,SpiceJet,SG-8104,Chennai,Early_Morning,zero,Morning,Delhi,Economy,2.67,4,7352
180645,SpiceJet,SG-612,Chennai,Night,one,Morning,Delhi,Economy,11.75,4,7352
180646,SpiceJet,SG-4010,Chennai,Morning,one,Night,Delhi,Economy,13.5,4,7352
180647,SpiceJet,SG-612,Chennai,Night,one,Afternoon,Delhi,Economy,14.83,4,7352
180648,SpiceJet,SG-4010,Chennai,Morning,one,Late_Night,Delhi,Economy,16.25,4,7352
180649,SpiceJet,SG-612,Chennai,Night,one,Night,Delhi,Economy,24.0,4,7352
180650,SpiceJet,SG-4010,Chennai,Morning,one,Morning,Delhi,Economy,24.33,4,7352
180651,SpiceJet,SG-612,Chennai,Night,one,Night,Delhi,Economy,25.92,4,7352
180710,SpiceJet,SG-678,Chennai,Early_Morning,one,Afternoon,Delhi,Economy,6.08,4,14040
180711,SpiceJet,SG-678,Chennai,Early_Morning,one,Night,Delhi,Economy,15.42,4,14040
180712,SpiceJet,SG-678,Chennai,Early_Morning,one,Night,Delhi,Economy,17.33,4,14040
180713,SpiceJet,SG-678,Chennai,Early_Morning,one,Morning,Delhi,Economy,27.17,4,14040
180731,SpiceJet,SG-8108,Chennai,Night,zero,Late_Night,Delhi,Economy,2.75,5,7352
180732,SpiceJet,SG-1057,Chennai,Night,zero,Late_Night,Delhi,Economy,2.75,5,7352
180740,SpiceJet,SG-678,Chennai,Early_Morning,one,Afternoon,Delhi,Economy,6.25,5,7352
180741,SpiceJet,SG-612,Chennai,Night,one,Morning,Delhi,Economy,11.75,5,7352
180742,SpiceJet,SG-678,Chennai,Early_Morning,one,Night,Delhi,Economy,15.42,5,7352
180743,SpiceJet,SG-4010,Chennai,Morning,one,Late_Night,Delhi,Economy,16.25,5,7352
180744,SpiceJet,SG-678,Chennai,Early_Morning,one,Night,Delhi,Economy,17.33,5,7352
180745,SpiceJet,SG-731,Chennai,Early_Morning,one,Night,Delhi,Economy,17.5,5,7352
180746,SpiceJet,SG-612,Chennai,Night,one,Night,Delhi,Economy,24.0,5,7352
180747,SpiceJet,SG-4010,Chennai,Morning,one,Morning,Delhi,Economy,24.33,5,7352
180748,SpiceJet,SG-612,Chennai,Night,one,Night,Delhi,Economy,25.92,5,7352
180749,SpiceJet,SG-329,Chennai,Afternoon,one,Evening,Delhi,Economy,26.42,5,7352
180750,SpiceJet,SG-678,Chennai,Early_Morning,one,Morning,Delhi,Economy,27.17,5,7352
180817,SpiceJet,SG-612,Chennai,Night,one,Afternoon,Delhi,Economy,14.67,5,12149
180821,SpiceJet,SG-520,Chennai,Afternoon,one,Late_Night,Delhi,Economy,9.83,5,13338
180825,SpiceJet,SG-520,Chennai,Afternoon,one,Evening,Delhi,Economy,26.58,5,14282
180827,SpiceJet,SG-520,Chennai,Afternoon,one,Night,Delhi,Economy,7.0,5,14808
180841,SpiceJet,SG-8108,Chennai,Night,zero,Late_Night,Delhi,Economy,2.75,6,7352
180842,SpiceJet,SG-1057,Chennai,Night,zero,Late_Night,Delhi,Economy,2.75,6,7352
180845,SpiceJet,SG-8104,Chennai,Early_Morning,zero,Morning,Delhi,Economy,2.67,6,7352
180848,SpiceJet,SG-612,Chennai,Night,one,Morning,Delhi,Economy,11.75,6,7352
180849,SpiceJet,SG-4010,Chennai,Morning,one,Night,Delhi,Economy,13.5,6,7352
180850,SpiceJet,SG-612,Chennai,Night,one,Afternoon,Delhi,Economy,14.83,6,7352
180851,SpiceJet,SG-678,Chennai,Early_Morning,one,Night,Delhi,Economy,15.42,6,7352
180852,SpiceJet,SG-4010,Chennai,Morning,one,Late_Night,Delhi,Economy,16.25,6,7352
180853,SpiceJet,SG-678,Chennai,Early_Morning,one,Night,Delhi,Economy,17.33,6,7352
180854,SpiceJet,SG-612,Chennai,Night,one,Night,Delhi,Economy,24.0,6,7352
180855,SpiceJet,SG-4010,Chennai,Morning,one,Morning,Delhi,Economy,24.33,6,7352
180856,SpiceJet,SG-612,Chennai,Night,one,Night,Delhi,Economy,25.92,6,7352
180857,SpiceJet,SG-329,Chennai,Afternoon,one,Evening,Delhi,Economy,26.42,6,7352
180858,SpiceJet,SG-678,Chennai,Early_Morning,one,Morning,Delhi,Economy,27.17,6,7352
180940,SpiceJet,SG-678,Chennai,Early_Morning,one,Afternoon,Delhi,Economy,6.08,6,12149
180962,SpiceJet,SG-8108,Chennai,Night,zero,Late_Night,Delhi,Economy,2.75,7,7352
180963,SpiceJet,SG-1057,Chennai,Night,zero,Late_Night,Delhi,Economy,2.75,7,7352
180966,SpiceJet,SG-8104,Chennai,Early_Morning,zero,Morning,Delhi,Economy,2.67,7,7352
180968,SpiceJet,SG-678,Chennai,Early_Morning,one,Afternoon,Delhi,Economy,6.25,7,7352
180969,SpiceJet,SG-612,Chennai,Night,one,Morning,Delhi,Economy,11.75,7,7352
180970,SpiceJet,SG-612,Chennai,Night,one,Afternoon,Delhi,Economy,14.67,7,7352
180971,SpiceJet,SG-678,Chennai,Early_Morning,one,Night,Delhi,Economy,15.42,7,7352
180972,SpiceJet,SG-4010,Chennai,Morning,one,Late_Night,Delhi,Economy,16.25,7,7352
180973,SpiceJet,SG-678,Chennai,Early_Morning,one,Night,Delhi,Economy,17.33,7,7352
180974,SpiceJet,SG-731,Chennai,Early_Morning,one,Night,Delhi,Economy,17.5,7,7352
180975,SpiceJet,SG-612,Chennai,Night,one,Night,Delhi,Economy,24.0,7,7352
180976,SpiceJet,SG-4010,Chennai,Morning,one,Morning,Delhi,Economy,24.33,7,7352
180977,SpiceJet,SG-612,Chennai,Night,one,Night,Delhi,Economy,25.92,7,7352
180978,SpiceJet,SG-329,Chennai,Afternoon,one,Evening,Delhi,Economy,26.42,7,7352
180979,SpiceJet,SG-678,Chennai,Early_Morning,one,Morning,Delhi,Economy,27.17,7,7352
181066,SpiceJet,SG-520,Chennai,Afternoon,one,Late_Night,Delhi,Economy,9.83,7,13338
181069,SpiceJet,SG-520,Chennai,Afternoon,one,Evening,Delhi,Economy,26.58,7,13968
181070,SpiceJet,SG-520,Chennai,Afternoon,one,Night,Delhi,Economy,7.0,7,14388
181084,SpiceJet,SG-8104,Chennai,Early_Morning,zero,Morning,Delhi,Economy,2.67,8,7352
181085,SpiceJet,SG-8108,Chennai,Night,zero,Late_Night,Delhi,Economy,2.75,8,7352
181086,SpiceJet,SG-1057,Chennai,Night,zero,Late_Night,Delhi,Economy,2.75,8,7352
181094,SpiceJet,SG-678,Chennai,Early_Morning,one,Afternoon,Delhi,Economy,6.08,8,7352
181095,SpiceJet,SG-612,Chennai,Night,one,Morning,Delhi,Economy,11.75,8,7352
181096,SpiceJet,SG-4010,Chennai,Morning,one,Night,Delhi,Economy,13.5,8,7352
181097,SpiceJet,SG-612,Chennai,Night,one,Afternoon,Delhi,Economy,14.83,8,7352
181098,SpiceJet,SG-678,Chennai,Early_Morning,one,Night,Delhi,Economy,15.42,8,7352
181099,SpiceJet,SG-4010,Chennai,Morning,one,Late_Night,Delhi,Economy,16.25,8,7352
181100,SpiceJet,SG-678,Chennai,Early_Morning,one,Night,Delhi,Economy,17.33,8,7352
181101,SpiceJet,SG-612,Chennai,Night,one,Night,Delhi,Economy,24.0,8,7352
181102,SpiceJet,SG-4010,Chennai,Morning,one,Morning,Delhi,Economy,24.33,8,7352
181103,SpiceJet,SG-612,Chennai,Night,one,Night,Delhi,Economy,25.92,8,7352
181104,SpiceJet,SG-329,Chennai,Afternoon,one,Evening,Delhi,Economy,26.42,8,7352
181105,SpiceJet,SG-678,Chennai,Early_Morning,one,Morning,Delhi,Economy,27.17,8,7352
181194,SpiceJet,SG-8108,Chennai,Night,zero,Late_Night,Delhi,Economy,2.75,9,7352
181195,SpiceJet,SG-1057,Chennai,Night,zero,Late_Night,Delhi,Economy,2.75,9,7352
181198,SpiceJet,SG-678,Chennai,Early_Morning,one,Afternoon,Delhi,Economy,6.25,9,7352
181199,SpiceJet,SG-612,Chennai,Night,one,Morning,Delhi,Economy,11.75,9,7352
181200,SpiceJet,SG-612,Chennai,Night,one,Afternoon,Delhi,Economy,14.83,9,7352
181201,SpiceJet,SG-678,Chennai,Early_Morning,one,Night,Delhi,Economy,15.42,9,7352
181202,SpiceJet,SG-4010,Chennai,Morning,one,Late_Night,Delhi,Economy,16.25,9,7352
181203,SpiceJet,SG-678,Chennai,Early_Morning,one,Night,Delhi,Economy,17.33,9,7352
181204,SpiceJet,SG-731,Chennai,Early_Morning,one,Night,Delhi,Economy,17.5,9,7352
181205,SpiceJet,SG-612,Chennai,Night,one,Night,Delhi,Economy,24.0,9,7352
181206,SpiceJet,SG-4010,Chennai,Morning,one,Morning,Delhi,Economy,24.33,9,7352
181207,SpiceJet,SG-612,Chennai,Night,one,Night,Delhi,Economy,25.92,9,7352
181208,SpiceJet,SG-678,Chennai,Early_Morning,one,Morning,Delhi,Economy,27.17,9,7352
181244,SpiceJet,SG-329,Chennai,Afternoon,one,Evening,Delhi,Economy,26.42,9,9870
181288,SpiceJet,SG-520,Chennai,Afternoon,one,Late_Night,Delhi,Economy,9.83,9,13442
181292,SpiceJet,SG-8104,Chennai,Early_Morning,zero,Morning,Delhi,Economy,2.67,9,13231
181295,SpiceJet,SG-520,Chennai,Afternoon,one,Night,Delhi,Economy,7.0,9,14388
181314,SpiceJet,SG-520,Chennai,Afternoon,one,Evening,Delhi,Economy,26.58,9,17958
181318,SpiceJet,SG-8104,Chennai,Early_Morning,zero,Morning,Delhi,Economy,2.67,10,7352
181319,SpiceJet,SG-8108,Chennai,Night,zero,Late_Night,Delhi,Economy,2.75,10,7352
181320,SpiceJet,SG-1057,Chennai,Night,zero,Late_Night,Delhi,Economy,2.75,10,7352
181324,SpiceJet,SG-678,Chennai,Early_Morning,one,Afternoon,Delhi,Economy,6.25,10,7352
181325,SpiceJet,SG-612,Chennai,Night,one,Morning,Delhi,Economy,11.75,10,7352
181326,SpiceJet,SG-612,Chennai,Night,one,Afternoon,Delhi,Economy,14.67,10,7352
181327,SpiceJet,SG-678,Chennai,Early_Morning,one,Night,Delhi,Economy,15.42,10,7352
181328,SpiceJet,SG-4010,Chennai,Morning,one,Late_Night,Delhi,Economy,16.25,10,7352
181329,SpiceJet,SG-678,Chennai,Early_Morning,one,Night,Delhi,Economy,17.33,10,7352
181330,SpiceJet,SG-731,Chennai,Early_Morning,one,Night,Delhi,Economy,17.5,10,7352
181331,SpiceJet,SG-612,Chennai,Night,one,Night,Delhi,Economy,24.0,10,7352
181332,SpiceJet,SG-4010,Chennai,Morning,one,Morning,Delhi,Economy,24.33,10,7352
181333,SpiceJet,SG-612,Chennai,Night,one,Night,Delhi,Economy,25.92,10,7352
181334,SpiceJet,SG-329,Chennai,Afternoon,one,Evening,Delhi,Economy,26.42,10,7352
181335,SpiceJet,SG-678,Chennai,Early_Morning,one,Morning,Delhi,Economy,27.17,10,7352
181429,SpiceJet,SG-520,Chennai,Afternoon,one,Evening,Delhi,Economy,26.58,10,15438
181435,SpiceJet,SG-520,Chennai,Afternoon,one,Late_Night,Delhi,Economy,9.83,10,16172
181445,SpiceJet,SG-520,Chennai,Afternoon,one,Night,Delhi,Economy,7.0,10,19848
181448,SpiceJet,SG-8104,Chennai,Early_Morning,zero,Morning,Delhi,Economy,2.67,11,7352
181449,SpiceJet,SG-8108,Chennai,Night,zero,Late_Night,Delhi,Economy,2.75,11,7352
181450,SpiceJet,SG-1057,Chennai,Night,zero,Late_Night,Delhi,Economy,2.75,11,7352
181462,SpiceJet,SG-678,Chennai,Early_Morning,one,Afternoon,Delhi,Economy,6.08,11,7352
181473,SpiceJet,SG-612,Chennai,Night,one,Morning,Delhi,Economy,11.75,11,7352
181475,SpiceJet,SG-4010,Chennai,Morning,one,Night,Delhi,Economy,13.5,11,7352
181477,SpiceJet,SG-612,Chennai,Night,one,Afternoon,Delhi,Economy,14.83,11,7352
181479,SpiceJet,SG-678,Chennai,Early_Morning,one,Night,Delhi,Economy,15.42,11,7352
181480,SpiceJet,SG-4010,Chennai,Morning,one,Late_Night,Delhi,Economy,16.25,11,7352
181481,SpiceJet,SG-678,Chennai,Early_Morning,one,Night,Delhi,Economy,17.33,11,7352
181482,SpiceJet,SG-612,Chennai,Night,one,Night,Delhi,Economy,24.0,11,7352
181483,SpiceJet,SG-4010,Chennai,Morning,one,Morning,Delhi,Economy,24.33,11,7352
181484,SpiceJet,SG-612,Chennai,Night,one,Night,Delhi,Economy,25.92,11,7352
181485,SpiceJet,SG-329,Chennai,Afternoon,one,Evening,Delhi,Economy,26.42,11,7352
181486,SpiceJet,SG-678,Chennai,Early_Morning,one,Morning,Delhi,Economy,27.17,11,7352
181599,SpiceJet,SG-8104,Chennai,Early_Morning,zero,Morning,Delhi,Economy,2.67,12,7352
181600,SpiceJet,SG-8108,Chennai,Night,zero,Late_Night,Delhi,Economy,2.75,12,7352
181601,SpiceJet,SG-1054,Chennai,Early_Morning,zero,Morning,Delhi,Economy,2.67,12,7352
181602,SpiceJet,SG-1057,Chennai,Night,zero,Late_Night,Delhi,Economy,2.75,12,7352
181616,SpiceJet,SG-678,Chennai,Early_Morning,one,Afternoon,Delhi,Economy,6.25,12,7352
181627,SpiceJet,SG-612,Chennai,Night,one,Morning,Delhi,Economy,11.75,12,7352
181630,SpiceJet,SG-612,Chennai,Night,one,Afternoon,Delhi,Economy,14.67,12,7352
181632,SpiceJet,SG-678,Chennai,Early_Morning,one,Night,Delhi,Economy,15.42,12,7352
181633,SpiceJet,SG-4010,Chennai,Morning,one,Late_Night,Delhi,Economy,16.25,12,7352
181634,SpiceJet,SG-678,Chennai,Early_Morning,one,Night,Delhi,Economy,17.33,12,7352
181635,SpiceJet,SG-731,Chennai,Early_Morning,one,Night,Delhi,Economy,17.5,12,7352
181636,SpiceJet,SG-612,Chennai,Night,one,Night,Delhi,Economy,24.0,12,7352
181637,SpiceJet,SG-4010,Chennai,Morning,one,Morning,Delhi,Economy,24.33,12,7352
181638,SpiceJet,SG-612,Chennai,Night,one,Night,Delhi,Economy,25.92,12,7352
181639,SpiceJet,SG-329,Chennai,Afternoon,one,Evening,Delhi,Economy,26.42,12,7352
181640,SpiceJet,SG-678,Chennai,Early_Morning,one,Morning,Delhi,Economy,27.17,12,7352
181745,SpiceJet,SG-520,Chennai,Afternoon,one,Late_Night,Delhi,Economy,9.83,12,13338
181754,SpiceJet,SG-520,Chennai,Afternoon,one,Night,Delhi,Economy,7.0,12,14282
181755,SpiceJet,SG-520,Chennai,Afternoon,one,Evening,Delhi,Economy,26.58,12,14282
181761,SpiceJet,SG-8104,Chennai,Early_Morning,zero,Morning,Delhi,Economy,2.67,13,7352
181762,SpiceJet,SG-8108,Chennai,Night,zero,Late_Night,Delhi,Economy,2.75,13,7352
181763,SpiceJet,SG-1057,Chennai,Night,zero,Late_Night,Delhi,Economy,2.75,13,7352
181775,SpiceJet,SG-678,Chennai,Early_Morning,one,Afternoon,Delhi,Economy,6.08,13,7352
181785,SpiceJet,SG-612,Chennai,Night,one,Morning,Delhi,Economy,11.75,13,7352
181787,SpiceJet,SG-4010,Chennai,Morning,one,Night,Delhi,Economy,13.5,13,7352
181789,SpiceJet,SG-612,Chennai,Night,one,Afternoon,Delhi,Economy,14.83,13,7352
181791,SpiceJet,SG-678,Chennai,Early_Morning,one,Night,Delhi,Economy,15.42,13,7352
181792,SpiceJet,SG-4010,Chennai,Morning,one,Late_Night,Delhi,Economy,16.25,13,7352
181793,SpiceJet,SG-678,Chennai,Early_Morning,one,Night,Delhi,Economy,17.33,13,7352
181794,SpiceJet,SG-612,Chennai,Night,one,Night,Delhi,Economy,24.0,13,7352
181795,SpiceJet,SG-4010,Chennai,Morning,one,Morning,Delhi,Economy,24.33,13,7352
181796,SpiceJet,SG-612,Chennai,Night,one,Night,Delhi,Economy,25.92,13,7352
181797,SpiceJet,SG-329,Chennai,Afternoon,one,Evening,Delhi,Economy,26.42,13,7352
181798,SpiceJet,SG-678,Chennai,Early_Morning,one,Morning,Delhi,Economy,27.17,13,7352
181915,SpiceJet,SG-8104,Chennai,Early_Morning,zero,Morning,Delhi,Economy,2.67,14,7352
181916,SpiceJet,SG-8108,Chennai,Night,zero,Late_Night,Delhi,Economy,2.75,14,7352
181917,SpiceJet,SG-1054,Chennai,Early_Morning,zero,Morning,Delhi,Economy,2.67,14,7352
181918,SpiceJet,SG-1057,Chennai,Night,zero,Late_Night,Delhi,Economy,2.75,14,7352
181922,SpiceJet,SG-731,Chennai,Early_Morning,one,Night,Delhi,Economy,17.5,14,7352
181932,SpiceJet,SG-678,Chennai,Early_Morning,one,Afternoon,Delhi,Economy,6.25,14,7352
181942,SpiceJet,SG-612,Chennai,Night,one,Morning,Delhi,Economy,11.75,14,7352
181945,SpiceJet,SG-612,Chennai,Night,one,Afternoon,Delhi,Economy,14.67,14,7352
181947,SpiceJet,SG-678,Chennai,Early_Morning,one,Night,Delhi,Economy,15.42,14,7352
181948,SpiceJet,SG-4010,Chennai,Morning,one,Late_Night,Delhi,Economy,16.25,14,7352
181949,SpiceJet,SG-678,Chennai,Early_Morning,one,Night,Delhi,Economy,17.33,14,7352
181950,SpiceJet,SG-612,Chennai,Night,one,Night,Delhi,Economy,24.0,14,7352
181951,SpiceJet,SG-4010,Chennai,Morning,one,Morning,Delhi,Economy,24.33,14,7352
181952,SpiceJet,SG-612,Chennai,Night,one,Night,Delhi,Economy,25.92,14,7352
181953,SpiceJet,SG-329,Chennai,Afternoon,one,Evening,Delhi,Economy,26.42,14,7352
181954,SpiceJet,SG-678,Chennai,Early_Morning,one,Morning,Delhi,Economy,27.17,14,7352
182059,SpiceJet,SG-520,Chennai,Afternoon,one,Late_Night,Delhi,Economy,9.83,14,13652
182060,SpiceJet,SG-520,Chennai,Afternoon,one,Evening,Delhi,Economy,26.58,14,13968
182065,SpiceJet,SG-520,Chennai,Afternoon,one,Night,Delhi,Economy,7.0,14,15648
182072,SpiceJet,SG-8104,Chennai,Early_Morning,zero,Morning,Delhi,Economy,2.67,15,7352
182073,SpiceJet,SG-8108,Chennai,Night,zero,Late_Night,Delhi,Economy,2.75,15,7352
182074,SpiceJet,SG-612,Chennai,Night,one,Morning,Delhi,Economy,11.75,15,7352
182075,SpiceJet,SG-612,Chennai,Night,one,Afternoon,Delhi,Economy,14.83,15,7352
182076,SpiceJet,SG-612,Chennai,Night,one,Night,Delhi,Economy,24.0,15,7352
182077,SpiceJet,SG-612,Chennai,Night,one,Night,Delhi,Economy,25.92,15,7352
182078,SpiceJet,SG-678,Chennai,Early_Morning,one,Morning,Delhi,Economy,27.17,15,7352
182079,SpiceJet,SG-1054,Chennai,Early_Morning,zero,Morning,Delhi,Economy,2.67,15,7352
182080,SpiceJet,SG-1057,Chennai,Night,zero,Late_Night,Delhi,Economy,2.75,15,7352
182082,SpiceJet,SG-4010,Chennai,Morning,one,Morning,Delhi,Economy,24.33,15,7352
182094,SpiceJet,SG-678,Chennai,Early_Morning,one,Afternoon,Delhi,Economy,6.08,15,7352
182106,SpiceJet,SG-4010,Chennai,Morning,one,Night,Delhi,Economy,13.5,15,7352
182109,SpiceJet,SG-678,Chennai,Early_Morning,one,Night,Delhi,Economy,15.42,15,7352
182110,SpiceJet,SG-4010,Chennai,Morning,one,Late_Night,Delhi,Economy,16.25,15,7352
182111,SpiceJet,SG-678,Chennai,Early_Morning,one,Night,Delhi,Economy,17.33,15,7352
182112,SpiceJet,SG-329,Chennai,Afternoon,one,Evening,Delhi,Economy,26.42,15,7352
182224,SpiceJet,SG-731,Chennai,Early_Morning,one,Night,Delhi,Economy,17.5,16,2516
182226,SpiceJet,SG-1054,Chennai,Early_Morning,zero,Morning,Delhi,Economy,2.67,16,3150
182227,SpiceJet,SG-8104,Chennai,Early_Morning,zero,Morning,Delhi,Economy,2.67,16,3150
182228,SpiceJet,SG-1057,Chennai,Night,zero,Late_Night,Delhi,Economy,2.75,16,3150
182229,SpiceJet,SG-8108,Chennai,Night,zero,Late_Night,Delhi,Economy,2.75,16,3150
182241,SpiceJet,SG-678,Chennai,Early_Morning,one,Afternoon,Delhi,Economy,6.25,16,4048
182242,SpiceJet,SG-612,Chennai,Night,one,Morning,Delhi,Economy,11.75,16,4048
182243,SpiceJet,SG-612,Chennai,Night,one,Afternoon,Delhi,Economy,14.83,16,4048
182244,SpiceJet,SG-678,Chennai,Early_Morning,one,Night,Delhi,Economy,15.42,16,4048
182245,SpiceJet,SG-4010,Chennai,Morning,one,Late_Night,Delhi,Economy,16.25,16,4048
182246,SpiceJet,SG-678,Chennai,Early_Morning,one,Night,Delhi,Economy,17.33,16,4048
182247,SpiceJet,SG-612,Chennai,Night,one,Night,Delhi,Economy,24.0,16,4048
182248,SpiceJet,SG-4010,Chennai,Morning,one,Morning,Delhi,Economy,24.33,16,4048
182249,SpiceJet,SG-612,Chennai,Night,one,Night,Delhi,Economy,25.92,16,4048
182250,SpiceJet,SG-678,Chennai,Early_Morning,one,Morning,Delhi,Economy,27.17,16,4048
182273,SpiceJet,SG-520,Chennai,Afternoon,one,Late_Night,Delhi,Economy,9.83,16,4678
182336,SpiceJet,SG-520,Chennai,Afternoon,one,Night,Delhi,Economy,7.0,16,7436
182360,SpiceJet,SG-329,Chennai,Afternoon,one,Evening,Delhi,Economy,26.42,16,9927
182362,SpiceJet,SG-520,Chennai,Afternoon,one,Evening,Delhi,Economy,26.58,16,17259
182377,SpiceJet,SG-731,Chennai,Early_Morning,one,Night,Delhi,Economy,17.5,17,2516
182383,SpiceJet,SG-1054,Chennai,Early_Morning,zero,Morning,Delhi,Economy,2.67,17,3150
182384,SpiceJet,SG-8104,Chennai,Early_Morning,zero,Morning,Delhi,Economy,2.67,17,3150
182385,SpiceJet,SG-1057,Chennai,Night,zero,Late_Night,Delhi,Economy,2.75,17,3150
182386,SpiceJet,SG-8108,Chennai,Night,zero,Late_Night,Delhi,Economy,2.75,17,3150
182399,SpiceJet,SG-678,Chennai,Early_Morning,one,Afternoon,Delhi,Economy,6.25,17,4048
182400,SpiceJet,SG-612,Chennai,Night,one,Morning,Delhi,Economy,11.75,17,4048
182401,SpiceJet,SG-612,Chennai,Night,one,Afternoon,Delhi,Economy,14.67,17,4048
182402,SpiceJet,SG-678,Chennai,Early_Morning,one,Night,Delhi,Economy,15.42,17,4048
182403,SpiceJet,SG-4010,Chennai,Morning,one,Late_Night,Delhi,Economy,16.25,17,4048
182404,SpiceJet,SG-678,Chennai,Early_Morning,one,Night,Delhi,Economy,17.33,17,4048
182405,SpiceJet,SG-612,Chennai,Night,one,Night,Delhi,Economy,24.0,17,4048
182406,SpiceJet,SG-4010,Chennai,Morning,one,Morning,Delhi,Economy,24.33,17,4048
182407,SpiceJet,SG-612,Chennai,Night,one,Night,Delhi,Economy,25.92,17,4048
182408,SpiceJet,SG-329,Chennai,Afternoon,one,Evening,Delhi,Economy,26.42,17,4048
182409,SpiceJet,SG-678,Chennai,Early_Morning,one,Morning,Delhi,Economy,27.17,17,4048
182511,SpiceJet,SG-520,Chennai,Afternoon,one,Late_Night,Delhi,Economy,9.83,17,14949
182512,SpiceJet,SG-520,Chennai,Afternoon,one,Evening,Delhi,Economy,26.58,17,17259
182513,SpiceJet,SG-520,Chennai,Afternoon,one,Night,Delhi,Economy,7.0,17,18729
182534,SpiceJet,SG-1054,Chennai,Early_Morning,zero,Morning,Delhi,Economy,2.67,18,3150
182535,SpiceJet,SG-8104,Chennai,Early_Morning,zero,Morning,Delhi,Economy,2.67,18,3150
182536,SpiceJet,SG-1057,Chennai,Night,zero,Late_Night,Delhi,Economy,2.75,18,3150
182537,SpiceJet,SG-8108,Chennai,Night,zero,Late_Night,Delhi,Economy,2.75,18,3150
182549,SpiceJet,SG-678,Chennai,Early_Morning,one,Afternoon,Delhi,Economy,6.08,18,4048
182550,SpiceJet,SG-612,Chennai,Night,one,Morning,Delhi,Economy,11.75,18,4048
182551,SpiceJet,SG-4010,Chennai,Morning,one,Night,Delhi,Economy,13.5,18,4048
182552,SpiceJet,SG-612,Chennai,Night,one,Afternoon,Delhi,Economy,14.83,18,4048
182553,SpiceJet,SG-678,Chennai,Early_Morning,one,Night,Delhi,Economy,15.42,18,4048
182554,SpiceJet,SG-4010,Chennai,Morning,one,Late_Night,Delhi,Economy,16.25,18,4048
182555,SpiceJet,SG-678,Chennai,Early_Morning,one,Night,Delhi,Economy,17.33,18,4048
182556,SpiceJet,SG-612,Chennai,Night,one,Night,Delhi,Economy,24.0,18,4048
182557,SpiceJet,SG-4010,Chennai,Morning,one,Morning,Delhi,Economy,24.33,18,4048
182558,SpiceJet,SG-612,Chennai,Night,one,Night,Delhi,Economy,25.92,18,4048
182559,SpiceJet,SG-329,Chennai,Afternoon,one,Evening,Delhi,Economy,26.42,18,4048
182560,SpiceJet,SG-678,Chennai,Early_Morning,one,Morning,Delhi,Economy,27.17,18,4048
182685,SpiceJet,SG-731,Chennai,Early_Morning,one,Night,Delhi,Economy,17.5,19,2516
182689,SpiceJet,SG-8104,Chennai,Early_Morning,zero,Morning,Delhi,Economy,2.67,19,3150
182690,SpiceJet,SG-8108,Chennai,Night,zero,Late_Night,Delhi,Economy,2.75,19,3150
182714,SpiceJet,SG-678,Chennai,Early_Morning,one,Afternoon,Delhi,Economy,6.25,19,4048
182715,SpiceJet,SG-612,Chennai,Night,one,Morning,Delhi,Economy,11.75,19,4048
182716,SpiceJet,SG-4010,Chennai,Morning,one,Night,Delhi,Economy,13.5,19,4048
182717,SpiceJet,SG-612,Chennai,Night,one,Afternoon,Delhi,Economy,14.67,19,4048
182718,SpiceJet,SG-678,Chennai,Early_Morning,one,Night,Delhi,Economy,15.42,19,4048
182719,SpiceJet,SG-4010,Chennai,Morning,one,Late_Night,Delhi,Economy,16.25,19,4048
182720,SpiceJet,SG-678,Chennai,Early_Morning,one,Night,Delhi,Economy,17.33,19,4048
182721,SpiceJet,SG-612,Chennai,Night,one,Night,Delhi,Economy,24.0,19,4048
182722,SpiceJet,SG-4010,Chennai,Morning,one,Morning,Delhi,Economy,24.33,19,4048
182723,SpiceJet,SG-612,Chennai,Night,one,Night,Delhi,Economy,25.92,19,4048
182724,SpiceJet,SG-329,Chennai,Afternoon,one,Evening,Delhi,Economy,26.42,19,4048
182725,SpiceJet,SG-678,Chennai,Early_Morning,one,Morning,Delhi,Economy,27.17,19,4048
182813,SpiceJet,SG-520,Chennai,Afternoon,one,Late_Night,Delhi,Economy,9.83,19,12431
182814,SpiceJet,SG-520,Chennai,Afternoon,one,Evening,Delhi,Economy,26.58,19,13271
182815,SpiceJet,SG-520,Chennai,Afternoon,one,Night,Delhi,Economy,7.0,19,16211
182843,SpiceJet,SG-8104,Chennai,Early_Morning,zero,Morning,Delhi,Economy,2.67,20,3150
182844,SpiceJet,SG-8108,Chennai,Night,zero,Late_Night,Delhi,Economy,2.75,20,3150
182868,SpiceJet,SG-678,Chennai,Early_Morning,one,Afternoon,Delhi,Economy,6.08,20,4048
182869,SpiceJet,SG-612,Chennai,Night,one,Morning,Delhi,Economy,11.75,20,4048
182870,SpiceJet,SG-4010,Chennai,Morning,one,Night,Delhi,Economy,13.5,20,4048
182871,SpiceJet,SG-612,Chennai,Night,one,Afternoon,Delhi,Economy,14.83,20,4048
182872,SpiceJet,SG-678,Chennai,Early_Morning,one,Night,Delhi,Economy,15.42,20,4048
182873,SpiceJet,SG-4010,Chennai,Morning,one,Late_Night,Delhi,Economy,16.25,20,4048
182874,SpiceJet,SG-678,Chennai,Early_Morning,one,Night,Delhi,Economy,17.33,20,4048
182875,SpiceJet,SG-612,Chennai,Night,one,Night,Delhi,Economy,24.0,20,4048
182876,SpiceJet,SG-4010,Chennai,Morning,one,Morning,Delhi,Economy,24.33,20,4048
182877,SpiceJet,SG-612,Chennai,Night,one,Night,Delhi,Economy,25.92,20,4048
182878,SpiceJet,SG-329,Chennai,Afternoon,one,Evening,Delhi,Economy,26.42,20,4048
182879,SpiceJet,SG-678,Chennai,Early_Morning,one,Morning,Delhi,Economy,27.17,20,4048
182997,SpiceJet,SG-731,Chennai,Early_Morning,one,Night,Delhi,Economy,17.5,21,2516
183002,SpiceJet,SG-8104,Chennai,Early_Morning,zero,Morning,Delhi,Economy,2.67,21,3150
183003,SpiceJet,SG-8108,Chennai,Night,zero,Late_Night,Delhi,Economy,2.75,21,3150
183039,SpiceJet,SG-678,Chennai,Early_Morning,one,Afternoon,Delhi,Economy,6.25,21,4048
183040,SpiceJet,SG-612,Chennai,Night,one,Morning,Delhi,Economy,11.75,21,4048
183041,SpiceJet,SG-4010,Chennai,Morning,one,Night,Delhi,Economy,13.5,21,4048
183042,SpiceJet,SG-612,Chennai,Night,one,Afternoon,Delhi,Economy,14.67,21,4048
183043,SpiceJet,SG-678,Chennai,Early_Morning,one,Night,Delhi,Economy,15.42,21,4048
183044,SpiceJet,SG-4010,Chennai,Morning,one,Late_Night,Delhi,Economy,16.25,21,4048
183045,SpiceJet,SG-678,Chennai,Early_Morning,one,Night,Delhi,Economy,17.33,21,4048
183046,SpiceJet,SG-612,Chennai,Night,one,Night,Delhi,Economy,24.0,21,4048
183047,SpiceJet,SG-4010,Chennai,Morning,one,Morning,Delhi,Economy,24.33,21,4048
183048,SpiceJet,SG-612,Chennai,Night,one,Night,Delhi,Economy,25.92,21,4048
183049,SpiceJet,SG-329,Chennai,Afternoon,one,Evening,Delhi,Economy,26.42,21,4048
183050,SpiceJet,SG-678,Chennai,Early_Morning,one,Morning,Delhi,Economy,27.17,21,4048
183058,SpiceJet,SG-520,Chennai,Afternoon,one,Night,Delhi,Economy,7.0,21,4364
183059,SpiceJet,SG-520,Chennai,Afternoon,one,Late_Night,Delhi,Economy,9.83,21,4364
183141,SpiceJet,SG-520,Chennai,Afternoon,one,Evening,Delhi,Economy,26.58,21,10173
183165,SpiceJet,SG-8104,Chennai,Early_Morning,zero,Morning,Delhi,Economy,2.67,22,3150
183166,SpiceJet,SG-8108,Chennai,Night,zero,Late_Night,Delhi,Economy,2.75,22,3150
183182,SpiceJet,SG-678,Chennai,Early_Morning,one,Afternoon,Delhi,Economy,6.08,22,4048
183183,SpiceJet,SG-612,Chennai,Night,one,Morning,Delhi,Economy,11.75,22,4048
183184,SpiceJet,SG-4010,Chennai,Morning,one,Night,Delhi,Economy,13.5,22,4048
183185,SpiceJet,SG-612,Chennai,Night,one,Afternoon,Delhi,Economy,14.83,22,4048
183186,SpiceJet,SG-678,Chennai,Early_Morning,one,Night,Delhi,Economy,15.42,22,4048
183187,SpiceJet,SG-4010,Chennai,Morning,one,Late_Night,Delhi,Economy,16.25,22,4048
183188,SpiceJet,SG-678,Chennai,Early_Morning,one,Night,Delhi,Economy,17.33,22,4048
183189,SpiceJet,SG-612,Chennai,Night,one,Night,Delhi,Economy,24.0,22,4048
183190,SpiceJet,SG-4010,Chennai,Morning,one,Morning,Delhi,Economy,24.33,22,4048
183191,SpiceJet,SG-612,Chennai,Night,one,Night,Delhi,Economy,25.92,22,4048
183192,SpiceJet,SG-329,Chennai,Afternoon,one,Evening,Delhi,Economy,26.42,22,4048
183193,SpiceJet,SG-678,Chennai,Early_Morning,one,Morning,Delhi,Economy,27.17,22,4048
183306,SpiceJet,SG-731,Chennai,Early_Morning,one,Night,Delhi,Economy,17.5,23,2516
183311,SpiceJet,SG-8104,Chennai,Early_Morning,zero,Morning,Delhi,Economy,2.67,23,3150
183312,SpiceJet,SG-8108,Chennai,Night,zero,Late_Night,Delhi,Economy,2.75,23,3150
183333,SpiceJet,SG-678,Chennai,Early_Morning,one,Afternoon,Delhi,Economy,6.25,23,4048
183334,SpiceJet,SG-520,Chennai,Afternoon,one,Late_Night,Delhi,Economy,9.83,23,4048
183335,SpiceJet,SG-612,Chennai,Night,one,Morning,Delhi,Economy,11.75,23,4048
183336,SpiceJet,SG-4010,Chennai,Morning,one,Night,Delhi,Economy,13.5,23,4048
183337,SpiceJet,SG-612,Chennai,Night,one,Afternoon,Delhi,Economy,14.83,23,4048
183338,SpiceJet,SG-678,Chennai,Early_Morning,one,Night,Delhi,Economy,15.42,23,4048
183339,SpiceJet,SG-4010,Chennai,Morning,one,Late_Night,Delhi,Economy,16.25,23,4048
183340,SpiceJet,SG-678,Chennai,Early_Morning,one,Night,Delhi,Economy,17.33,23,4048
183341,SpiceJet,SG-612,Chennai,Night,one,Night,Delhi,Economy,24.0,23,4048
183342,SpiceJet,SG-4010,Chennai,Morning,one,Morning,Delhi,Economy,24.33,23,4048
183343,SpiceJet,SG-612,Chennai,Night,one,Night,Delhi,Economy,25.92,23,4048
183344,SpiceJet,SG-329,Chennai,Afternoon,one,Evening,Delhi,Economy,26.42,23,4048
183345,SpiceJet,SG-678,Chennai,Early_Morning,one,Morning,Delhi,Economy,27.17,23,4048
183373,SpiceJet,SG-520,Chennai,Afternoon,one,Night,Delhi,Economy,7.0,23,4678
183450,SpiceJet,SG-520,Chennai,Afternoon,one,Evening,Delhi,Economy,26.58,23,13271
183466,SpiceJet,SG-731,Chennai,Early_Morning,one,Night,Delhi,Economy,17.5,24,2516
183470,SpiceJet,SG-8104,Chennai,Early_Morning,zero,Morning,Delhi,Economy,2.67,24,3150
183471,SpiceJet,SG-8108,Chennai,Night,zero,Late_Night,Delhi,Economy,2.75,24,3150
183505,SpiceJet,SG-678,Chennai,Early_Morning,one,Afternoon,Delhi,Economy,6.25,24,4048
183506,SpiceJet,SG-612,Chennai,Night,one,Morning,Delhi,Economy,11.75,24,4048
183507,SpiceJet,SG-4010,Chennai,Morning,one,Night,Delhi,Economy,13.5,24,4048
183508,SpiceJet,SG-612,Chennai,Night,one,Afternoon,Delhi,Economy,14.67,24,4048
183509,SpiceJet,SG-678,Chennai,Early_Morning,one,Night,Delhi,Economy,15.42,24,4048
183510,SpiceJet,SG-4010,Chennai,Morning,one,Late_Night,Delhi,Economy,16.25,24,4048
183511,SpiceJet,SG-678,Chennai,Early_Morning,one,Night,Delhi,Economy,17.33,24,4048
183512,SpiceJet,SG-612,Chennai,Night,one,Night,Delhi,Economy,24.0,24,4048
183513,SpiceJet,SG-4010,Chennai,Morning,one,Morning,Delhi,Economy,24.33,24,4048
183514,SpiceJet,SG-612,Chennai,Night,one,Night,Delhi,Economy,25.92,24,4048
183515,SpiceJet,SG-329,Chennai,Afternoon,one,Evening,Delhi,Economy,26.42,24,4048
183516,SpiceJet,SG-678,Chennai,Early_Morning,one,Morning,Delhi,Economy,27.17,24,4048
183596,SpiceJet,SG-520,Chennai,Afternoon,one,Late_Night,Delhi,Economy,9.83,24,9911
183599,SpiceJet,SG-520,Chennai,Afternoon,one,Evening,Delhi,Economy,26.58,24,10961
183600,SpiceJet,SG-520,Chennai,Afternoon,one,Night,Delhi,Economy,7.0,24,14111
183629,SpiceJet,SG-8104,Chennai,Early_Morning,zero,Morning,Delhi,Economy,2.67,25,3150
183630,SpiceJet,SG-8108,Chennai,Night,zero,Late_Night,Delhi,Economy,2.75,25,3150
183654,SpiceJet,SG-678,Chennai,Early_Morning,one,Afternoon,Delhi,Economy,6.08,25,4048
183655,SpiceJet,SG-612,Chennai,Night,one,Morning,Delhi,Economy,11.75,25,4048
183656,SpiceJet,SG-4010,Chennai,Morning,one,Night,Delhi,Economy,13.5,25,4048
183657,SpiceJet,SG-612,Chennai,Night,one,Afternoon,Delhi,Economy,14.83,25,4048
183658,SpiceJet,SG-678,Chennai,Early_Morning,one,Night,Delhi,Economy,15.42,25,4048
183659,SpiceJet,SG-4010,Chennai,Morning,one,Late_Night,Delhi,Economy,16.25,25,4048
183660,SpiceJet,SG-678,Chennai,Early_Morning,one,Night,Delhi,Economy,17.33,25,4048
183661,SpiceJet,SG-612,Chennai,Night,one,Night,Delhi,Economy,24.0,25,4048
183662,SpiceJet,SG-4010,Chennai,Morning,one,Morning,Delhi,Economy,24.33,25,4048
183663,SpiceJet,SG-612,Chennai,Night,one,Night,Delhi,Economy,25.92,25,4048
183664,SpiceJet,SG-329,Chennai,Afternoon,one,Evening,Delhi,Economy,26.42,25,4048
183665,SpiceJet,SG-678,Chennai,Early_Morning,one,Morning,Delhi,Economy,27.17,25,4048
183778,SpiceJet,SG-731,Chennai,Early_Morning,one,Night,Delhi,Economy,17.5,26,2516
183783,SpiceJet,SG-8104,Chennai,Early_Morning,zero,Morning,Delhi,Economy,2.67,26,3150
183784,SpiceJet,SG-8108,Chennai,Night,zero,Late_Night,Delhi,Economy,2.75,26,3150
183818,SpiceJet,SG-678,Chennai,Early_Morning,one,Afternoon,Delhi,Economy,6.25,26,4048
183819,SpiceJet,SG-520,Chennai,Afternoon,one,Late_Night,Delhi,Economy,9.83,26,4048
183820,SpiceJet,SG-612,Chennai,Night,one,Morning,Delhi,Economy,11.75,26,4048
183821,SpiceJet,SG-4010,Chennai,Morning,one,Night,Delhi,Economy,13.5,26,4048
183822,SpiceJet,SG-612,Chennai,Night,one,Afternoon,Delhi,Economy,14.67,26,4048
183823,SpiceJet,SG-678,Chennai,Early_Morning,one,Night,Delhi,Economy,15.42,26,4048
183824,SpiceJet,SG-4010,Chennai,Morning,one,Late_Night,Delhi,Economy,16.25,26,4048
183825,SpiceJet,SG-678,Chennai,Early_Morning,one,Night,Delhi,Economy,17.33,26,4048
183826,SpiceJet,SG-612,Chennai,Night,one,Night,Delhi,Economy,24.0,26,4048
183827,SpiceJet,SG-4010,Chennai,Morning,one,Morning,Delhi,Economy,24.33,26,4048
183828,SpiceJet,SG-612,Chennai,Night,one,Night,Delhi,Economy,25.92,26,4048
183829,SpiceJet,SG-329,Chennai,Afternoon,one,Evening,Delhi,Economy,26.42,26,4048
183830,SpiceJet,SG-678,Chennai,Early_Morning,one,Morning,Delhi,Economy,27.17,26,4048
183851,SpiceJet,SG-520,Chennai,Afternoon,one,Evening,Delhi,Economy,26.58,26,4678
183878,SpiceJet,SG-520,Chennai,Afternoon,one,Night,Delhi,Economy,7.0,26,4994
183944,SpiceJet,SG-8104,Chennai,Early_Morning,zero,Morning,Delhi,Economy,2.67,27,3150
183945,SpiceJet,SG-8108,Chennai,Night,zero,Late_Night,Delhi,Economy,2.75,27,3150
183981,SpiceJet,SG-678,Chennai,Early_Morning,one,Afternoon,Delhi,Economy,6.08,27,4048
183982,SpiceJet,SG-612,Chennai,Night,one,Morning,Delhi,Economy,11.75,27,4048
183983,SpiceJet,SG-4010,Chennai,Morning,one,Night,Delhi,Economy,13.5,27,4048
183984,SpiceJet,SG-612,Chennai,Night,one,Afternoon,Delhi,Economy,14.83,27,4048
183985,SpiceJet,SG-678,Chennai,Early_Morning,one,Night,Delhi,Economy,15.42,27,4048
183986,SpiceJet,SG-4010,Chennai,Morning,one,Late_Night,Delhi,Economy,16.25,27,4048
183987,SpiceJet,SG-678,Chennai,Early_Morning,one,Night,Delhi,Economy,17.33,27,4048
183988,SpiceJet,SG-612,Chennai,Night,one,Night,Delhi,Economy,24.0,27,4048
183989,SpiceJet,SG-4010,Chennai,Morning,one,Morning,Delhi,Economy,24.33,27,4048
183990,SpiceJet,SG-612,Chennai,Night,one,Night,Delhi,Economy,25.92,27,4048
183991,SpiceJet,SG-329,Chennai,Afternoon,one,Evening,Delhi,Economy,26.42,27,4048
183992,SpiceJet,SG-678,Chennai,Early_Morning,one,Morning,Delhi,Economy,27.17,27,4048
184110,SpiceJet,SG-8104,Chennai,Early_Morning,zero,Morning,Delhi,Economy,2.67,28,3150
184123,SpiceJet,SG-731,Chennai,Early_Morning,one,Night,Delhi,Economy,17.5,28,3276
184125,SpiceJet,SG-8108,Chennai,Night,zero,Late_Night,Delhi,Economy,2.75,28,3780
184142,SpiceJet,SG-678,Chennai,Early_Morning,one,Afternoon,Delhi,Economy,6.25,28,4048
184143,SpiceJet,SG-612,Chennai,Night,one,Morning,Delhi,Economy,11.75,28,4048
184144,SpiceJet,SG-4010,Chennai,Morning,one,Night,Delhi,Economy,13.5,28,4048
184145,SpiceJet,SG-612,Chennai,Night,one,Afternoon,Delhi,Economy,14.67,28,4048
184146,SpiceJet,SG-678,Chennai,Early_Morning,one,Night,Delhi,Economy,15.42,28,4048
184147,SpiceJet,SG-4010,Chennai,Morning,one,Late_Night,Delhi,Economy,16.25,28,4048
184148,SpiceJet,SG-678,Chennai,Early_Morning,one,Night,Delhi,Economy,17.33,28,4048
184149,SpiceJet,SG-612,Chennai,Night,one,Night,Delhi,Economy,24.0,28,4048
184150,SpiceJet,SG-4010,Chennai,Morning,one,Morning,Delhi,Economy,24.33,28,4048
184151,SpiceJet,SG-612,Chennai,Night,one,Night,Delhi,Economy,25.92,28,4048
184152,SpiceJet,SG-329,Chennai,Afternoon,one,Evening,Delhi,Economy,26.42,28,4048
184153,SpiceJet,SG-678,Chennai,Early_Morning,one,Morning,Delhi,Economy,27.17,28,4048
184166,SpiceJet,SG-520,Chennai,Afternoon,one,Late_Night,Delhi,Economy,9.83,28,4364
184167,SpiceJet,SG-520,Chennai,Afternoon,one,Evening,Delhi,Economy,26.58,28,4364
184174,SpiceJet,SG-520,Chennai,Afternoon,one,Night,Delhi,Economy,7.0,28,4678
184257,SpiceJet,SG-8104,Chennai,Early_Morning,zero,Morning,Delhi,Economy,2.67,29,3150
184258,SpiceJet,SG-8108,Chennai,Night,zero,Late_Night,Delhi,Economy,2.75,29,3150
184280,SpiceJet,SG-678,Chennai,Early_Morning,one,Afternoon,Delhi,Economy,6.08,29,4048
184281,SpiceJet,SG-612,Chennai,Night,one,Morning,Delhi,Economy,11.75,29,4048
184282,SpiceJet,SG-4010,Chennai,Morning,one,Night,Delhi,Economy,13.5,29,4048
184283,SpiceJet,SG-612,Chennai,Night,one,Afternoon,Delhi,Economy,14.83,29,4048
184284,SpiceJet,SG-678,Chennai,Early_Morning,one,Night,Delhi,Economy,15.42,29,4048
184285,SpiceJet,SG-4010,Chennai,Morning,one,Late_Night,Delhi,Economy,16.25,29,4048
184286,SpiceJet,SG-678,Chennai,Early_Morning,one,Night,Delhi,Economy,17.33,29,4048
184287,SpiceJet,SG-612,Chennai,Night,one,Night,Delhi,Economy,24.0,29,4048
184288,SpiceJet,SG-4010,Chennai,Morning,one,Morning,Delhi,Economy,24.33,29,4048
184289,SpiceJet,SG-612,Chennai,Night,one,Night,Delhi,Economy,25.92,29,4048
184290,SpiceJet,SG-329,Chennai,Afternoon,one,Evening,Delhi,Economy,26.42,29,4048
184291,SpiceJet,SG-678,Chennai,Early_Morning,one,Morning,Delhi,Economy,27.17,29,4048
184401,SpiceJet,SG-731,Chennai,Early_Morning,one,Night,Delhi,Economy,17.5,30,2516
184408,SpiceJet,SG-8104,Chennai,Early_Morning,zero,Morning,Delhi,Economy,2.67,30,3150
184409,SpiceJet,SG-8108,Chennai,Night,zero,Late_Night,Delhi,Economy,2.75,30,3150
184427,SpiceJet,SG-678,Chennai,Early_Morning,one,Afternoon,Delhi,Economy,6.25,30,4048
184428,SpiceJet,SG-520,Chennai,Afternoon,one,Night,Delhi,Economy,7.0,30,4048
184429,SpiceJet,SG-520,Chennai,Afternoon,one,Late_Night,Delhi,Economy,9.83,30,4048
184430,SpiceJet,SG-612,Chennai,Night,one,Morning,Delhi,Economy,11.75,30,4048
184431,SpiceJet,SG-4010,Chennai,Morning,one,Night,Delhi,Economy,13.5,30,4048
184432,SpiceJet,SG-612,Chennai,Night,one,Afternoon,Delhi,Economy,14.83,30,4048
184433,SpiceJet,SG-678,Chennai,Early_Morning,one,Night,Delhi,Economy,15.42,30,4048
184434,SpiceJet,SG-4010,Chennai,Morning,one,Late_Night,Delhi,Economy,16.25,30,4048
184435,SpiceJet,SG-678,Chennai,Early_Morning,one,Night,Delhi,Economy,17.33,30,4048
184436,SpiceJet,SG-612,Chennai,Night,one,Night,Delhi,Economy,24.0,30,4048
184437,SpiceJet,SG-4010,Chennai,Morning,one,Morning,Delhi,Economy,24.33,30,4048
184438,SpiceJet,SG-612,Chennai,Night,one,Night,Delhi,Economy,25.92,30,4048
184439,SpiceJet,SG-329,Chennai,Afternoon,one,Evening,Delhi,Economy,26.42,30,4048
184440,SpiceJet,SG-678,Chennai,Early_Morning,one,Morning,Delhi,Economy,27.17,30,4048
184548,SpiceJet,SG-520,Chennai,Afternoon,one,Evening,Delhi,Economy,26.58,30,10461
184555,SpiceJet,SG-8104,Chennai,Early_Morning,zero,Morning,Delhi,Economy,2.67,31,2568
184556,SpiceJet,SG-8108,Chennai,Night,zero,Late_Night,Delhi,Economy,2.75,31,2568
184590,SpiceJet,SG-731,Chennai,Early_Morning,one,Night,Delhi,Economy,17.5,31,3314
184637,SpiceJet,SG-678,Chennai,Early_Morning,one,Afternoon,Delhi,Economy,6.25,31,4827
184647,SpiceJet,SG-612,Chennai,Night,one,Morning,Delhi,Economy,11.75,31,4827
184650,SpiceJet,SG-612,Chennai,Night,one,Afternoon,Delhi,Economy,14.67,31,4827
184652,SpiceJet,SG-678,Chennai,Early_Morning,one,Night,Delhi,Economy,17.33,31,4827
184653,SpiceJet,SG-612,Chennai,Night,one,Night,Delhi,Economy,24.0,31,4827
184654,SpiceJet,SG-612,Chennai,Night,one,Night,Delhi,Economy,25.92,31,4827
184655,SpiceJet,SG-678,Chennai,Early_Morning,one,Morning,Delhi,Economy,27.17,31,4827
184678,SpiceJet,SG-678,Chennai,Early_Morning,one,Night,Delhi,Economy,15.42,31,5100
184688,SpiceJet,SG-4010,Chennai,Morning,one,Night,Delhi,Economy,13.5,31,5388
184689,SpiceJet,SG-4010,Chennai,Morning,one,Late_Night,Delhi,Economy,16.25,31,5388
184690,SpiceJet,SG-4010,Chennai,Morning,one,Morning,Delhi,Economy,24.33,31,5388
184693,SpiceJet,SG-520,Chennai,Afternoon,one,Late_Night,Delhi,Economy,9.83,31,6536
184702,SpiceJet,SG-520,Chennai,Afternoon,one,Evening,Delhi,Economy,26.58,31,7166
184716,SpiceJet,SG-329,Chennai,Afternoon,one,Evening,Delhi,Economy,26.42,31,8768
184717,SpiceJet,SG-520,Chennai,Afternoon,one,Night,Delhi,Economy,7.0,31,9790
184727,SpiceJet,SG-8104,Chennai,Early_Morning,zero,Morning,Delhi,Economy,2.67,32,2568
184728,SpiceJet,SG-8108,Chennai,Night,zero,Late_Night,Delhi,Economy,2.75,32,2568
184808,SpiceJet,SG-678,Chennai,Early_Morning,one,Afternoon,Delhi,Economy,6.08,32,4827
184818,SpiceJet,SG-612,Chennai,Night,one,Morning,Delhi,Economy,11.75,32,4827
184821,SpiceJet,SG-612,Chennai,Night,one,Afternoon,Delhi,Economy,14.83,32,4827
184823,SpiceJet,SG-678,Chennai,Early_Morning,one,Night,Delhi,Economy,15.42,32,4827
184824,SpiceJet,SG-678,Chennai,Early_Morning,one,Night,Delhi,Economy,17.33,32,4827
184825,SpiceJet,SG-612,Chennai,Night,one,Night,Delhi,Economy,25.92,32,4827
184826,SpiceJet,SG-678,Chennai,Early_Morning,one,Morning,Delhi,Economy,27.17,32,4827
184838,SpiceJet,SG-612,Chennai,Night,one,Night,Delhi,Economy,24.0,32,5100
184850,SpiceJet,SG-4010,Chennai,Morning,one,Night,Delhi,Economy,13.5,32,5388
184851,SpiceJet,SG-4010,Chennai,Morning,one,Late_Night,Delhi,Economy,16.25,32,5388
184852,SpiceJet,SG-4010,Chennai,Morning,one,Morning,Delhi,Economy,24.33,32,5388
184872,SpiceJet,SG-329,Chennai,Afternoon,one,Evening,Delhi,Economy,26.42,32,8768
184880,SpiceJet,SG-8104,Chennai,Early_Morning,zero,Morning,Delhi,Economy,2.67,33,2568
184881,SpiceJet,SG-8108,Chennai,Night,zero,Late_Night,Delhi,Economy,2.75,33,2568
184907,SpiceJet,SG-731,Chennai,Early_Morning,one,Night,Delhi,Economy,17.5,33,2713
184966,SpiceJet,SG-678,Chennai,Early_Morning,one,Afternoon,Delhi,Economy,6.25,33,4827
184978,SpiceJet,SG-612,Chennai,Night,one,Afternoon,Delhi,Economy,14.67,33,4827
184980,SpiceJet,SG-678,Chennai,Early_Morning,one,Night,Delhi,Economy,17.33,33,4827
184995,SpiceJet,SG-612,Chennai,Night,one,Morning,Delhi,Economy,11.75,33,5100
184996,SpiceJet,SG-678,Chennai,Early_Morning,one,Night,Delhi,Economy,15.42,33,5100
184997,SpiceJet,SG-612,Chennai,Night,one,Night,Delhi,Economy,24.0,33,5100
184998,SpiceJet,SG-612,Chennai,Night,one,Night,Delhi,Economy,25.92,33,5100
184999,SpiceJet,SG-678,Chennai,Early_Morning,one,Morning,Delhi,Economy,27.17,33,5100
185010,SpiceJet,SG-4010,Chennai,Morning,one,Night,Delhi,Economy,13.5,33,5388
185011,SpiceJet,SG-4010,Chennai,Morning,one,Late_Night,Delhi,Economy,16.25,33,5388
185012,SpiceJet,SG-4010,Chennai,Morning,one,Morning,Delhi,Economy,24.33,33,5388
185014,SpiceJet,SG-520,Chennai,Afternoon,one,Night,Delhi,Economy,7.0,33,6536
185021,SpiceJet,SG-520,Chennai,Afternoon,one,Late_Night,Delhi,Economy,9.83,33,6536
185030,SpiceJet,SG-520,Chennai,Afternoon,one,Evening,Delhi,Economy,26.58,33,7166
185037,SpiceJet,SG-329,Chennai,Afternoon,one,Evening,Delhi,Economy,26.42,33,8768
185042,SpiceJet,SG-8104,Chennai,Early_Morning,zero,Morning,Delhi,Economy,2.67,34,2568
185043,SpiceJet,SG-8108,Chennai,Night,zero,Late_Night,Delhi,Economy,2.75,34,2568
185124,SpiceJet,SG-678,Chennai,Early_Morning,one,Afternoon,Delhi,Economy,6.08,34,4827
185134,SpiceJet,SG-612,Chennai,Night,one,Afternoon,Delhi,Economy,14.83,34,4827
185154,SpiceJet,SG-612,Chennai,Night,one,Morning,Delhi,Economy,11.75,34,5100
185155,SpiceJet,SG-678,Chennai,Early_Morning,one,Night,Delhi,Economy,15.42,34,5100
185156,SpiceJet,SG-678,Chennai,Early_Morning,one,Night,Delhi,Economy,17.33,34,5100
185157,SpiceJet,SG-612,Chennai,Night,one,Night,Delhi,Economy,24.0,34,5100
185158,SpiceJet,SG-612,Chennai,Night,one,Night,Delhi,Economy,25.92,34,5100
185159,SpiceJet,SG-678,Chennai,Early_Morning,one,Morning,Delhi,Economy,27.17,34,5100
185170,SpiceJet,SG-4010,Chennai,Morning,one,Night,Delhi,Economy,13.5,34,5388
185171,SpiceJet,SG-4010,Chennai,Morning,one,Late_Night,Delhi,Economy,16.25,34,5388
185172,SpiceJet,SG-4010,Chennai,Morning,one,Morning,Delhi,Economy,24.33,34,5388
185194,SpiceJet,SG-329,Chennai,Afternoon,one,Evening,Delhi,Economy,26.42,34,8768
185201,SpiceJet,SG-8104,Chennai,Early_Morning,zero,Morning,Delhi,Economy,2.67,35,2568
185202,SpiceJet,SG-8108,Chennai,Night,zero,Late_Night,Delhi,Economy,2.75,35,2568
185232,SpiceJet,SG-731,Chennai,Early_Morning,one,Night,Delhi,Economy,17.5,35,3314
185284,SpiceJet,SG-678,Chennai,Early_Morning,one,Afternoon,Delhi,Economy,6.25,35,4827
185295,SpiceJet,SG-612,Chennai,Night,one,Afternoon,Delhi,Economy,14.67,35,4827
185312,SpiceJet,SG-612,Chennai,Night,one,Morning,Delhi,Economy,11.75,35,5100
185313,SpiceJet,SG-678,Chennai,Early_Morning,one,Night,Delhi,Economy,15.42,35,5100
185314,SpiceJet,SG-678,Chennai,Early_Morning,one,Night,Delhi,Economy,17.33,35,5100
185315,SpiceJet,SG-612,Chennai,Night,one,Night,Delhi,Economy,24.0,35,5100
185316,SpiceJet,SG-612,Chennai,Night,one,Night,Delhi,Economy,25.92,35,5100
185317,SpiceJet,SG-678,Chennai,Early_Morning,one,Morning,Delhi,Economy,27.17,35,5100
185332,SpiceJet,SG-4010,Chennai,Morning,one,Night,Delhi,Economy,13.5,35,5388
185333,SpiceJet,SG-4010,Chennai,Morning,one,Late_Night,Delhi,Economy,16.25,35,5388
185334,SpiceJet,SG-4010,Chennai,Morning,one,Morning,Delhi,Economy,24.33,35,5388
185345,SpiceJet,SG-520,Chennai,Afternoon,one,Night,Delhi,Economy,7.0,35,6850
185346,SpiceJet,SG-520,Chennai,Afternoon,one,Evening,Delhi,Economy,26.58,35,6850
185349,SpiceJet,SG-520,Chennai,Afternoon,one,Late_Night,Delhi,Economy,9.83,35,6850
185362,SpiceJet,SG-329,Chennai,Afternoon,one,Evening,Delhi,Economy,26.42,35,8768
185368,SpiceJet,SG-8104,Chennai,Early_Morning,zero,Morning,Delhi,Economy,2.67,36,2568
185369,SpiceJet,SG-8108,Chennai,Night,zero,Late_Night,Delhi,Economy,2.75,36,2568
185448,SpiceJet,SG-678,Chennai,Early_Morning,one,Afternoon,Delhi,Economy,6.08,36,4827
185458,SpiceJet,SG-612,Chennai,Night,one,Morning,Delhi,Economy,11.75,36,4827
185462,SpiceJet,SG-612,Chennai,Night,one,Night,Delhi,Economy,25.92,36,4827
185463,SpiceJet,SG-678,Chennai,Early_Morning,one,Morning,Delhi,Economy,27.17,36,4827
185474,SpiceJet,SG-612,Chennai,Night,one,Afternoon,Delhi,Economy,14.83,36,5100
185475,SpiceJet,SG-678,Chennai,Early_Morning,one,Night,Delhi,Economy,15.42,36,5100
185476,SpiceJet,SG-678,Chennai,Early_Morning,one,Night,Delhi,Economy,17.33,36,5100
185477,SpiceJet,SG-612,Chennai,Night,one,Night,Delhi,Economy,24.0,36,5100
185488,SpiceJet,SG-4010,Chennai,Morning,one,Night,Delhi,Economy,13.5,36,5388
185489,SpiceJet,SG-4010,Chennai,Morning,one,Late_Night,Delhi,Economy,16.25,36,5388
185490,SpiceJet,SG-4010,Chennai,Morning,one,Morning,Delhi,Economy,24.33,36,5388
185513,SpiceJet,SG-329,Chennai,Afternoon,one,Evening,Delhi,Economy,26.42,36,8768
185516,SpiceJet,SG-8104,Chennai,Early_Morning,zero,Morning,Delhi,Economy,2.67,37,2568
185536,SpiceJet,SG-731,Chennai,Early_Morning,one,Night,Delhi,Economy,17.5,37,3156
185570,SpiceJet,SG-8108,Chennai,Night,zero,Late_Night,Delhi,Economy,2.75,37,4200
185590,SpiceJet,SG-678,Chennai,Early_Morning,one,Afternoon,Delhi,Economy,6.25,37,4827
185602,SpiceJet,SG-612,Chennai,Night,one,Afternoon,Delhi,Economy,14.83,37,4827
185604,SpiceJet,SG-678,Chennai,Early_Morning,one,Night,Delhi,Economy,17.33,37,4827
185619,SpiceJet,SG-612,Chennai,Night,one,Morning,Delhi,Economy,11.75,37,5100
185620,SpiceJet,SG-678,Chennai,Early_Morning,one,Night,Delhi,Economy,15.42,37,5100
185621,SpiceJet,SG-612,Chennai,Night,one,Night,Delhi,Economy,24.0,37,5100
185622,SpiceJet,SG-612,Chennai,Night,one,Night,Delhi,Economy,25.92,37,5100
185623,SpiceJet,SG-678,Chennai,Early_Morning,one,Morning,Delhi,Economy,27.17,37,5100
185636,SpiceJet,SG-4010,Chennai,Morning,one,Night,Delhi,Economy,13.5,37,5388
185637,SpiceJet,SG-4010,Chennai,Morning,one,Late_Night,Delhi,Economy,16.25,37,5388
185638,SpiceJet,SG-4010,Chennai,Morning,one,Morning,Delhi,Economy,24.33,37,5388
185651,SpiceJet,SG-520,Chennai,Afternoon,one,Late_Night,Delhi,Economy,9.83,37,6326
185656,SpiceJet,SG-520,Chennai,Afternoon,one,Night,Delhi,Economy,7.0,37,6956
185676,SpiceJet,SG-329,Chennai,Afternoon,one,Evening,Delhi,Economy,26.42,37,8768
185677,SpiceJet,SG-520,Chennai,Afternoon,one,Evening,Delhi,Economy,26.58,37,16826
185695,SpiceJet,SG-8104,Chennai,Early_Morning,zero,Morning,Delhi,Economy,2.67,38,2568
185696,SpiceJet,SG-8108,Chennai,Night,zero,Late_Night,Delhi,Economy,2.75,38,2568
185707,SpiceJet,SG-731,Chennai,Early_Morning,one,Night,Delhi,Economy,17.5,38,3314
185752,SpiceJet,SG-678,Chennai,Early_Morning,one,Afternoon,Delhi,Economy,6.25,38,4827
185762,SpiceJet,SG-612,Chennai,Night,one,Morning,Delhi,Economy,11.75,38,4827
185765,SpiceJet,SG-612,Chennai,Night,one,Afternoon,Delhi,Economy,14.67,38,4827
185767,SpiceJet,SG-612,Chennai,Night,one,Night,Delhi,Economy,24.0,38,4827
185768,SpiceJet,SG-612,Chennai,Night,one,Night,Delhi,Economy,25.92,38,4827
185769,SpiceJet,SG-678,Chennai,Early_Morning,one,Morning,Delhi,Economy,27.17,38,4827
185782,SpiceJet,SG-678,Chennai,Early_Morning,one,Night,Delhi,Economy,15.42,38,5100
185783,SpiceJet,SG-678,Chennai,Early_Morning,one,Night,Delhi,Economy,17.33,38,5100
185791,SpiceJet,SG-4010,Chennai,Morning,one,Night,Delhi,Economy,13.5,38,5388
185792,SpiceJet,SG-4010,Chennai,Morning,one,Late_Night,Delhi,Economy,16.25,38,5388
185793,SpiceJet,SG-4010,Chennai,Morning,one,Morning,Delhi,Economy,24.33,38,5388
185828,SpiceJet,SG-329,Chennai,Afternoon,one,Evening,Delhi,Economy,26.42,38,8768
185831,SpiceJet,SG-520,Chennai,Afternoon,one,Evening,Delhi,Economy,26.58,38,9580
185832,SpiceJet,SG-520,Chennai,Afternoon,one,Late_Night,Delhi,Economy,9.83,38,10316
185835,SpiceJet,SG-520,Chennai,Afternoon,one,Night,Delhi,Economy,7.0,38,13046
185844,SpiceJet,SG-8104,Chennai,Early_Morning,zero,Morning,Delhi,Economy,2.67,39,2568
185845,SpiceJet,SG-8108,Chennai,Night,zero,Late_Night,Delhi,Economy,2.75,39,2568
185926,SpiceJet,SG-678,Chennai,Early_Morning,one,Afternoon,Delhi,Economy,6.08,39,4827
185938,SpiceJet,SG-612,Chennai,Night,one,Afternoon,Delhi,Economy,14.83,39,4827
185940,SpiceJet,SG-678,Chennai,Early_Morning,one,Night,Delhi,Economy,17.33,39,4827
185941,SpiceJet,SG-612,Chennai,Night,one,Night,Delhi,Economy,24.0,39,4827
185942,SpiceJet,SG-612,Chennai,Night,one,Night,Delhi,Economy,25.92,39,4827
185955,SpiceJet,SG-612,Chennai,Night,one,Morning,Delhi,Economy,11.75,39,5100
185956,SpiceJet,SG-678,Chennai,Early_Morning,one,Night,Delhi,Economy,15.42,39,5100
185957,SpiceJet,SG-678,Chennai,Early_Morning,one,Morning,Delhi,Economy,27.17,39,5100
185967,SpiceJet,SG-4010,Chennai,Morning,one,Night,Delhi,Economy,13.5,39,5388
185968,SpiceJet,SG-4010,Chennai,Morning,one,Late_Night,Delhi,Economy,16.25,39,5388
185969,SpiceJet,SG-4010,Chennai,Morning,one,Morning,Delhi,Economy,24.33,39,5388
185989,SpiceJet,SG-329,Chennai,Afternoon,one,Evening,Delhi,Economy,26.42,39,8768
186008,SpiceJet,SG-8104,Chennai,Early_Morning,zero,Morning,Delhi,Economy,2.67,40,2568
186009,SpiceJet,SG-8108,Chennai,Night,zero,Late_Night,Delhi,Economy,2.75,40,2568
186047,SpiceJet,SG-731,Chennai,Early_Morning,one,Night,Delhi,Economy,17.5,40,3314
186086,SpiceJet,SG-678,Chennai,Early_Morning,one,Afternoon,Delhi,Economy,6.25,40,4827
186098,SpiceJet,SG-612,Chennai,Night,one,Afternoon,Delhi,Economy,14.67,40,4827
186100,SpiceJet,SG-678,Chennai,Early_Morning,one,Night,Delhi,Economy,15.42,40,4827
186101,SpiceJet,SG-678,Chennai,Early_Morning,one,Night,Delhi,Economy,17.33,40,4827
186102,SpiceJet,SG-612,Chennai,Night,one,Night,Delhi,Economy,24.0,40,4827
186103,SpiceJet,SG-612,Chennai,Night,one,Night,Delhi,Economy,25.92,40,4827
186117,SpiceJet,SG-612,Chennai,Night,one,Morning,Delhi,Economy,11.75,40,5100
186118,SpiceJet,SG-678,Chennai,Early_Morning,one,Morning,Delhi,Economy,27.17,40,5100
186128,SpiceJet,SG-4010,Chennai,Morning,one,Night,Delhi,Economy,13.5,40,5388
186129,SpiceJet,SG-4010,Chennai,Morning,one,Late_Night,Delhi,Economy,16.25,40,5388
186130,SpiceJet,SG-4010,Chennai,Morning,one,Morning,Delhi,Economy,24.33,40,5388
186131,SpiceJet,SG-520,Chennai,Afternoon,one,Late_Night,Delhi,Economy,9.83,40,6326
186132,SpiceJet,SG-520,Chennai,Afternoon,one,Evening,Delhi,Economy,26.58,40,6326
186147,SpiceJet,SG-520,Chennai,Afternoon,one,Night,Delhi,Economy,7.0,40,7796
186152,SpiceJet,SG-329,Chennai,Afternoon,one,Evening,Delhi,Economy,26.42,40,8768
186164,SpiceJet,SG-8104,Chennai,Early_Morning,zero,Morning,Delhi,Economy,2.67,41,2568
186165,SpiceJet,SG-8108,Chennai,Night,zero,Late_Night,Delhi,Economy,2.75,41,2568
186250,SpiceJet,SG-678,Chennai,Early_Morning,one,Afternoon,Delhi,Economy,6.08,41,4827
186259,SpiceJet,SG-612,Chennai,Night,one,Morning,Delhi,Economy,11.75,41,4827
186262,SpiceJet,SG-612,Chennai,Night,one,Afternoon,Delhi,Economy,14.83,41,4827
186264,SpiceJet,SG-678,Chennai,Early_Morning,one,Night,Delhi,Economy,15.42,41,4827
186265,SpiceJet,SG-678,Chennai,Early_Morning,one,Night,Delhi,Economy,17.33,41,4827
186266,SpiceJet,SG-612,Chennai,Night,one,Night,Delhi,Economy,24.0,41,4827
186267,SpiceJet,SG-612,Chennai,Night,one,Night,Delhi,Economy,25.92,41,4827
186268,SpiceJet,SG-678,Chennai,Early_Morning,one,Morning,Delhi,Economy,27.17,41,4827
186294,SpiceJet,SG-4010,Chennai,Morning,one,Night,Delhi,Economy,13.5,41,5388
186295,SpiceJet,SG-4010,Chennai,Morning,one,Late_Night,Delhi,Economy,16.25,41,5388
186296,SpiceJet,SG-4010,Chennai,Morning,one,Morning,Delhi,Economy,24.33,41,5388
186316,SpiceJet,SG-329,Chennai,Afternoon,one,Evening,Delhi,Economy,26.42,41,8768
186329,SpiceJet,SG-8104,Chennai,Early_Morning,zero,Morning,Delhi,Economy,2.67,42,2568
186330,SpiceJet,SG-8108,Chennai,Night,zero,Late_Night,Delhi,Economy,2.75,42,2568
186364,SpiceJet,SG-731,Chennai,Early_Morning,one,Night,Delhi,Economy,17.5,42,3314
186414,SpiceJet,SG-678,Chennai,Early_Morning,one,Afternoon,Delhi,Economy,6.25,42,4827
186423,SpiceJet,SG-612,Chennai,Night,one,Morning,Delhi,Economy,11.75,42,4827
186426,SpiceJet,SG-612,Chennai,Night,one,Afternoon,Delhi,Economy,14.67,42,4827
186428,SpiceJet,SG-678,Chennai,Early_Morning,one,Night,Delhi,Economy,15.42,42,4827
186429,SpiceJet,SG-678,Chennai,Early_Morning,one,Night,Delhi,Economy,17.33,42,4827
186430,SpiceJet,SG-612,Chennai,Night,one,Night,Delhi,Economy,24.0,42,4827
186431,SpiceJet,SG-612,Chennai,Night,one,Night,Delhi,Economy,25.92,42,4827
186432,SpiceJet,SG-678,Chennai,Early_Morning,one,Morning,Delhi,Economy,27.17,42,4827
186457,SpiceJet,SG-4010,Chennai,Morning,one,Night,Delhi,Economy,13.5,42,5388
186458,SpiceJet,SG-4010,Chennai,Morning,one,Late_Night,Delhi,Economy,16.25,42,5388
186459,SpiceJet,SG-4010,Chennai,Morning,one,Morning,Delhi,Economy,24.33,42,5388
186462,SpiceJet,SG-520,Chennai,Afternoon,one,Night,Delhi,Economy,7.0,42,6326
186463,SpiceJet,SG-520,Chennai,Afternoon,one,Late_Night,Delhi,Economy,9.83,42,6326
186464,SpiceJet,SG-520,Chennai,Afternoon,one,Evening,Delhi,Economy,26.58,42,6326
186483,SpiceJet,SG-329,Chennai,Afternoon,one,Evening,Delhi,Economy,26.42,42,8768
186491,SpiceJet,SG-8104,Chennai,Early_Morning,zero,Morning,Delhi,Economy,2.67,43,2568
186492,SpiceJet,SG-8108,Chennai,Night,zero,Late_Night,Delhi,Economy,2.75,43,2568
186567,SpiceJet,SG-678,Chennai,Early_Morning,one,Afternoon,Delhi,Economy,6.08,43,4827
186577,SpiceJet,SG-612,Chennai,Night,one,Morning,Delhi,Economy,11.75,43,4827
186580,SpiceJet,SG-612,Chennai,Night,one,Afternoon,Delhi,Economy,14.83,43,4827
186582,SpiceJet,SG-678,Chennai,Early_Morning,one,Night,Delhi,Economy,15.42,43,4827
186583,SpiceJet,SG-678,Chennai,Early_Morning,one,Night,Delhi,Economy,17.33,43,4827
186584,SpiceJet,SG-612,Chennai,Night,one,Night,Delhi,Economy,24.0,43,4827
186585,SpiceJet,SG-612,Chennai,Night,one,Night,Delhi,Economy,25.92,43,4827
186586,SpiceJet,SG-678,Chennai,Early_Morning,one,Morning,Delhi,Economy,27.17,43,4827
186613,SpiceJet,SG-4010,Chennai,Morning,one,Night,Delhi,Economy,13.5,43,5388
186614,SpiceJet,SG-4010,Chennai,Morning,one,Late_Night,Delhi,Economy,16.25,43,5388
186615,SpiceJet,SG-4010,Chennai,Morning,one,Morning,Delhi,Economy,24.33,43,5388
186631,SpiceJet,SG-329,Chennai,Afternoon,one,Evening,Delhi,Economy,26.42,43,8768
186645,SpiceJet,SG-8104,Chennai,Early_Morning,zero,Morning,Delhi,Economy,2.67,44,2568
186646,SpiceJet,SG-8108,Chennai,Night,zero,Late_Night,Delhi,Economy,2.75,44,2568
186680,SpiceJet,SG-731,Chennai,Early_Morning,one,Night,Delhi,Economy,17.5,44,3314
186718,SpiceJet,SG-678,Chennai,Early_Morning,one,Afternoon,Delhi,Economy,6.25,44,4827
186728,SpiceJet,SG-612,Chennai,Night,one,Morning,Delhi,Economy,11.75,44,4827
186731,SpiceJet,SG-612,Chennai,Night,one,Afternoon,Delhi,Economy,14.67,44,4827
186733,SpiceJet,SG-678,Chennai,Early_Morning,one,Night,Delhi,Economy,15.42,44,4827
186734,SpiceJet,SG-678,Chennai,Early_Morning,one,Night,Delhi,Economy,17.33,44,4827
186735,SpiceJet,SG-612,Chennai,Night,one,Night,Delhi,Economy,24.75,44,4827
186736,SpiceJet,SG-678,Chennai,Early_Morning,one,Morning,Delhi,Economy,27.17,44,4827
186751,SpiceJet,SG-612,Chennai,Night,one,Night,Delhi,Economy,23.67,44,5100
186762,SpiceJet,SG-4010,Chennai,Morning,one,Night,Delhi,Economy,13.5,44,5388
186763,SpiceJet,SG-4010,Chennai,Morning,one,Late_Night,Delhi,Economy,16.25,44,5388
186764,SpiceJet,SG-4010,Chennai,Morning,one,Morning,Delhi,Economy,24.33,44,5388
186771,SpiceJet,SG-520,Chennai,Afternoon,one,Late_Night,Delhi,Economy,9.83,44,6536
186772,SpiceJet,SG-520,Chennai,Afternoon,one,Night,Delhi,Economy,7.0,44,6850
186788,SpiceJet,SG-329,Chennai,Afternoon,one,Evening,Delhi,Economy,26.08,44,8768
186789,SpiceJet,SG-520,Chennai,Afternoon,one,Evening,Delhi,Economy,26.58,44,9056
186800,SpiceJet,SG-8104,Chennai,Early_Morning,zero,Morning,Delhi,Economy,2.75,45,2568
186801,SpiceJet,SG-8108,Chennai,Night,zero,Late_Night,Delhi,Economy,2.75,45,2568
186876,SpiceJet,SG-678,Chennai,Early_Morning,one,Afternoon,Delhi,Economy,6.08,45,4827
186884,SpiceJet,SG-612,Chennai,Night,one,Morning,Delhi,Economy,11.67,45,4827
186886,SpiceJet,SG-612,Chennai,Night,one,Afternoon,Delhi,Economy,14.58,45,4827
186887,SpiceJet,SG-678,Chennai,Early_Morning,one,Night,Delhi,Economy,16.17,45,4827
186888,SpiceJet,SG-612,Chennai,Night,one,Night,Delhi,Economy,24.67,45,4827
186889,SpiceJet,SG-678,Chennai,Early_Morning,one,Morning,Delhi,Economy,27.17,45,4827
186901,SpiceJet,SG-395,Chennai,Morning,one,Evening,Delhi,Economy,8.92,45,4876
186903,SpiceJet,SG-395,Chennai,Morning,one,Morning,Delhi,Economy,24.17,45,4876
186904,SpiceJet,SG-678,Chennai,Early_Morning,one,Night,Delhi,Economy,15.08,45,5100
186905,SpiceJet,SG-612,Chennai,Night,one,Night,Delhi,Economy,23.58,45,5100
186958,SpiceJet,SG-8104,Chennai,Early_Morning,zero,Morning,Delhi,Economy,2.75,46,2568
186959,SpiceJet,SG-8108,Chennai,Night,zero,Late_Night,Delhi,Economy,2.75,46,2568
187028,SpiceJet,SG-678,Chennai,Early_Morning,one,Afternoon,Delhi,Economy,6.08,46,4827
187036,SpiceJet,SG-612,Chennai,Night,one,Morning,Delhi,Economy,11.67,46,4827
187038,SpiceJet,SG-612,Chennai,Night,one,Afternoon,Delhi,Economy,14.58,46,4827
187039,SpiceJet,SG-678,Chennai,Early_Morning,one,Night,Delhi,Economy,16.17,46,4827
187040,SpiceJet,SG-612,Chennai,Night,one,Night,Delhi,Economy,23.58,46,4827
187041,SpiceJet,SG-612,Chennai,Night,one,Night,Delhi,Economy,24.67,46,4827
187042,SpiceJet,SG-678,Chennai,Early_Morning,one,Morning,Delhi,Economy,27.17,46,4827
187059,SpiceJet,SG-395,Chennai,Morning,one,Evening,Delhi,Economy,8.92,46,4876
187061,SpiceJet,SG-395,Chennai,Morning,one,Morning,Delhi,Economy,24.17,46,4876
187062,SpiceJet,SG-678,Chennai,Early_Morning,one,Night,Delhi,Economy,15.08,46,5100
187110,SpiceJet,SG-8104,Chennai,Early_Morning,zero,Morning,Delhi,Economy,2.75,47,2568
187111,SpiceJet,SG-8108,Chennai,Night,zero,Late_Night,Delhi,Economy,2.75,47,2568
187190,SpiceJet,SG-678,Chennai,Early_Morning,one,Afternoon,Delhi,Economy,6.08,47,4827
187198,SpiceJet,SG-612,Chennai,Night,one,Morning,Delhi,Economy,11.67,47,4827
187200,SpiceJet,SG-612,Chennai,Night,one,Afternoon,Delhi,Economy,14.58,47,4827
187201,SpiceJet,SG-678,Chennai,Early_Morning,one,Night,Delhi,Economy,15.08,47,4827
187202,SpiceJet,SG-678,Chennai,Early_Morning,one,Night,Delhi,Economy,16.17,47,4827
187203,SpiceJet,SG-612,Chennai,Night,one,Night,Delhi,Economy,23.58,47,4827
187204,SpiceJet,SG-612,Chennai,Night,one,Night,Delhi,Economy,24.67,47,4827
187205,SpiceJet,SG-678,Chennai,Early_Morning,one,Morning,Delhi,Economy,27.17,47,4827
187222,SpiceJet,SG-395,Chennai,Morning,one,Evening,Delhi,Economy,8.92,47,4876
187224,SpiceJet,SG-395,Chennai,Morning,one,Morning,Delhi,Economy,24.17,47,4876
187262,SpiceJet,SG-8104,Chennai,Early_Morning,zero,Morning,Delhi,Economy,2.75,48,2568
187263,SpiceJet,SG-8108,Chennai,Night,zero,Late_Night,Delhi,Economy,2.75,48,2568
187340,SpiceJet,SG-678,Chennai,Early_Morning,one,Afternoon,Delhi,Economy,6.08,48,4827
187347,SpiceJet,SG-612,Chennai,Night,one,Morning,Delhi,Economy,11.67,48,4827
187349,SpiceJet,SG-612,Chennai,Night,one,Afternoon,Delhi,Economy,14.58,48,4827
187350,SpiceJet,SG-678,Chennai,Early_Morning,one,Night,Delhi,Economy,15.08,48,4827
187351,SpiceJet,SG-678,Chennai,Early_Morning,one,Night,Delhi,Economy,16.17,48,4827
187352,SpiceJet,SG-612,Chennai,Night,one,Night,Delhi,Economy,24.67,48,4827
187353,SpiceJet,SG-678,Chennai,Early_Morning,one,Morning,Delhi,Economy,27.17,48,4827
187366,SpiceJet,SG-395,Chennai,Morning,one,Morning,Delhi,Economy,24.17,48,4876
187367,SpiceJet,SG-612,Chennai,Night,one,Night,Delhi,Economy,23.58,48,5100
187377,SpiceJet,SG-395,Chennai,Morning,one,Evening,Delhi,Economy,8.92,48,5433
187401,SpiceJet,SG-8104,Chennai,Early_Morning,zero,Morning,Delhi,Economy,2.75,49,2568
187402,SpiceJet,SG-8108,Chennai,Night,zero,Late_Night,Delhi,Economy,2.75,49,2568
187490,SpiceJet,SG-678,Chennai,Early_Morning,one,Afternoon,Delhi,Economy,6.08,49,4827
187498,SpiceJet,SG-678,Chennai,Early_Morning,one,Night,Delhi,Economy,16.17,49,4827
187516,SpiceJet,SG-395,Chennai,Morning,one,Evening,Delhi,Economy,8.92,49,4876
187518,SpiceJet,SG-678,Chennai,Early_Morning,one,Night,Delhi,Economy,15.08,49,5100
187530,SpiceJet,SG-612,Chennai,Night,one,Morning,Delhi,Economy,11.67,49,5416
187531,SpiceJet,SG-612,Chennai,Night,one,Night,Delhi,Economy,24.67,49,5416
187532,SpiceJet,SG-678,Chennai,Early_Morning,one,Morning,Delhi,Economy,27.17,49,5416
187533,SpiceJet,SG-395,Chennai,Morning,one,Morning,Delhi,Economy,24.17,49,5433
187540,SpiceJet,SG-612,Chennai,Night,one,Afternoon,Delhi,Economy,14.58,49,5730
187541,SpiceJet,SG-612,Chennai,Night,one,Night,Delhi,Economy,23.58,49,5730
187564,SpiceJet,SG-612,Chennai,Night,zero,Night,Mumbai,Economy,2.0,2,5881
187566,SpiceJet,SG-4010,Chennai,Morning,one,Early_Morning,Mumbai,Economy,22.92,2,5881
187573,SpiceJet,SG-678,Chennai,Early_Morning,zero,Morning,Mumbai,Economy,1.92,2,10817
187574,SpiceJet,SG-520,Chennai,Afternoon,one,Evening,Mumbai,Economy,3.67,2,10818
187598,SpiceJet,SG-520,Chennai,Afternoon,one,Afternoon,Mumbai,Economy,23.58,2,16908
187651,SpiceJet,SG-612,Chennai,Night,zero,Night,Mumbai,Economy,2.0,3,5881
187655,SpiceJet,SG-678,Chennai,Early_Morning,zero,Morning,Mumbai,Economy,1.92,3,6407
187735,SpiceJet,SG-612,Chennai,Night,zero,Night,Mumbai,Economy,2.0,4,5881
187737,SpiceJet,SG-4010,Chennai,Morning,one,Early_Morning,Mumbai,Economy,22.92,4,5881
187752,SpiceJet,SG-678,Chennai,Early_Morning,zero,Morning,Mumbai,Economy,1.92,4,9031
187840,SpiceJet,SG-6006,Chennai,Early_Morning,zero,Early_Morning,Mumbai,Economy,1.92,5,5881
187841,SpiceJet,SG-678,Chennai,Early_Morning,zero,Morning,Mumbai,Economy,1.92,5,5881
187842,SpiceJet,SG-6005,Chennai,Night,zero,Night,Mumbai,Economy,2.0,5,5881
187843,SpiceJet,SG-612,Chennai,Night,zero,Night,Mumbai,Economy,2.0,5,5881
187846,SpiceJet,SG-520,Chennai,Afternoon,one,Early_Morning,Mumbai,Economy,15.5,5,5881
187862,SpiceJet,SG-520,Chennai,Afternoon,one,Afternoon,Mumbai,Economy,23.58,5,8298
187878,SpiceJet,SG-520,Chennai,Afternoon,one,Evening,Mumbai,Economy,3.67,5,10082
187946,SpiceJet,SG-6006,Chennai,Early_Morning,zero,Early_Morning,Mumbai,Economy,1.92,6,5881
187947,SpiceJet,SG-678,Chennai,Early_Morning,zero,Morning,Mumbai,Economy,1.92,6,5881
187948,SpiceJet,SG-6005,Chennai,Night,zero,Night,Mumbai,Economy,2.0,6,5881
187949,SpiceJet,SG-612,Chennai,Night,zero,Night,Mumbai,Economy,2.0,6,5881
187953,SpiceJet,SG-4010,Chennai,Morning,one,Early_Morning,Mumbai,Economy,22.0,6,5881
188062,SpiceJet,SG-6006,Chennai,Early_Morning,zero,Early_Morning,Mumbai,Economy,1.92,7,5881
188063,SpiceJet,SG-678,Chennai,Early_Morning,zero,Morning,Mumbai,Economy,1.92,7,5881
188064,SpiceJet,SG-6005,Chennai,Night,zero,Night,Mumbai,Economy,2.0,7,5881
188065,SpiceJet,SG-612,Chennai,Night,zero,Night,Mumbai,Economy,2.0,7,5881
188096,SpiceJet,SG-520,Chennai,Afternoon,one,Early_Morning,Mumbai,Economy,15.5,7,9032
188119,SpiceJet,SG-520,Chennai,Afternoon,one,Evening,Mumbai,Economy,3.67,7,9504
188122,SpiceJet,SG-520,Chennai,Afternoon,one,Afternoon,Mumbai,Economy,23.58,7,10502
188182,SpiceJet,SG-6006,Chennai,Early_Morning,zero,Early_Morning,Mumbai,Economy,1.92,8,5881
188183,SpiceJet,SG-678,Chennai,Early_Morning,zero,Morning,Mumbai,Economy,1.92,8,5881
188184,SpiceJet,SG-6005,Chennai,Night,zero,Night,Mumbai,Economy,2.0,8,5881
188185,SpiceJet,SG-612,Chennai,Night,zero,Night,Mumbai,Economy,2.0,8,5881
188188,SpiceJet,SG-4010,Chennai,Morning,one,Early_Morning,Mumbai,Economy,22.92,8,5881
188301,SpiceJet,SG-6006,Chennai,Early_Morning,zero,Early_Morning,Mumbai,Economy,1.92,9,5881
188302,SpiceJet,SG-678,Chennai,Early_Morning,zero,Morning,Mumbai,Economy,1.92,9,5881
188303,SpiceJet,SG-6005,Chennai,Night,zero,Night,Mumbai,Economy,2.0,9,5881
188304,SpiceJet,SG-612,Chennai,Night,zero,Night,Mumbai,Economy,2.0,9,5881
188310,SpiceJet,SG-4010,Chennai,Morning,one,Early_Morning,Mumbai,Economy,22.92,9,5881
188312,SpiceJet,SG-520,Chennai,Afternoon,one,Early_Morning,Mumbai,Economy,15.5,9,5987
188357,SpiceJet,SG-520,Chennai,Afternoon,one,Evening,Mumbai,Economy,3.67,9,11868
188390,SpiceJet,SG-520,Chennai,Afternoon,one,Afternoon,Mumbai,Economy,23.17,9,14282
188391,SpiceJet,SG-520,Chennai,Afternoon,one,Afternoon,Mumbai,Economy,23.58,9,14282
188425,SpiceJet,SG-6006,Chennai,Early_Morning,zero,Early_Morning,Mumbai,Economy,1.92,10,5881
188426,SpiceJet,SG-678,Chennai,Early_Morning,zero,Morning,Mumbai,Economy,1.92,10,5881
188427,SpiceJet,SG-6005,Chennai,Night,zero,Night,Mumbai,Economy,2.0,10,5881
188428,SpiceJet,SG-612,Chennai,Night,zero,Night,Mumbai,Economy,2.0,10,5881
188461,SpiceJet,SG-520,Chennai,Afternoon,one,Early_Morning,Mumbai,Economy,15.5,10,9138
188510,SpiceJet,SG-520,Chennai,Afternoon,one,Afternoon,Mumbai,Economy,23.58,10,13442
188515,SpiceJet,SG-520,Chennai,Afternoon,one,Evening,Mumbai,Economy,3.67,10,14178
188551,SpiceJet,SG-6006,Chennai,Early_Morning,zero,Early_Morning,Mumbai,Economy,1.92,11,5881
188552,SpiceJet,SG-678,Chennai,Early_Morning,zero,Morning,Mumbai,Economy,1.92,11,5881
188554,SpiceJet,SG-6005,Chennai,Night,zero,Night,Mumbai,Economy,2.0,11,5881
188555,SpiceJet,SG-612,Chennai,Night,zero,Night,Mumbai,Economy,2.0,11,5881
188562,SpiceJet,SG-4010,Chennai,Morning,one,Early_Morning,Mumbai,Economy,22.92,11,5881
188688,SpiceJet,SG-6006,Chennai,Early_Morning,zero,Early_Morning,Mumbai,Economy,1.92,12,5881
188689,SpiceJet,SG-678,Chennai,Early_Morning,zero,Morning,Mumbai,Economy,1.92,12,5881
188691,SpiceJet,SG-6005,Chennai,Night,zero,Night,Mumbai,Economy,2.0,12,5881
188692,SpiceJet,SG-612,Chennai,Night,zero,Night,Mumbai,Economy,2.0,12,5881
188706,SpiceJet,SG-520,Chennai,Afternoon,one,Early_Morning,Mumbai,Economy,15.5,12,5881
188740,SpiceJet,SG-520,Chennai,Afternoon,one,Afternoon,Mumbai,Economy,23.58,12,9138
188758,SpiceJet,SG-520,Chennai,Afternoon,one,Evening,Mumbai,Economy,3.67,12,10082
188824,SpiceJet,SG-678,Chennai,Early_Morning,zero,Morning,Mumbai,Economy,1.92,13,5881
188825,SpiceJet,SG-612,Chennai,Night,zero,Night,Mumbai,Economy,2.0,13,5881
188831,SpiceJet,SG-6006,Chennai,Early_Morning,zero,Early_Morning,Mumbai,Economy,1.92,13,5881
188844,SpiceJet,SG-4010,Chennai,Morning,one,Early_Morning,Mumbai,Economy,22.0,13,5881
188868,SpiceJet,SG-6005,Chennai,Night,zero,Night,Mumbai,Economy,2.0,13,9031
188965,SpiceJet,SG-678,Chennai,Early_Morning,zero,Morning,Mumbai,Economy,1.92,14,5881
188966,SpiceJet,SG-612,Chennai,Night,zero,Night,Mumbai,Economy,2.0,14,5881
188972,SpiceJet,SG-6006,Chennai,Early_Morning,zero,Early_Morning,Mumbai,Economy,1.92,14,5881
189014,SpiceJet,SG-6005,Chennai,Night,zero,Night,Mumbai,Economy,2.0,14,9031
189033,SpiceJet,SG-520,Chennai,Afternoon,one,Early_Morning,Mumbai,Economy,15.5,14,9348
189036,SpiceJet,SG-520,Chennai,Afternoon,one,Evening,Mumbai,Economy,3.67,14,9452
189045,SpiceJet,SG-520,Chennai,Afternoon,one,Afternoon,Mumbai,Economy,23.58,14,10502
189109,SpiceJet,SG-4010,Chennai,Morning,one,Early_Morning,Mumbai,Economy,22.92,15,5881
189110,SpiceJet,SG-678,Chennai,Early_Morning,zero,Morning,Mumbai,Economy,1.92,15,5881
189111,SpiceJet,SG-612,Chennai,Night,zero,Night,Mumbai,Economy,2.0,15,5881
189118,SpiceJet,SG-6006,Chennai,Early_Morning,zero,Early_Morning,Mumbai,Economy,1.92,15,5881
189150,SpiceJet,SG-6005,Chennai,Night,zero,Night,Mumbai,Economy,2.0,15,9031
189256,SpiceJet,SG-4010,Chennai,Morning,one,Early_Morning,Mumbai,Economy,22.92,16,2955
189260,SpiceJet,SG-6006,Chennai,Early_Morning,zero,Early_Morning,Mumbai,Economy,1.92,16,3150
189261,SpiceJet,SG-678,Chennai,Early_Morning,zero,Morning,Mumbai,Economy,1.92,16,3150
189262,SpiceJet,SG-612,Chennai,Night,zero,Night,Mumbai,Economy,2.0,16,3150
189280,SpiceJet,SG-520,Chennai,Afternoon,one,Early_Morning,Mumbai,Economy,15.5,16,4048
189331,SpiceJet,SG-6005,Chennai,Night,zero,Night,Mumbai,Economy,2.0,16,8828
189353,SpiceJet,SG-520,Chennai,Afternoon,one,Evening,Mumbai,Economy,3.67,16,10330
189374,SpiceJet,SG-520,Chennai,Afternoon,one,Afternoon,Mumbai,Economy,23.58,16,13584
189397,SpiceJet,SG-6006,Chennai,Early_Morning,zero,Early_Morning,Mumbai,Economy,1.92,17,3150
189398,SpiceJet,SG-678,Chennai,Early_Morning,zero,Morning,Mumbai,Economy,1.92,17,3150
189399,SpiceJet,SG-612,Chennai,Night,zero,Night,Mumbai,Economy,2.0,17,3150
189477,SpiceJet,SG-6005,Chennai,Night,zero,Night,Mumbai,Economy,2.0,17,8828
189487,SpiceJet,SG-520,Chennai,Afternoon,one,Early_Morning,Mumbai,Economy,15.5,17,9490
189504,SpiceJet,SG-520,Chennai,Afternoon,one,Afternoon,Mumbai,Economy,23.58,17,11170
189507,SpiceJet,SG-520,Chennai,Afternoon,one,Evening,Mumbai,Economy,3.67,17,11694
189543,SpiceJet,SG-6006,Chennai,Early_Morning,zero,Early_Morning,Mumbai,Economy,1.92,18,3150
189544,SpiceJet,SG-678,Chennai,Early_Morning,zero,Morning,Mumbai,Economy,1.92,18,3150
189545,SpiceJet,SG-612,Chennai,Night,zero,Night,Mumbai,Economy,2.0,18,3150
189642,SpiceJet,SG-6005,Chennai,Night,zero,Night,Mumbai,Economy,2.0,18,8828
189682,SpiceJet,SG-678,Chennai,Early_Morning,zero,Morning,Mumbai,Economy,1.92,19,3150
189683,SpiceJet,SG-612,Chennai,Night,zero,Night,Mumbai,Economy,2.0,19,3150
189730,SpiceJet,SG-520,Chennai,Afternoon,one,Early_Morning,Mumbai,Economy,15.5,19,4372
189791,SpiceJet,SG-520,Chennai,Afternoon,one,Afternoon,Mumbai,Economy,23.58,19,8328
189800,SpiceJet,SG-520,Chennai,Afternoon,one,Evening,Mumbai,Economy,3.67,19,10542
189831,SpiceJet,SG-678,Chennai,Early_Morning,zero,Morning,Mumbai,Economy,1.92,20,3150
189832,SpiceJet,SG-612,Chennai,Night,zero,Night,Mumbai,Economy,2.0,20,3150
189965,SpiceJet,SG-678,Chennai,Early_Morning,zero,Morning,Mumbai,Economy,1.92,21,3150
189966,SpiceJet,SG-612,Chennai,Night,zero,Night,Mumbai,Economy,2.0,21,3150
190022,SpiceJet,SG-520,Chennai,Afternoon,one,Evening,Mumbai,Economy,3.67,21,4372
190023,SpiceJet,SG-520,Chennai,Afternoon,one,Early_Morning,Mumbai,Economy,15.5,21,4372
190042,SpiceJet,SG-520,Chennai,Afternoon,one,Afternoon,Mumbai,Economy,23.58,21,4688
190112,SpiceJet,SG-678,Chennai,Early_Morning,zero,Morning,Mumbai,Economy,1.92,22,3150
190113,SpiceJet,SG-612,Chennai,Night,zero,Night,Mumbai,Economy,2.0,22,3150
190251,SpiceJet,SG-678,Chennai,Early_Morning,zero,Morning,Mumbai,Economy,1.92,23,3150
190252,SpiceJet,SG-612,Chennai,Night,zero,Night,Mumbai,Economy,2.0,23,3150
190284,SpiceJet,SG-520,Chennai,Afternoon,one,Early_Morning,Mumbai,Economy,15.5,23,4372
190330,SpiceJet,SG-520,Chennai,Afternoon,one,Evening,Mumbai,Economy,3.67,23,7174
190350,SpiceJet,SG-520,Chennai,Afternoon,one,Afternoon,Mumbai,Economy,23.58,23,8854
190381,SpiceJet,SG-678,Chennai,Early_Morning,zero,Morning,Mumbai,Economy,1.92,24,3150
190382,SpiceJet,SG-612,Chennai,Night,zero,Night,Mumbai,Economy,2.0,24,3150
190415,SpiceJet,SG-520,Chennai,Afternoon,one,Early_Morning,Mumbai,Economy,15.5,24,4372
190447,SpiceJet,SG-520,Chennai,Afternoon,one,Afternoon,Mumbai,Economy,23.58,24,5108
190507,SpiceJet,SG-520,Chennai,Afternoon,one,Evening,Mumbai,Economy,3.67,24,10122
190534,SpiceJet,SG-678,Chennai,Early_Morning,zero,Morning,Mumbai,Economy,1.92,25,3150
190535,SpiceJet,SG-612,Chennai,Night,zero,Night,Mumbai,Economy,2.0,25,3150
190677,SpiceJet,SG-678,Chennai,Early_Morning,zero,Morning,Mumbai,Economy,1.92,26,3150
190678,SpiceJet,SG-612,Chennai,Night,zero,Night,Mumbai,Economy,2.0,26,3150
190697,SpiceJet,SG-520,Chennai,Afternoon,one,Evening,Mumbai,Economy,3.67,26,4048
190698,SpiceJet,SG-520,Chennai,Afternoon,one,Early_Morning,Mumbai,Economy,15.5,26,4048
190699,SpiceJet,SG-520,Chennai,Afternoon,one,Afternoon,Mumbai,Economy,23.58,26,4048
190817,SpiceJet,SG-678,Chennai,Early_Morning,zero,Morning,Mumbai,Economy,1.92,27,3150
190818,SpiceJet,SG-612,Chennai,Night,zero,Night,Mumbai,Economy,2.0,27,3150
190952,SpiceJet,SG-678,Chennai,Early_Morning,zero,Morning,Mumbai,Economy,1.92,28,3150
190953,SpiceJet,SG-612,Chennai,Night,zero,Night,Mumbai,Economy,2.0,28,3150
191016,SpiceJet,SG-520,Chennai,Afternoon,one,Early_Morning,Mumbai,Economy,15.5,28,4372
191017,SpiceJet,SG-520,Chennai,Afternoon,one,Afternoon,Mumbai,Economy,23.58,28,4372
191038,SpiceJet,SG-520,Chennai,Afternoon,one,Evening,Mumbai,Economy,3.67,28,4688
191089,SpiceJet,SG-678,Chennai,Early_Morning,zero,Morning,Mumbai,Economy,1.92,29,3150
191090,SpiceJet,SG-612,Chennai,Night,zero,Night,Mumbai,Economy,2.0,29,3150
191229,SpiceJet,SG-678,Chennai,Early_Morning,zero,Morning,Mumbai,Economy,1.92,30,3150
191230,SpiceJet,SG-612,Chennai,Night,zero,Night,Mumbai,Economy,2.0,30,3150
191251,SpiceJet,SG-520,Chennai,Afternoon,one,Early_Morning,Mumbai,Economy,15.5,30,4048
191265,SpiceJet,SG-520,Chennai,Afternoon,one,Evening,Mumbai,Economy,3.67,30,4372
191324,SpiceJet,SG-520,Chennai,Afternoon,one,Afternoon,Mumbai,Economy,23.58,30,8545
191382,SpiceJet,SG-678,Chennai,Early_Morning,zero,Morning,Mumbai,Economy,1.92,31,3000
191385,SpiceJet,SG-612,Chennai,Night,zero,Night,Mumbai,Economy,2.0,31,3000
191403,SpiceJet,SG-520,Chennai,Afternoon,one,Early_Morning,Mumbai,Economy,15.5,31,4103
191433,SpiceJet,SG-520,Chennai,Afternoon,one,Afternoon,Mumbai,Economy,23.58,31,4516
191477,SpiceJet,SG-520,Chennai,Afternoon,one,Evening,Mumbai,Economy,3.67,31,6090
191524,SpiceJet,SG-678,Chennai,Early_Morning,zero,Morning,Mumbai,Economy,1.92,32,3000
191528,SpiceJet,SG-612,Chennai,Night,zero,Night,Mumbai,Economy,2.0,32,3000
191658,SpiceJet,SG-678,Chennai,Early_Morning,zero,Morning,Mumbai,Economy,1.92,33,3000
191663,SpiceJet,SG-612,Chennai,Night,zero,Night,Mumbai,Economy,2.0,33,3000
191681,SpiceJet,SG-520,Chennai,Afternoon,one,Early_Morning,Mumbai,Economy,15.5,33,4103
191695,SpiceJet,SG-520,Chennai,Afternoon,one,Evening,Mumbai,Economy,3.67,33,4306
191720,SpiceJet,SG-520,Chennai,Afternoon,one,Afternoon,Mumbai,Economy,23.58,33,4516
191804,SpiceJet,SG-678,Chennai,Early_Morning,zero,Morning,Mumbai,Economy,1.92,34,3000
191808,SpiceJet,SG-612,Chennai,Night,zero,Night,Mumbai,Economy,2.0,34,3000
191917,SpiceJet,SG-678,Chennai,Early_Morning,zero,Morning,Mumbai,Economy,1.92,35,3000
191921,SpiceJet,SG-612,Chennai,Night,zero,Night,Mumbai,Economy,2.0,35,3000
191997,SpiceJet,SG-520,Chennai,Afternoon,one,Evening,Mumbai,Economy,3.67,35,4627
191998,SpiceJet,SG-520,Chennai,Afternoon,one,Early_Morning,Mumbai,Economy,15.5,35,4627
191999,SpiceJet,SG-520,Chennai,Afternoon,one,Afternoon,Mumbai,Economy,23.58,35,4627
192061,SpiceJet,SG-678,Chennai,Early_Morning,zero,Morning,Mumbai,Economy,1.92,36,3000
192064,SpiceJet,SG-612,Chennai,Night,zero,Night,Mumbai,Economy,2.0,36,3000
192192,SpiceJet,SG-678,Chennai,Early_Morning,zero,Morning,Mumbai,Economy,1.92,37,3000
192194,SpiceJet,SG-612,Chennai,Night,zero,Night,Mumbai,Economy,2.0,37,3000
192235,SpiceJet,SG-520,Chennai,Afternoon,one,Early_Morning,Mumbai,Economy,15.5,37,4096
192237,SpiceJet,SG-520,Chennai,Afternoon,one,Evening,Mumbai,Economy,3.67,37,4306
192292,SpiceJet,SG-520,Chennai,Afternoon,one,Afternoon,Mumbai,Economy,23.58,37,9136
192322,SpiceJet,SG-678,Chennai,Early_Morning,zero,Morning,Mumbai,Economy,1.92,38,3000
192324,SpiceJet,SG-612,Chennai,Night,zero,Night,Mumbai,Economy,2.0,38,3000
192356,SpiceJet,SG-520,Chennai,Afternoon,one,Early_Morning,Mumbai,Economy,15.5,38,4726
192426,SpiceJet,SG-520,Chennai,Afternoon,one,Afternoon,Mumbai,Economy,23.58,38,6930
192444,SpiceJet,SG-520,Chennai,Afternoon,one,Evening,Mumbai,Economy,3.67,38,9949
192491,SpiceJet,SG-678,Chennai,Early_Morning,zero,Morning,Mumbai,Economy,1.92,39,3000
192494,SpiceJet,SG-612,Chennai,Night,zero,Night,Mumbai,Economy,2.0,39,3000
192627,SpiceJet,SG-678,Chennai,Early_Morning,zero,Morning,Mumbai,Economy,1.92,40,3000
192631,SpiceJet,SG-612,Chennai,Night,zero,Night,Mumbai,Economy,2.0,40,3000
192640,SpiceJet,SG-520,Chennai,Afternoon,one,Early_Morning,Mumbai,Economy,15.5,40,3893
192647,SpiceJet,SG-520,Chennai,Afternoon,one,Afternoon,Mumbai,Economy,23.58,40,4096
192665,SpiceJet,SG-520,Chennai,Afternoon,one,Evening,Mumbai,Economy,3.67,40,4306
192764,SpiceJet,SG-678,Chennai,Early_Morning,zero,Morning,Mumbai,Economy,1.92,41,3000
192770,SpiceJet,SG-612,Chennai,Night,zero,Night,Mumbai,Economy,2.0,41,3000
192903,SpiceJet,SG-678,Chennai,Early_Morning,zero,Morning,Mumbai,Economy,1.92,42,3000
192906,SpiceJet,SG-612,Chennai,Night,zero,Night,Mumbai,Economy,2.0,42,3000
192918,SpiceJet,SG-520,Chennai,Afternoon,one,Evening,Mumbai,Economy,3.67,42,3893
192919,SpiceJet,SG-520,Chennai,Afternoon,one,Early_Morning,Mumbai,Economy,15.5,42,3893
192920,SpiceJet,SG-520,Chennai,Afternoon,one,Afternoon,Mumbai,Economy,23.58,42,3893
193038,SpiceJet,SG-678,Chennai,Early_Morning,zero,Morning,Mumbai,Economy,1.92,43,3000
193041,SpiceJet,SG-612,Chennai,Night,zero,Night,Mumbai,Economy,2.0,43,3000
193171,SpiceJet,SG-678,Chennai,Early_Morning,zero,Morning,Mumbai,Economy,1.92,44,3000
193174,SpiceJet,SG-612,Chennai,Night,zero,Night,Mumbai,Economy,2.0,44,3000
193177,SpiceJet,SG-4010,Chennai,Morning,one,Morning,Mumbai,Economy,23.92,44,3092
193195,SpiceJet,SG-520,Chennai,Afternoon,one,Evening,Mumbai,Economy,3.67,44,4103
193244,SpiceJet,SG-520,Chennai,Afternoon,one,Afternoon,Mumbai,Economy,23.75,44,5670
193298,SpiceJet,SG-612,Chennai,Night,zero,Night,Mumbai,Economy,1.92,45,3000
193301,SpiceJet,SG-678,Chennai,Early_Morning,zero,Morning,Mumbai,Economy,2.25,45,3000
193416,SpiceJet,SG-612,Chennai,Night,zero,Night,Mumbai,Economy,1.92,46,3000
193421,SpiceJet,SG-678,Chennai,Early_Morning,zero,Morning,Mumbai,Economy,2.25,46,3000
193533,SpiceJet,SG-612,Chennai,Night,zero,Night,Mumbai,Economy,1.92,47,3000
193538,SpiceJet,SG-678,Chennai,Early_Morning,zero,Morning,Mumbai,Economy,2.25,47,3000
193648,SpiceJet,SG-612,Chennai,Night,zero,Night,Mumbai,Economy,1.92,48,3000
193654,SpiceJet,SG-678,Chennai,Early_Morning,zero,Morning,Mumbai,Economy,2.25,48,3000
193761,SpiceJet,SG-612,Chennai,Night,zero,Night,Mumbai,Economy,1.92,49,3000
193764,SpiceJet,SG-678,Chennai,Early_Morning,zero,Morning,Mumbai,Economy,2.25,49,3000
193850,SpiceJet,SG-4010,Chennai,Morning,zero,Morning,Bangalore,Economy,1.33,2,3361
193902,SpiceJet,SG-4010,Chennai,Morning,zero,Morning,Bangalore,Economy,1.33,3,3361
194026,SpiceJet,SG-4010,Chennai,Morning,zero,Morning,Bangalore,Economy,1.33,5,3361
194094,SpiceJet,SG-4010,Chennai,Morning,zero,Morning,Bangalore,Economy,1.33,6,3361
194095,SpiceJet,SG-1032,Chennai,Early_Morning,zero,Morning,Bangalore,Economy,1.33,6,3361
194166,SpiceJet,SG-4010,Chennai,Morning,zero,Morning,Bangalore,Economy,1.33,7,3361
194167,SpiceJet,SG-1032,Chennai,Early_Morning,zero,Morning,Bangalore,Economy,1.33,7,3361
194238,SpiceJet,SG-4010,Chennai,Morning,zero,Morning,Bangalore,Economy,1.33,8,3361
194239,SpiceJet,SG-1032,Chennai,Early_Morning,zero,Morning,Bangalore,Economy,1.33,8,3361
194296,SpiceJet,SG-4010,Chennai,Morning,zero,Morning,Bangalore,Economy,1.33,9,3361
194297,SpiceJet,SG-1032,Chennai,Early_Morning,zero,Morning,Bangalore,Economy,1.33,9,3361
194377,SpiceJet,SG-4010,Chennai,Morning,zero,Morning,Bangalore,Economy,1.33,10,3361
194378,SpiceJet,SG-1032,Chennai,Early_Morning,zero,Morning,Bangalore,Economy,1.33,10,3361
194444,SpiceJet,SG-4010,Chennai,Morning,zero,Morning,Bangalore,Economy,1.33,11,3361
194445,SpiceJet,SG-1032,Chennai,Early_Morning,zero,Morning,Bangalore,Economy,1.33,11,3361
194520,SpiceJet,SG-4010,Chennai,Morning,zero,Morning,Bangalore,Economy,1.33,12,3361
194521,SpiceJet,SG-1032,Chennai,Early_Morning,zero,Morning,Bangalore,Economy,1.33,12,3361
194593,SpiceJet,SG-1032,Chennai,Early_Morning,zero,Morning,Bangalore,Economy,1.33,13,3361
194594,SpiceJet,SG-4010,Chennai,Morning,zero,Morning,Bangalore,Economy,1.33,13,3361
194668,SpiceJet,SG-4010,Chennai,Morning,zero,Morning,Bangalore,Economy,1.33,14,3361
194669,SpiceJet,SG-1032,Chennai,Early_Morning,zero,Morning,Bangalore,Economy,1.33,14,3361
194748,SpiceJet,SG-4010,Chennai,Morning,zero,Morning,Bangalore,Economy,1.33,15,3361
194749,SpiceJet,SG-1032,Chennai,Early_Morning,zero,Morning,Bangalore,Economy,1.33,15,3361
194834,SpiceJet,SG-1032,Chennai,Early_Morning,zero,Morning,Bangalore,Economy,1.33,16,1996
194835,SpiceJet,SG-4010,Chennai,Morning,zero,Morning,Bangalore,Economy,1.33,16,1996
194921,SpiceJet,SG-1032,Chennai,Early_Morning,zero,Morning,Bangalore,Economy,1.33,17,1996
194922,SpiceJet,SG-4010,Chennai,Morning,zero,Morning,Bangalore,Economy,1.33,17,1996
195007,SpiceJet,SG-1032,Chennai,Early_Morning,zero,Morning,Bangalore,Economy,1.33,18,1996
195008,SpiceJet,SG-4010,Chennai,Morning,zero,Morning,Bangalore,Economy,1.33,18,1996
195093,SpiceJet,SG-4010,Chennai,Morning,zero,Morning,Bangalore,Economy,1.33,19,1996
195178,SpiceJet,SG-4010,Chennai,Morning,zero,Morning,Bangalore,Economy,1.33,20,1996
195256,SpiceJet,SG-4010,Chennai,Morning,zero,Morning,Bangalore,Economy,1.33,21,1996
195351,SpiceJet,SG-4010,Chennai,Morning,zero,Morning,Bangalore,Economy,1.33,22,1996
195440,SpiceJet,SG-4010,Chennai,Morning,zero,Morning,Bangalore,Economy,1.33,23,1996
195524,SpiceJet,SG-4010,Chennai,Morning,zero,Morning,Bangalore,Economy,1.33,24,1996
195609,SpiceJet,SG-4010,Chennai,Morning,zero,Morning,Bangalore,Economy,1.33,25,1996
195697,SpiceJet,SG-4010,Chennai,Morning,zero,Morning,Bangalore,Economy,1.33,26,1996
195784,SpiceJet,SG-4010,Chennai,Morning,zero,Morning,Bangalore,Economy,1.33,27,1996
195871,SpiceJet,SG-4010,Chennai,Morning,zero,Morning,Bangalore,Economy,1.33,28,1996
195965,SpiceJet,SG-4010,Chennai,Morning,zero,Morning,Bangalore,Economy,1.33,29,1996
196053,SpiceJet,SG-4010,Chennai,Morning,zero,Morning,Bangalore,Economy,1.33,30,1996
196137,SpiceJet,SG-4010,Chennai,Morning,zero,Morning,Bangalore,Economy,1.33,31,1444
196224,SpiceJet,SG-4010,Chennai,Morning,zero,Morning,Bangalore,Economy,1.33,32,1444
196310,SpiceJet,SG-4010,Chennai,Morning,zero,Morning,Bangalore,Economy,1.33,33,1444
196396,SpiceJet,SG-4010,Chennai,Morning,zero,Morning,Bangalore,Economy,1.33,34,1444
196482,SpiceJet,SG-4010,Chennai,Morning,zero,Morning,Bangalore,Economy,1.33,35,1444
196576,SpiceJet,SG-4010,Chennai,Morning,zero,Morning,Bangalore,Economy,1.33,36,1444
196664,SpiceJet,SG-4010,Chennai,Morning,zero,Morning,Bangalore,Economy,1.33,37,1444
196748,SpiceJet,SG-4010,Chennai,Morning,zero,Morning,Bangalore,Economy,1.33,38,1444
196837,SpiceJet,SG-4010,Chennai,Morning,zero,Morning,Bangalore,Economy,1.33,39,1444
196923,SpiceJet,SG-4010,Chennai,Morning,zero,Morning,Bangalore,Economy,1.33,40,1444
197009,SpiceJet,SG-4010,Chennai,Morning,zero,Morning,Bangalore,Economy,1.33,41,1444
197094,SpiceJet,SG-4010,Chennai,Morning,zero,Morning,Bangalore,Economy,1.33,42,1444
197187,SpiceJet,SG-4010,Chennai,Morning,zero,Morning,Bangalore,Economy,1.33,43,1444
197278,SpiceJet,SG-4010,Chennai,Morning,zero,Morning,Bangalore,Economy,1.33,44,1444
197813,SpiceJet,SG-388,Chennai,Evening,zero,Night,Kolkata,Economy,2.42,2,5147
197845,SpiceJet,SG-731,Chennai,Early_Morning,one,Night,Kolkata,Economy,14.5,2,20478
197867,SpiceJet,SG-388,Chennai,Evening,zero,Night,Kolkata,Economy,2.42,3,5041
197870,SpiceJet,SG-4010,Chennai,Morning,one,Morning,Kolkata,Economy,24.17,3,5041
197893,SpiceJet,SG-731,Chennai,Early_Morning,one,Night,Kolkata,Economy,14.5,3,12603
197943,SpiceJet,SG-388,Chennai,Evening,zero,Night,Kolkata,Economy,2.42,4,5041
197944,SpiceJet,SG-731,Chennai,Early_Morning,zero,Morning,Kolkata,Economy,2.5,4,5041
198032,SpiceJet,SG-5068,Chennai,Evening,zero,Night,Kolkata,Economy,2.42,5,5041
198033,SpiceJet,SG-388,Chennai,Evening,zero,Night,Kolkata,Economy,2.42,5,5041
198038,SpiceJet,SG-731,Chennai,Early_Morning,one,Night,Kolkata,Economy,14.5,5,5041
198039,SpiceJet,SG-4010,Chennai,Morning,one,Morning,Kolkata,Economy,24.17,5,5041
198108,SpiceJet,SG-5068,Chennai,Evening,zero,Night,Kolkata,Economy,2.42,6,5041
198109,SpiceJet,SG-388,Chennai,Evening,zero,Night,Kolkata,Economy,2.42,6,5041
198110,SpiceJet,SG-731,Chennai,Early_Morning,zero,Morning,Kolkata,Economy,2.5,6,5041
198114,SpiceJet,SG-4010,Chennai,Morning,one,Evening,Kolkata,Economy,11.58,6,5041
198131,SpiceJet,SG-6016,Chennai,Early_Morning,zero,Morning,Kolkata,Economy,2.5,6,8297
198201,SpiceJet,SG-388,Chennai,Evening,zero,Night,Kolkata,Economy,2.42,7,5041
198204,SpiceJet,SG-731,Chennai,Early_Morning,one,Night,Kolkata,Economy,14.5,7,5041
198205,SpiceJet,SG-4010,Chennai,Morning,one,Morning,Kolkata,Economy,24.17,7,5041
198295,SpiceJet,SG-388,Chennai,Evening,zero,Night,Kolkata,Economy,2.42,8,5041
198296,SpiceJet,SG-731,Chennai,Early_Morning,zero,Morning,Kolkata,Economy,2.5,8,5041
198300,SpiceJet,SG-4010,Chennai,Morning,one,Evening,Kolkata,Economy,11.58,8,5041
198390,SpiceJet,SG-388,Chennai,Evening,zero,Night,Kolkata,Economy,2.42,9,5041
198393,SpiceJet,SG-731,Chennai,Early_Morning,one,Night,Kolkata,Economy,14.5,9,5041
198480,SpiceJet,SG-5068,Chennai,Evening,zero,Night,Kolkata,Economy,2.42,10,5041
198481,SpiceJet,SG-388,Chennai,Evening,zero,Night,Kolkata,Economy,2.42,10,5041
198486,SpiceJet,SG-731,Chennai,Early_Morning,one,Night,Kolkata,Economy,14.5,10,5041
198487,SpiceJet,SG-4010,Chennai,Morning,one,Morning,Kolkata,Economy,24.17,10,5041
198578,SpiceJet,SG-5068,Chennai,Evening,zero,Night,Kolkata,Economy,2.42,11,5041
198579,SpiceJet,SG-388,Chennai,Evening,zero,Night,Kolkata,Economy,2.42,11,5041
198580,SpiceJet,SG-731,Chennai,Early_Morning,zero,Morning,Kolkata,Economy,2.5,11,5041
198592,SpiceJet,SG-4010,Chennai,Morning,one,Evening,Kolkata,Economy,11.58,11,5041
198617,SpiceJet,SG-6016,Chennai,Early_Morning,zero,Morning,Kolkata,Economy,2.5,11,8297
198686,SpiceJet,SG-5068,Chennai,Evening,zero,Night,Kolkata,Economy,2.42,12,5041
198687,SpiceJet,SG-388,Chennai,Evening,zero,Night,Kolkata,Economy,2.42,12,5041
198701,SpiceJet,SG-731,Chennai,Early_Morning,one,Night,Kolkata,Economy,14.5,12,5041
198702,SpiceJet,SG-4010,Chennai,Morning,one,Morning,Kolkata,Economy,24.17,12,5041
198797,SpiceJet,SG-5068,Chennai,Evening,zero,Night,Kolkata,Economy,2.42,13,5041
198798,SpiceJet,SG-388,Chennai,Evening,zero,Night,Kolkata,Economy,2.42,13,5041
198799,SpiceJet,SG-731,Chennai,Early_Morning,zero,Morning,Kolkata,Economy,2.5,13,5041
198809,SpiceJet,SG-4010,Chennai,Morning,one,Evening,Kolkata,Economy,11.58,13,5041
198841,SpiceJet,SG-6016,Chennai,Early_Morning,zero,Morning,Kolkata,Economy,2.5,13,8297
198909,SpiceJet,SG-5068,Chennai,Evening,zero,Night,Kolkata,Economy,2.42,14,5041
198910,SpiceJet,SG-388,Chennai,Evening,zero,Night,Kolkata,Economy,2.42,14,5041
198920,SpiceJet,SG-731,Chennai,Early_Morning,one,Night,Kolkata,Economy,14.5,14,5041
198921,SpiceJet,SG-4010,Chennai,Morning,one,Morning,Kolkata,Economy,24.17,14,5041
199022,SpiceJet,SG-388,Chennai,Evening,zero,Night,Kolkata,Economy,2.42,15,5041
199023,SpiceJet,SG-731,Chennai,Early_Morning,zero,Morning,Kolkata,Economy,2.5,15,5041
199034,SpiceJet,SG-4010,Chennai,Morning,one,Evening,Kolkata,Economy,11.58,15,5041
199053,SpiceJet,SG-6016,Chennai,Early_Morning,zero,Morning,Kolkata,Economy,2.5,15,8297
199144,SpiceJet,SG-5068,Chennai,Evening,zero,Night,Kolkata,Economy,2.42,16,4620
199145,SpiceJet,SG-388,Chennai,Evening,zero,Night,Kolkata,Economy,2.42,16,4620
199161,SpiceJet,SG-731,Chennai,Early_Morning,one,Night,Kolkata,Economy,14.5,16,5518
199247,SpiceJet,SG-4010,Chennai,Morning,one,Morning,Kolkata,Economy,24.17,17,3945
199252,SpiceJet,SG-388,Chennai,Evening,zero,Night,Kolkata,Economy,2.42,17,4620
199270,SpiceJet,SG-731,Chennai,Early_Morning,one,Night,Kolkata,Economy,14.5,17,5518
199360,SpiceJet,SG-4010,Chennai,Morning,one,Evening,Kolkata,Economy,11.58,18,3945
199361,SpiceJet,SG-4010,Chennai,Morning,one,Morning,Kolkata,Economy,24.17,18,3945
199368,SpiceJet,SG-5068,Chennai,Evening,zero,Night,Kolkata,Economy,2.42,18,4620
199369,SpiceJet,SG-388,Chennai,Evening,zero,Night,Kolkata,Economy,2.42,18,4620
199370,SpiceJet,SG-731,Chennai,Early_Morning,zero,Morning,Kolkata,Economy,2.5,18,4620
199481,SpiceJet,SG-388,Chennai,Evening,zero,Night,Kolkata,Economy,2.42,19,4620
199486,SpiceJet,SG-4010,Chennai,Morning,one,Evening,Kolkata,Economy,11.58,19,4547
199487,SpiceJet,SG-4010,Chennai,Morning,one,Morning,Kolkata,Economy,24.17,19,4547
199591,SpiceJet,SG-388,Chennai,Evening,zero,Night,Kolkata,Economy,2.42,20,4620
199592,SpiceJet,SG-731,Chennai,Early_Morning,zero,Morning,Kolkata,Economy,2.5,20,4620
199594,SpiceJet,SG-4010,Chennai,Morning,one,Evening,Kolkata,Economy,11.58,20,4547
199595,SpiceJet,SG-4010,Chennai,Morning,one,Morning,Kolkata,Economy,24.17,20,4547
199704,SpiceJet,SG-388,Chennai,Evening,zero,Night,Kolkata,Economy,2.42,21,4620
199709,SpiceJet,SG-4010,Chennai,Morning,one,Evening,Kolkata,Economy,11.58,21,4547
199710,SpiceJet,SG-4010,Chennai,Morning,one,Morning,Kolkata,Economy,24.17,21,4547
199813,SpiceJet,SG-388,Chennai,Evening,zero,Night,Kolkata,Economy,2.42,22,4620
199814,SpiceJet,SG-731,Chennai,Early_Morning,zero,Morning,Kolkata,Economy,2.5,22,4620
199819,SpiceJet,SG-4010,Chennai,Morning,one,Evening,Kolkata,Economy,11.58,22,4547
199820,SpiceJet,SG-4010,Chennai,Morning,one,Morning,Kolkata,Economy,24.17,22,4547
199927,SpiceJet,SG-388,Chennai,Evening,zero,Night,Kolkata,Economy,2.42,23,4620
199928,SpiceJet,SG-4010,Chennai,Morning,one,Evening,Kolkata,Economy,11.58,23,4547
199929,SpiceJet,SG-4010,Chennai,Morning,one,Morning,Kolkata,Economy,24.17,23,4547
200033,SpiceJet,SG-388,Chennai,Evening,zero,Night,Kolkata,Economy,2.42,24,4620
200034,SpiceJet,SG-4010,Chennai,Morning,one,Evening,Kolkata,Economy,11.58,24,4547
200035,SpiceJet,SG-4010,Chennai,Morning,one,Morning,Kolkata,Economy,24.17,24,4547
200147,SpiceJet,SG-388,Chennai,Evening,zero,Night,Kolkata,Economy,2.42,25,4620
200148,SpiceJet,SG-731,Chennai,Early_Morning,zero,Morning,Kolkata,Economy,2.5,25,4620
200156,SpiceJet,SG-4010,Chennai,Morning,one,Evening,Kolkata,Economy,11.58,25,4547
200157,SpiceJet,SG-4010,Chennai,Morning,one,Morning,Kolkata,Economy,24.17,25,4547
200264,SpiceJet,SG-388,Chennai,Evening,zero,Night,Kolkata,Economy,2.42,26,4620
200276,SpiceJet,SG-4010,Chennai,Morning,one,Evening,Kolkata,Economy,11.58,26,4547
200277,SpiceJet,SG-4010,Chennai,Morning,one,Morning,Kolkata,Economy,24.17,26,4547
200377,SpiceJet,SG-388,Chennai,Evening,zero,Night,Kolkata,Economy,2.42,27,4620
200378,SpiceJet,SG-731,Chennai,Early_Morning,zero,Morning,Kolkata,Economy,2.5,27,4620
200383,SpiceJet,SG-4010,Chennai,Morning,one,Evening,Kolkata,Economy,11.58,27,4547
200384,SpiceJet,SG-4010,Chennai,Morning,one,Morning,Kolkata,Economy,24.17,27,4547
200485,SpiceJet,SG-388,Chennai,Evening,zero,Night,Kolkata,Economy,2.42,28,4620
200490,SpiceJet,SG-4010,Chennai,Morning,one,Evening,Kolkata,Economy,11.58,28,4547
200491,SpiceJet,SG-4010,Chennai,Morning,one,Morning,Kolkata,Economy,24.17,28,4547
200596,SpiceJet,SG-388,Chennai,Evening,zero,Night,Kolkata,Economy,2.42,30,4620
200599,SpiceJet,SG-4010,Chennai,Morning,one,Evening,Kolkata,Economy,11.58,30,4547
200607,SpiceJet,SG-4010,Chennai,Morning,one,Morning,Kolkata,Economy,24.17,30,4831
200712,SpiceJet,SG-388,Chennai,Evening,zero,Night,Kolkata,Economy,2.42,31,2673
200729,SpiceJet,SG-4010,Chennai,Morning,one,Morning,Kolkata,Economy,24.17,31,4281
200735,SpiceJet,SG-4010,Chennai,Morning,one,Evening,Kolkata,Economy,11.58,31,4485
200811,SpiceJet,SG-731,Chennai,Early_Morning,zero,Morning,Kolkata,Economy,2.5,32,2359
200825,SpiceJet,SG-388,Chennai,Evening,zero,Night,Kolkata,Economy,2.42,32,2673
200850,SpiceJet,SG-4010,Chennai,Morning,one,Evening,Kolkata,Economy,11.58,32,4485
200851,SpiceJet,SG-4010,Chennai,Morning,one,Morning,Kolkata,Economy,24.17,32,4485
200943,SpiceJet,SG-388,Chennai,Evening,zero,Night,Kolkata,Economy,2.42,33,2673
200966,SpiceJet,SG-4010,Chennai,Morning,one,Morning,Kolkata,Economy,24.17,33,4485
200975,SpiceJet,SG-4010,Chennai,Morning,one,Evening,Kolkata,Economy,11.58,33,4799
201051,SpiceJet,SG-388,Chennai,Evening,zero,Night,Kolkata,Economy,2.42,34,2673
201053,SpiceJet,SG-731,Chennai,Early_Morning,zero,Morning,Kolkata,Economy,2.5,34,2987
201069,SpiceJet,SG-4010,Chennai,Morning,one,Morning,Kolkata,Economy,24.17,34,4485
201084,SpiceJet,SG-4010,Chennai,Morning,one,Evening,Kolkata,Economy,11.58,34,4799
201148,SpiceJet,SG-731,Chennai,Early_Morning,zero,Morning,Kolkata,Economy,2.5,36,2359
201155,SpiceJet,SG-388,Chennai,Evening,zero,Night,Kolkata,Economy,2.42,36,2673
201162,SpiceJet,SG-4010,Chennai,Morning,one,Morning,Kolkata,Economy,24.17,36,4281
201188,SpiceJet,SG-4010,Chennai,Morning,one,Evening,Kolkata,Economy,11.58,36,4799
201267,SpiceJet,SG-388,Chennai,Evening,zero,Night,Kolkata,Economy,2.42,37,2673
201281,SpiceJet,SG-4010,Chennai,Morning,one,Morning,Kolkata,Economy,24.17,37,4281
201284,SpiceJet,SG-4010,Chennai,Morning,one,Evening,Kolkata,Economy,11.58,37,4485
201377,SpiceJet,SG-388,Chennai,Evening,zero,Night,Kolkata,Economy,2.42,38,2673
201387,SpiceJet,SG-4010,Chennai,Morning,one,Morning,Kolkata,Economy,24.17,38,4281
201389,SpiceJet,SG-4010,Chennai,Morning,one,Evening,Kolkata,Economy,11.58,38,4485
201481,SpiceJet,SG-388,Chennai,Evening,zero,Night,Kolkata,Economy,2.42,39,2359
201483,SpiceJet,SG-731,Chennai,Early_Morning,zero,Morning,Kolkata,Economy,2.5,39,2359
201516,SpiceJet,SG-4010,Chennai,Morning,one,Morning,Kolkata,Economy,24.17,39,4281
201520,SpiceJet,SG-4010,Chennai,Morning,one,Evening,Kolkata,Economy,11.58,39,4485
201596,SpiceJet,SG-388,Chennai,Evening,zero,Night,Kolkata,Economy,2.42,40,2359
201637,SpiceJet,SG-4010,Chennai,Morning,one,Morning,Kolkata,Economy,24.17,40,4281
201649,SpiceJet,SG-4010,Chennai,Morning,one,Evening,Kolkata,Economy,11.58,40,4485
201711,SpiceJet,SG-388,Chennai,Evening,zero,Night,Kolkata,Economy,2.42,41,2359
201713,SpiceJet,SG-731,Chennai,Early_Morning,zero,Morning,Kolkata,Economy,2.5,41,2359
201750,SpiceJet,SG-4010,Chennai,Morning,one,Morning,Kolkata,Economy,24.17,41,4281
201762,SpiceJet,SG-4010,Chennai,Morning,one,Evening,Kolkata,Economy,11.58,41,4485
201825,SpiceJet,SG-388,Chennai,Evening,zero,Night,Kolkata,Economy,2.42,42,2359
201858,SpiceJet,SG-4010,Chennai,Morning,one,Morning,Kolkata,Economy,24.17,42,4281
201869,SpiceJet,SG-4010,Chennai,Morning,one,Evening,Kolkata,Economy,11.58,42,4485
201939,SpiceJet,SG-731,Chennai,Early_Morning,zero,Morning,Kolkata,Economy,2.5,43,2359
201948,SpiceJet,SG-388,Chennai,Evening,zero,Night,Kolkata,Economy,2.42,43,2673
201972,SpiceJet,SG-4010,Chennai,Morning,one,Morning,Kolkata,Economy,24.17,43,4281
201980,SpiceJet,SG-4010,Chennai,Morning,one,Evening,Kolkata,Economy,11.58,43,4485
202067,SpiceJet,SG-388,Chennai,Evening,zero,Night,Kolkata,Economy,2.42,44,2673
202084,SpiceJet,SG-4010,Chennai,Morning,one,Morning,Kolkata,Economy,24.08,44,4281
202092,SpiceJet,SG-4010,Chennai,Morning,one,Evening,Kolkata,Economy,11.58,44,4485
202278,SpiceJet,SG-388,Chennai,Early_Morning,zero,Morning,Kolkata,Economy,2.0,46,2673
202475,SpiceJet,SG-388,Chennai,Early_Morning,zero,Morning,Kolkata,Economy,2.0,48,2673
202657,SpiceJet,SG-4010,Chennai,Morning,one,Evening,Hyderabad,Economy,10.17,2,4307
202658,SpiceJet,SG-4010,Chennai,Morning,one,Morning,Hyderabad,Economy,24.08,2,4307
202661,SpiceJet,SG-731,Chennai,Early_Morning,zero,Early_Morning,Hyderabad,Economy,1.25,2,5671
202711,SpiceJet,SG-731,Chennai,Early_Morning,zero,Early_Morning,Hyderabad,Economy,1.25,3,4202
202715,SpiceJet,SG-4010,Chennai,Morning,one,Evening,Hyderabad,Economy,10.17,3,4202
202791,SpiceJet,SG-4010,Chennai,Morning,one,Morning,Hyderabad,Economy,24.08,4,7615
202840,SpiceJet,SG-6017,Chennai,Early_Morning,zero,Early_Morning,Hyderabad,Economy,1.25,5,4202
202841,SpiceJet,SG-731,Chennai,Early_Morning,zero,Early_Morning,Hyderabad,Economy,1.25,5,4202
202849,SpiceJet,SG-4010,Chennai,Morning,one,Evening,Hyderabad,Economy,10.17,5,4202
202929,SpiceJet,SG-4010,Chennai,Morning,one,Morning,Hyderabad,Economy,24.08,6,4202
203003,SpiceJet,SG-6017,Chennai,Early_Morning,zero,Early_Morning,Hyderabad,Economy,1.25,7,4202
203004,SpiceJet,SG-731,Chennai,Early_Morning,zero,Early_Morning,Hyderabad,Economy,1.25,7,4202
203019,SpiceJet,SG-4010,Chennai,Morning,one,Evening,Hyderabad,Economy,10.17,7,4202
203093,SpiceJet,SG-4010,Chennai,Morning,one,Morning,Hyderabad,Economy,24.08,8,4202
203174,SpiceJet,SG-731,Chennai,Early_Morning,zero,Early_Morning,Hyderabad,Economy,1.25,9,4202
203177,SpiceJet,SG-6017,Chennai,Early_Morning,zero,Early_Morning,Hyderabad,Economy,1.25,9,4202
203190,SpiceJet,SG-4010,Chennai,Morning,one,Evening,Hyderabad,Economy,10.17,9,4202
203191,SpiceJet,SG-4010,Chennai,Morning,one,Morning,Hyderabad,Economy,24.08,9,4202
203267,SpiceJet,SG-731,Chennai,Early_Morning,zero,Early_Morning,Hyderabad,Economy,1.25,10,4202
203270,SpiceJet,SG-6017,Chennai,Early_Morning,zero,Early_Morning,Hyderabad,Economy,1.25,10,4202
203279,SpiceJet,SG-4010,Chennai,Morning,one,Evening,Hyderabad,Economy,10.17,10,4202
203379,SpiceJet,SG-4010,Chennai,Morning,one,Morning,Hyderabad,Economy,24.08,11,4202
203441,SpiceJet,SG-731,Chennai,Early_Morning,zero,Early_Morning,Hyderabad,Economy,1.25,12,4202
203446,SpiceJet,SG-6017,Chennai,Early_Morning,zero,Early_Morning,Hyderabad,Economy,1.25,12,4202
203463,SpiceJet,SG-4010,Chennai,Morning,one,Evening,Hyderabad,Economy,10.17,12,4202
203559,SpiceJet,SG-4010,Chennai,Morning,one,Morning,Hyderabad,Economy,24.08,13,4202
203626,SpiceJet,SG-731,Chennai,Early_Morning,zero,Early_Morning,Hyderabad,Economy,1.25,14,4202
203630,SpiceJet,SG-6017,Chennai,Early_Morning,zero,Early_Morning,Hyderabad,Economy,1.25,14,4202
203644,SpiceJet,SG-4010,Chennai,Morning,one,Evening,Hyderabad,Economy,10.17,14,4202
203732,SpiceJet,SG-4010,Chennai,Morning,one,Morning,Hyderabad,Economy,24.08,15,4202
203814,SpiceJet,SG-6017,Chennai,Early_Morning,zero,Early_Morning,Hyderabad,Economy,1.25,16,1996
203815,SpiceJet,SG-731,Chennai,Early_Morning,zero,Early_Morning,Hyderabad,Economy,1.25,16,1996
203819,SpiceJet,SG-4010,Chennai,Morning,one,Evening,Hyderabad,Economy,10.17,16,2491
203820,SpiceJet,SG-4010,Chennai,Morning,one,Morning,Hyderabad,Economy,24.08,16,2491
203916,SpiceJet,SG-6017,Chennai,Early_Morning,zero,Early_Morning,Hyderabad,Economy,1.25,17,1996
203917,SpiceJet,SG-731,Chennai,Early_Morning,zero,Early_Morning,Hyderabad,Economy,1.25,17,1996
203920,SpiceJet,SG-4010,Chennai,Morning,one,Evening,Hyderabad,Economy,10.17,17,2491
204105,SpiceJet,SG-731,Chennai,Early_Morning,zero,Early_Morning,Hyderabad,Economy,1.25,19,1996
204293,SpiceJet,SG-731,Chennai,Early_Morning,zero,Early_Morning,Hyderabad,Economy,1.25,21,1996
204476,SpiceJet,SG-731,Chennai,Early_Morning,zero,Early_Morning,Hyderabad,Economy,1.25,24,1996
204659,SpiceJet,SG-731,Chennai,Early_Morning,zero,Early_Morning,Hyderabad,Economy,1.25,26,1996
204749,SpiceJet,SG-731,Chennai,Early_Morning,zero,Early_Morning,Hyderabad,Economy,1.25,28,1996
204928,SpiceJet,SG-731,Chennai,Early_Morning,zero,Early_Morning,Hyderabad,Economy,1.25,30,1996
205008,SpiceJet,SG-731,Chennai,Early_Morning,zero,Early_Morning,Hyderabad,Economy,1.25,31,1106
205192,SpiceJet,SG-731,Chennai,Early_Morning,zero,Early_Morning,Hyderabad,Economy,1.25,33,1106
205378,SpiceJet,SG-731,Chennai,Early_Morning,zero,Early_Morning,Hyderabad,Economy,1.25,35,1106
205560,SpiceJet,SG-731,Chennai,Early_Morning,zero,Early_Morning,Hyderabad,Economy,1.25,37,1551
205644,SpiceJet,SG-731,Chennai,Early_Morning,zero,Early_Morning,Hyderabad,Economy,1.25,38,1106
205822,SpiceJet,SG-731,Chennai,Early_Morning,zero,Early_Morning,Hyderabad,Economy,1.25,40,1106
206005,SpiceJet,SG-731,Chennai,Early_Morning,zero,Early_Morning,Hyderabad,Economy,1.25,42,1106
206184,SpiceJet,SG-731,Chennai,Early_Morning,zero,Early_Morning,Hyderabad,Economy,1.25,44,1106
